[HEADLESS] dark_fantasy_gallery_test.gd
GALLERY FACTORY CHECK: sanctuary_warden
GALLERY FACTORY CHECK: ossuary_keeper
WARNING: Adding 'FJ2772' as child to 'HeadPivot' will make owner 'AnatomicalSkeleton3D' inconsistent. Consider unsetting the owner beforehand.
     at: add_child (scene/main/node.cpp:1728)
     GDScript backtrace (most recent call first):
         [0] _build_reference_skeleton_rig (res://scripts/enemy.gd:235)
         [1] _build_body (res://scripts/enemy.gd:121)
         [2] build_object (res://scripts/dark_fantasy_object_catalog.gd:38)
         [3] select_object (res://scripts/dark_fantasy_gallery.gd:158)
         [4] _run (res://tests/dark_fantasy_gallery_test.gd:38)
WARNING: Adding 'FJ3152' as child to 'PelvisPivot' will make owner 'AnatomicalSkeleton3D' inconsistent. Consider unsetting the owner beforehand.
     at: add_child (scene/main/node.cpp:1728)
     GDScript backtrace (most recent call first):
         [0] _build_reference_skeleton_rig (res://scripts/enemy.gd:235)
         [1] _build_body (res://scripts/enemy.gd:121)
         [2] build_object (res://scripts/dark_fantasy_object_catalog.gd:38)
         [3] select_object (res://scripts/dark_fantasy_gallery.gd:158)
         [4] _run (res://tests/dark_fantasy_gallery_test.gd:38)
WARNING: Adding 'FJ3153' as child to 'TorsoPivot' will make owner 'AnatomicalSkeleton3D' inconsistent. Consider unsetting the owner beforehand.
     at: add_child (scene/main/node.cpp:1728)
     GDScript backtrace (most recent call first):
         [0] _build_reference_skeleton_rig (res://scripts/enemy.gd:235)
         [1] _build_body (res://scripts/enemy.gd:121)
         [2] build_object (res://scripts/dark_fantasy_object_catalog.gd:38)
         [3] select_object (res://scripts/dark_fantasy_gallery.gd:158)
         [4] _run (res://tests/dark_fantasy_gallery_test.gd:38)
WARNING: Adding 'FJ3154' as child to 'TorsoPivot' will make owner 'AnatomicalSkeleton3D' inconsistent. Consider unsetting the owner beforehand.
     at: add_child (scene/main/node.cpp:1728)
     GDScript backtrace (most recent call first):
         [0] _build_reference_skeleton_rig (res://scripts/enemy.gd:235)
         [1] _build_body (res://scripts/enemy.gd:121)
         [2] build_object (res://scripts/dark_fantasy_object_catalog.gd:38)
         [3] select_object (res://scripts/dark_fantasy_gallery.gd:158)
         [4] _run (res://tests/dark_fantasy_gallery_test.gd:38)
WARNING: Adding 'FJ3155' as child to 'TorsoPivot' will make owner 'AnatomicalSkeleton3D' inconsistent. Consider unsetting the owner beforehand.
     at: add_child (scene/main/node.cpp:1728)
     GDScript backtrace (most recent call first):
         [0] _build_reference_skeleton_rig (res://scripts/enemy.gd:235)
         [1] _build_body (res://scripts/enemy.gd:121)
         [2] build_object (res://scripts/dark_fantasy_object_catalog.gd:38)
         [3] select_object (res://scripts/dark_fantasy_gallery.gd:158)
         [4] _run (res://tests/dark_fantasy_gallery_test.gd:38)
WARNING: Adding 'FJ3156' as child to 'TorsoPivot' will make owner 'AnatomicalSkeleton3D' inconsistent. Consider unsetting the owner beforehand.
     at: add_child (scene/main/node.cpp:1728)
     GDScript backtrace (most recent call first):
         [0] _build_reference_skeleton_rig (res://scripts/enemy.gd:235)
         [1] _build_body (res://scripts/enemy.gd:121)
         [2] build_object (res://scripts/dark_fantasy_object_catalog.gd:38)
         [3] select_object (res://scripts/dark_fantasy_gallery.gd:158)
         [4] _run (res://tests/dark_fantasy_gallery_test.gd:38)
WARNING: Adding 'FJ3157' as child to 'TorsoPivot' will make owner 'AnatomicalSkeleton3D' inconsistent. Consider unsetting the owner beforehand.
     at: add_child (scene/main/node.cpp:1728)
     GDScript backtrace (most recent call first):
         [0] _build_reference_skeleton_rig (res://scripts/enemy.gd:235)
         [1] _build_body (res://scripts/enemy.gd:121)
         [2] build_object (res://scripts/dark_fantasy_object_catalog.gd:38)
         [3] select_object (res://scripts/dark_fantasy_gallery.gd:158)
         [4] _run (res://tests/dark_fantasy_gallery_test.gd:38)
WARNING: Adding 'FJ3158' as child to 'TorsoPivot' will make owner 'AnatomicalSkeleton3D' inconsistent. Consider unsetting the owner beforehand.
     at: add_child (scene/main/node.cpp:1728)
     GDScript backtrace (most recent call first):
         [0] _build_reference_skeleton_rig (res://scripts/enemy.gd:235)
         [1] _build_body (res://scripts/enemy.gd:121)
         [2] build_object (res://scripts/dark_fantasy_object_catalog.gd:38)
         [3] select_object (res://scripts/dark_fantasy_gallery.gd:158)
         [4] _run (res://tests/dark_fantasy_gallery_test.gd:38)
WARNING: Adding 'FJ3159' as child to 'TorsoPivot' will make owner 'AnatomicalSkeleton3D' inconsistent. Consider unsetting the owner beforehand.
     at: add_child (scene/main/node.cpp:1728)
     GDScript backtrace (most recent call first):
         [0] _build_reference_skeleton_rig (res://scripts/enemy.gd:235)
         [1] _build_body (res://scripts/enemy.gd:121)
         [2] build_object (res://scripts/dark_fantasy_object_catalog.gd:38)
         [3] select_object (res://scripts/dark_fantasy_gallery.gd:158)
         [4] _run (res://tests/dark_fantasy_gallery_test.gd:38)
WARNING: Adding 'FJ3160' as child to 'TorsoPivot' will make owner 'AnatomicalSkeleton3D' inconsistent. Consider unsetting the owner beforehand.
     at: add_child (scene/main/node.cpp:1728)
     GDScript backtrace (most recent call first):
         [0] _build_reference_skeleton_rig (res://scripts/enemy.gd:235)
         [1] _build_body (res://scripts/enemy.gd:121)
         [2] build_object (res://scripts/dark_fantasy_object_catalog.gd:38)
         [3] select_object (res://scripts/dark_fantasy_gallery.gd:158)
         [4] _run (res://tests/dark_fantasy_gallery_test.gd:38)
WARNING: Adding 'FJ3161' as child to 'TorsoPivot' will make owner 'AnatomicalSkeleton3D' inconsistent. Consider unsetting the owner beforehand.
     at: add_child (scene/main/node.cpp:1728)
     GDScript backtrace (most recent call first):
         [0] _build_reference_skeleton_rig (res://scripts/enemy.gd:235)
         [1] _build_body (res://scripts/enemy.gd:121)
         [2] build_object (res://scripts/dark_fantasy_object_catalog.gd:38)
         [3] select_object (res://scripts/dark_fantasy_gallery.gd:158)
         [4] _run (res://tests/dark_fantasy_gallery_test.gd:38)
WARNING: Adding 'FJ3162' as child to 'TorsoPivot' will make owner 'AnatomicalSkeleton3D' inconsistent. Consider unsetting the owner beforehand.
     at: add_child (scene/main/node.cpp:1728)
     GDScript backtrace (most recent call first):
         [0] _build_reference_skeleton_rig (res://scripts/enemy.gd:235)
         [1] _build_body (res://scripts/enemy.gd:121)
         [2] build_object (res://scripts/dark_fantasy_object_catalog.gd:38)
         [3] select_object (res://scripts/dark_fantasy_gallery.gd:158)
         [4] _run (res://tests/dark_fantasy_gallery_test.gd:38)
WARNING: Adding 'FJ3163' as child to 'TorsoPivot' will make owner 'AnatomicalSkeleton3D' inconsistent. Consider unsetting the owner beforehand.
     at: add_child (scene/main/node.cpp:1728)
     GDScript backtrace (most recent call first):
         [0] _build_reference_skeleton_rig (res://scripts/enemy.gd:235)
         [1] _build_body (res://scripts/enemy.gd:121)
         [2] build_object (res://scripts/dark_fantasy_object_catalog.gd:38)
         [3] select_object (res://scripts/dark_fantasy_gallery.gd:158)
         [4] _run (res://tests/dark_fantasy_gallery_test.gd:38)
WARNING: Adding 'FJ3164' as child to 'TorsoPivot' will make owner 'AnatomicalSkeleton3D' inconsistent. Consider unsetting the owner beforehand.
     at: add_child (scene/main/node.cpp:1728)
     GDScript backtrace (most recent call first):
         [0] _build_reference_skeleton_rig (res://scripts/enemy.gd:235)
         [1] _build_body (res://scripts/enemy.gd:121)
         [2] build_object (res://scripts/dark_fantasy_object_catalog.gd:38)
         [3] select_object (res://scripts/dark_fantasy_gallery.gd:158)
         [4] _run (res://tests/dark_fantasy_gallery_test.gd:38)
WARNING: Adding 'FJ3165' as child to 'TorsoPivot' will make owner 'AnatomicalSkeleton3D' inconsistent. Consider unsetting the owner beforehand.
     at: add_child (scene/main/node.cpp:1728)
     GDScript backtrace (most recent call first):
         [0] _build_reference_skeleton_rig (res://scripts/enemy.gd:235)
         [1] _build_body (res://scripts/enemy.gd:121)
         [2] build_object (res://scripts/dark_fantasy_object_catalog.gd:38)
         [3] select_object (res://scripts/dark_fantasy_gallery.gd:158)
         [4] _run (res://tests/dark_fantasy_gallery_test.gd:38)
WARNING: Adding 'FJ3166' as child to 'TorsoPivot' will make owner 'AnatomicalSkeleton3D' inconsistent. Consider unsetting the owner beforehand.
     at: add_child (scene/main/node.cpp:1728)
     GDScript backtrace (most recent call first):
         [0] _build_reference_skeleton_rig (res://scripts/enemy.gd:235)
         [1] _build_body (res://scripts/enemy.gd:121)
         [2] build_object (res://scripts/dark_fantasy_object_catalog.gd:38)
         [3] select_object (res://scripts/dark_fantasy_gallery.gd:158)
         [4] _run (res://tests/dark_fantasy_gallery_test.gd:38)
WARNING: Adding 'FJ3167' as child to 'TorsoPivot' will make owner 'AnatomicalSkeleton3D' inconsistent. Consider unsetting the owner beforehand.
     at: add_child (scene/main/node.cpp:1728)
     GDScript backtrace (most recent call first):
         [0] _build_reference_skeleton_rig (res://scripts/enemy.gd:235)
         [1] _build_body (res://scripts/enemy.gd:121)
         [2] build_object (res://scripts/dark_fantasy_object_catalog.gd:38)
         [3] select_object (res://scripts/dark_fantasy_gallery.gd:158)
         [4] _run (res://tests/dark_fantasy_gallery_test.gd:38)
WARNING: Adding 'FJ3168' as child to 'TorsoPivot' will make owner 'AnatomicalSkeleton3D' inconsistent. Consider unsetting the owner beforehand.
     at: add_child (scene/main/node.cpp:1728)
     GDScript backtrace (most recent call first):
         [0] _build_reference_skeleton_rig (res://scripts/enemy.gd:235)
         [1] _build_body (res://scripts/enemy.gd:121)
         [2] build_object (res://scripts/dark_fantasy_object_catalog.gd:38)
         [3] select_object (res://scripts/dark_fantasy_gallery.gd:158)
         [4] _run (res://tests/dark_fantasy_gallery_test.gd:38)
WARNING: Adding 'FJ3169' as child to 'TorsoPivot' will make owner 'AnatomicalSkeleton3D' inconsistent. Consider unsetting the owner beforehand.
     at: add_child (scene/main/node.cpp:1728)
     GDScript backtrace (most recent call first):
         [0] _build_reference_skeleton_rig (res://scripts/enemy.gd:235)
         [1] _build_body (res://scripts/enemy.gd:121)
         [2] build_object (res://scripts/dark_fantasy_object_catalog.gd:38)
         [3] select_object (res://scripts/dark_fantasy_gallery.gd:158)
         [4] _run (res://tests/dark_fantasy_gallery_test.gd:38)
WARNING: Adding 'FJ3170' as child to 'TorsoPivot' will make owner 'AnatomicalSkeleton3D' inconsistent. Consider unsetting the owner beforehand.
     at: add_child (scene/main/node.cpp:1728)
     GDScript backtrace (most recent call first):
         [0] _build_reference_skeleton_rig (res://scripts/enemy.gd:235)
         [1] _build_body (res://scripts/enemy.gd:121)
         [2] build_object (res://scripts/dark_fantasy_object_catalog.gd:38)
         [3] select_object (res://scripts/dark_fantasy_gallery.gd:158)
         [4] _run (res://tests/dark_fantasy_gallery_test.gd:38)
WARNING: Adding 'FJ3171' as child to 'TorsoPivot' will make owner 'AnatomicalSkeleton3D' inconsistent. Consider unsetting the owner beforehand.
     at: add_child (scene/main/node.cpp:1728)
     GDScript backtrace (most recent call first):
         [0] _build_reference_skeleton_rig (res://scripts/enemy.gd:235)
         [1] _build_body (res://scripts/enemy.gd:121)
         [2] build_object (res://scripts/dark_fantasy_object_catalog.gd:38)
         [3] select_object (res://scripts/dark_fantasy_gallery.gd:158)
         [4] _run (res://tests/dark_fantasy_gallery_test.gd:38)
WARNING: Adding 'FJ3172' as child to 'TorsoPivot' will make owner 'AnatomicalSkeleton3D' inconsistent. Consider unsetting the owner beforehand.
     at: add_child (scene/main/node.cpp:1728)
     GDScript backtrace (most recent call first):
         [0] _build_reference_skeleton_rig (res://scripts/enemy.gd:235)
         [1] _build_body (res://scripts/enemy.gd:121)
         [2] build_object (res://scripts/dark_fantasy_object_catalog.gd:38)
         [3] select_object (res://scripts/dark_fantasy_gallery.gd:158)
         [4] _run (res://tests/dark_fantasy_gallery_test.gd:38)
WARNING: Adding 'FJ3173' as child to 'TorsoPivot' will make owner 'AnatomicalSkeleton3D' inconsistent. Consider unsetting the owner beforehand.
     at: add_child (scene/main/node.cpp:1728)
     GDScript backtrace (most recent call first):
         [0] _build_reference_skeleton_rig (res://scripts/enemy.gd:235)
         [1] _build_body (res://scripts/enemy.gd:121)
         [2] build_object (res://scripts/dark_fantasy_object_catalog.gd:38)
         [3] select_object (res://scripts/dark_fantasy_gallery.gd:158)
         [4] _run (res://tests/dark_fantasy_gallery_test.gd:38)
WARNING: Adding 'FJ3174' as child to 'TorsoPivot' will make owner 'AnatomicalSkeleton3D' inconsistent. Consider unsetting the owner beforehand.
     at: add_child (scene/main/node.cpp:1728)
     GDScript backtrace (most recent call first):
         [0] _build_reference_skeleton_rig (res://scripts/enemy.gd:235)
         [1] _build_body (res://scripts/enemy.gd:121)
         [2] build_object (res://scripts/dark_fantasy_object_catalog.gd:38)
         [3] select_object (res://scripts/dark_fantasy_gallery.gd:158)
         [4] _run (res://tests/dark_fantasy_gallery_test.gd:38)
WARNING: Adding 'FJ3175' as child to 'TorsoPivot' will make owner 'AnatomicalSkeleton3D' inconsistent. Consider unsetting the owner beforehand.
     at: add_child (scene/main/node.cpp:1728)
     GDScript backtrace (most recent call first):
         [0] _build_reference_skeleton_rig (res://scripts/enemy.gd:235)
         [1] _build_body (res://scripts/enemy.gd:121)
         [2] build_object (res://scripts/dark_fantasy_object_catalog.gd:38)
         [3] select_object (res://scripts/dark_fantasy_gallery.gd:158)
         [4] _run (res://tests/dark_fantasy_gallery_test.gd:38)
WARNING: Adding 'FJ3176' as child to 'TorsoPivot' will make owner 'AnatomicalSkeleton3D' inconsistent. Consider unsetting the owner beforehand.
     at: add_child (scene/main/node.cpp:1728)
     GDScript backtrace (most recent call first):
         [0] _build_reference_skeleton_rig (res://scripts/enemy.gd:235)
         [1] _build_body (res://scripts/enemy.gd:121)
         [2] build_object (res://scripts/dark_fantasy_object_catalog.gd:38)
         [3] select_object (res://scripts/dark_fantasy_gallery.gd:158)
         [4] _run (res://tests/dark_fantasy_gallery_test.gd:38)
WARNING: Adding 'FJ3177' as child to 'TorsoPivot' will make owner 'AnatomicalSkeleton3D' inconsistent. Consider unsetting the owner beforehand.
     at: add_child (scene/main/node.cpp:1728)
     GDScript backtrace (most recent call first):
         [0] _build_reference_skeleton_rig (res://scripts/enemy.gd:235)
         [1] _build_body (res://scripts/enemy.gd:121)
         [2] build_object (res://scripts/dark_fantasy_object_catalog.gd:38)
         [3] select_object (res://scripts/dark_fantasy_gallery.gd:158)
         [4] _run (res://tests/dark_fantasy_gallery_test.gd:38)
WARNING: Adding 'FJ3178' as child to 'TorsoPivot' will make owner 'AnatomicalSkeleton3D' inconsistent. Consider unsetting the owner beforehand.
     at: add_child (scene/main/node.cpp:1728)
     GDScript backtrace (most recent call first):
         [0] _build_reference_skeleton_rig (res://scripts/enemy.gd:235)
         [1] _build_body (res://scripts/enemy.gd:121)
         [2] build_object (res://scripts/dark_fantasy_object_catalog.gd:38)
         [3] select_object (res://scripts/dark_fantasy_gallery.gd:158)
         [4] _run (res://tests/dark_fantasy_gallery_test.gd:38)
WARNING: Adding 'FJ3179' as child to 'AnkleLPivot' will make owner 'AnatomicalSkeleton3D' inconsistent. Consider unsetting the owner beforehand.
     at: add_child (scene/main/node.cpp:1728)
     GDScript backtrace (most recent call first):
         [0] _build_reference_skeleton_rig (res://scripts/enemy.gd:235)
         [1] _build_body (res://scripts/enemy.gd:121)
         [2] build_object (res://scripts/dark_fantasy_object_catalog.gd:38)
         [3] select_object (res://scripts/dark_fantasy_gallery.gd:158)
         [4] _run (res://tests/dark_fantasy_gallery_test.gd:38)
WARNING: Adding 'FJ3180' as child to 'AnkleLPivot' will make owner 'AnatomicalSkeleton3D' inconsistent. Consider unsetting the owner beforehand.
     at: add_child (scene/main/node.cpp:1728)
     GDScript backtrace (most recent call first):
         [0] _build_reference_skeleton_rig (res://scripts/enemy.gd:235)
         [1] _build_body (res://scripts/enemy.gd:121)
         [2] build_object (res://scripts/dark_fantasy_object_catalog.gd:38)
         [3] select_object (res://scripts/dark_fantasy_gallery.gd:158)
         [4] _run (res://tests/dark_fantasy_gallery_test.gd:38)
WARNING: Adding 'FJ3181' as child to 'AnkleLPivot' will make owner 'AnatomicalSkeleton3D' inconsistent. Consider unsetting the owner beforehand.
     at: add_child (scene/main/node.cpp:1728)
     GDScript backtrace (most recent call first):
         [0] _build_reference_skeleton_rig (res://scripts/enemy.gd:235)
         [1] _build_body (res://scripts/enemy.gd:121)
         [2] build_object (res://scripts/dark_fantasy_object_catalog.gd:38)
         [3] select_object (res://scripts/dark_fantasy_gallery.gd:158)
         [4] _run (res://tests/dark_fantasy_gallery_test.gd:38)
WARNING: Adding 'FJ3182' as child to 'AnkleLPivot' will make owner 'AnatomicalSkeleton3D' inconsistent. Consider unsetting the owner beforehand.
     at: add_child (scene/main/node.cpp:1728)
     GDScript backtrace (most recent call first):
         [0] _build_reference_skeleton_rig (res://scripts/enemy.gd:235)
         [1] _build_body (res://scripts/enemy.gd:121)
         [2] build_object (res://scripts/dark_fantasy_object_catalog.gd:38)
         [3] select_object (res://scripts/dark_fantasy_gallery.gd:158)
         [4] _run (res://tests/dark_fantasy_gallery_test.gd:38)
WARNING: Adding 'FJ3183' as child to 'HandLPivot' will make owner 'AnatomicalSkeleton3D' inconsistent. Consider unsetting the owner beforehand.
     at: add_child (scene/main/node.cpp:1728)
     GDScript backtrace (most recent call first):
         [0] _build_reference_skeleton_rig (res://scripts/enemy.gd:235)
         [1] _build_body (res://scripts/enemy.gd:121)
         [2] build_object (res://scripts/dark_fantasy_object_catalog.gd:38)
         [3] select_object (res://scripts/dark_fantasy_gallery.gd:158)
         [4] _run (res://tests/dark_fantasy_gallery_test.gd:38)
WARNING: Adding 'FJ3184' as child to 'HandLPivot' will make owner 'AnatomicalSkeleton3D' inconsistent. Consider unsetting the owner beforehand.
     at: add_child (scene/main/node.cpp:1728)
     GDScript backtrace (most recent call first):
         [0] _build_reference_skeleton_rig (res://scripts/enemy.gd:235)
         [1] _build_body (res://scripts/enemy.gd:121)
         [2] build_object (res://scripts/dark_fantasy_object_catalog.gd:38)
         [3] select_object (res://scripts/dark_fantasy_gallery.gd:158)
         [4] _run (res://tests/dark_fantasy_gallery_test.gd:38)
WARNING: Adding 'FJ3185' as child to 'AnkleLPivot' will make owner 'AnatomicalSkeleton3D' inconsistent. Consider unsetting the owner beforehand.
     at: add_child (scene/main/node.cpp:1728)
     GDScript backtrace (most recent call first):
         [0] _build_reference_skeleton_rig (res://scripts/enemy.gd:235)
         [1] _build_body (res://scripts/enemy.gd:121)
         [2] build_object (res://scripts/dark_fantasy_object_catalog.gd:38)
         [3] select_object (res://scripts/dark_fantasy_gallery.gd:158)
         [4] _run (res://tests/dark_fantasy_gallery_test.gd:38)
WARNING: Adding 'FJ3186' as child to 'HandLPivot' will make owner 'AnatomicalSkeleton3D' inconsistent. Consider unsetting the owner beforehand.
     at: add_child (scene/main/node.cpp:1728)
     GDScript backtrace (most recent call first):
         [0] _build_reference_skeleton_rig (res://scripts/enemy.gd:235)
         [1] _build_body (res://scripts/enemy.gd:121)
         [2] build_object (res://scripts/dark_fantasy_object_catalog.gd:38)
         [3] select_object (res://scripts/dark_fantasy_gallery.gd:158)
         [4] _run (res://tests/dark_fantasy_gallery_test.gd:38)
WARNING: Adding 'FJ3187' as child to 'HandLPivot' will make owner 'AnatomicalSkeleton3D' inconsistent. Consider unsetting the owner beforehand.
     at: add_child (scene/main/node.cpp:1728)
     GDScript backtrace (most recent call first):
         [0] _build_reference_skeleton_rig (res://scripts/enemy.gd:235)
         [1] _build_body (res://scripts/enemy.gd:121)
         [2] build_object (res://scripts/dark_fantasy_object_catalog.gd:38)
         [3] select_object (res://scripts/dark_fantasy_gallery.gd:158)
         [4] _run (res://tests/dark_fantasy_gallery_test.gd:38)
WARNING: Adding 'FJ3188' as child to 'HandLPivot' will make owner 'AnatomicalSkeleton3D' inconsistent. Consider unsetting the owner beforehand.
     at: add_child (scene/main/node.cpp:1728)
     GDScript backtrace (most recent call first):
         [0] _build_reference_skeleton_rig (res://scripts/enemy.gd:235)
         [1] _build_body (res://scripts/enemy.gd:121)
         [2] build_object (res://scripts/dark_fantasy_object_catalog.gd:38)
         [3] select_object (res://scripts/dark_fantasy_gallery.gd:158)
         [4] _run (res://tests/dark_fantasy_gallery_test.gd:38)
WARNING: Adding 'FJ3189' as child to 'AnkleRPivot' will make owner 'AnatomicalSkeleton3D' inconsistent. Consider unsetting the owner beforehand.
     at: add_child (scene/main/node.cpp:1728)
     GDScript backtrace (most recent call first):
         [0] _build_reference_skeleton_rig (res://scripts/enemy.gd:235)
         [1] _build_body (res://scripts/enemy.gd:121)
         [2] build_object (res://scripts/dark_fantasy_object_catalog.gd:38)
         [3] select_object (res://scripts/dark_fantasy_gallery.gd:158)
         [4] _run (res://tests/dark_fantasy_gallery_test.gd:38)
WARNING: Adding 'FJ3190' as child to 'AnkleRPivot' will make owner 'AnatomicalSkeleton3D' inconsistent. Consider unsetting the owner beforehand.
     at: add_child (scene/main/node.cpp:1728)
     GDScript backtrace (most recent call first):
         [0] _build_reference_skeleton_rig (res://scripts/enemy.gd:235)
         [1] _build_body (res://scripts/enemy.gd:121)
         [2] build_object (res://scripts/dark_fantasy_object_catalog.gd:38)
         [3] select_object (res://scripts/dark_fantasy_gallery.gd:158)
         [4] _run (res://tests/dark_fantasy_gallery_test.gd:38)
WARNING: Adding 'FJ3191' as child to 'AnkleRPivot' will make owner 'AnatomicalSkeleton3D' inconsistent. Consider unsetting the owner beforehand.
     at: add_child (scene/main/node.cpp:1728)
     GDScript backtrace (most recent call first):
         [0] _build_reference_skeleton_rig (res://scripts/enemy.gd:235)
         [1] _build_body (res://scripts/enemy.gd:121)
         [2] build_object (res://scripts/dark_fantasy_object_catalog.gd:38)
         [3] select_object (res://scripts/dark_fantasy_gallery.gd:158)
         [4] _run (res://tests/dark_fantasy_gallery_test.gd:38)
WARNING: Adding 'FJ3192' as child to 'AnkleRPivot' will make owner 'AnatomicalSkeleton3D' inconsistent. Consider unsetting the owner beforehand.
     at: add_child (scene/main/node.cpp:1728)
     GDScript backtrace (most recent call first):
         [0] _build_reference_skeleton_rig (res://scripts/enemy.gd:235)
         [1] _build_body (res://scripts/enemy.gd:121)
         [2] build_object (res://scripts/dark_fantasy_object_catalog.gd:38)
         [3] select_object (res://scripts/dark_fantasy_gallery.gd:158)
         [4] _run (res://tests/dark_fantasy_gallery_test.gd:38)
WARNING: Adding 'FJ3193' as child to 'HandRPivot' will make owner 'AnatomicalSkeleton3D' inconsistent. Consider unsetting the owner beforehand.
     at: add_child (scene/main/node.cpp:1728)
     GDScript backtrace (most recent call first):
         [0] _build_reference_skeleton_rig (res://scripts/enemy.gd:235)
         [1] _build_body (res://scripts/enemy.gd:121)
         [2] build_object (res://scripts/dark_fantasy_object_catalog.gd:38)
         [3] select_object (res://scripts/dark_fantasy_gallery.gd:158)
         [4] _run (res://tests/dark_fantasy_gallery_test.gd:38)
WARNING: Adding 'FJ3194' as child to 'HandRPivot' will make owner 'AnatomicalSkeleton3D' inconsistent. Consider unsetting the owner beforehand.
     at: add_child (scene/main/node.cpp:1728)
     GDScript backtrace (most recent call first):
         [0] _build_reference_skeleton_rig (res://scripts/enemy.gd:235)
         [1] _build_body (res://scripts/enemy.gd:121)
         [2] build_object (res://scripts/dark_fantasy_object_catalog.gd:38)
         [3] select_object (res://scripts/dark_fantasy_gallery.gd:158)
         [4] _run (res://tests/dark_fantasy_gallery_test.gd:38)
WARNING: Adding 'FJ3195' as child to 'AnkleRPivot' will make owner 'AnatomicalSkeleton3D' inconsistent. Consider unsetting the owner beforehand.
     at: add_child (scene/main/node.cpp:1728)
     GDScript backtrace (most recent call first):
         [0] _build_reference_skeleton_rig (res://scripts/enemy.gd:235)
         [1] _build_body (res://scripts/enemy.gd:121)
         [2] build_object (res://scripts/dark_fantasy_object_catalog.gd:38)
         [3] select_object (res://scripts/dark_fantasy_gallery.gd:158)
         [4] _run (res://tests/dark_fantasy_gallery_test.gd:38)
WARNING: Adding 'FJ3196' as child to 'HandRPivot' will make owner 'AnatomicalSkeleton3D' inconsistent. Consider unsetting the owner beforehand.
     at: add_child (scene/main/node.cpp:1728)
     GDScript backtrace (most recent call first):
         [0] _build_reference_skeleton_rig (res://scripts/enemy.gd:235)
         [1] _build_body (res://scripts/enemy.gd:121)
         [2] build_object (res://scripts/dark_fantasy_object_catalog.gd:38)
         [3] select_object (res://scripts/dark_fantasy_gallery.gd:158)
         [4] _run (res://tests/dark_fantasy_gallery_test.gd:38)
WARNING: Adding 'FJ3197' as child to 'HandRPivot' will make owner 'AnatomicalSkeleton3D' inconsistent. Consider unsetting the owner beforehand.
     at: add_child (scene/main/node.cpp:1728)
     GDScript backtrace (most recent call first):
         [0] _build_reference_skeleton_rig (res://scripts/enemy.gd:235)
         [1] _build_body (res://scripts/enemy.gd:121)
         [2] build_object (res://scripts/dark_fantasy_object_catalog.gd:38)
         [3] select_object (res://scripts/dark_fantasy_gallery.gd:158)
         [4] _run (res://tests/dark_fantasy_gallery_test.gd:38)
WARNING: Adding 'FJ3198' as child to 'HandRPivot' will make owner 'AnatomicalSkeleton3D' inconsistent. Consider unsetting the owner beforehand.
     at: add_child (scene/main/node.cpp:1728)
     GDScript backtrace (most recent call first):
         [0] _build_reference_skeleton_rig (res://scripts/enemy.gd:235)
         [1] _build_body (res://scripts/enemy.gd:121)
         [2] build_object (res://scripts/dark_fantasy_object_catalog.gd:38)
         [3] select_object (res://scripts/dark_fantasy_gallery.gd:158)
         [4] _run (res://tests/dark_fantasy_gallery_test.gd:38)
WARNING: Adding 'FJ3199' as child to 'HeadPivot' will make owner 'AnatomicalSkeleton3D' inconsistent. Consider unsetting the owner beforehand.
     at: add_child (scene/main/node.cpp:1728)
     GDScript backtrace (most recent call first):
         [0] _build_reference_skeleton_rig (res://scripts/enemy.gd:235)
         [1] _build_body (res://scripts/enemy.gd:121)
         [2] build_object (res://scripts/dark_fantasy_object_catalog.gd:38)
         [3] select_object (res://scripts/dark_fantasy_gallery.gd:158)
         [4] _run (res://tests/dark_fantasy_gallery_test.gd:38)
WARNING: Adding 'FJ3200' as child to 'HeadPivot' will make owner 'AnatomicalSkeleton3D' inconsistent. Consider unsetting the owner beforehand.
     at: add_child (scene/main/node.cpp:1728)
     GDScript backtrace (most recent call first):
         [0] _build_reference_skeleton_rig (res://scripts/enemy.gd:235)
         [1] _build_body (res://scripts/enemy.gd:121)
         [2] build_object (res://scripts/dark_fantasy_object_catalog.gd:38)
         [3] select_object (res://scripts/dark_fantasy_gallery.gd:158)
         [4] _run (res://tests/dark_fantasy_gallery_test.gd:38)
WARNING: Adding 'FJ3201' as child to 'HeadPivot' will make owner 'AnatomicalSkeleton3D' inconsistent. Consider unsetting the owner beforehand.
     at: add_child (scene/main/node.cpp:1728)
     GDScript backtrace (most recent call first):
         [0] _build_reference_skeleton_rig (res://scripts/enemy.gd:235)
         [1] _build_body (res://scripts/enemy.gd:121)
         [2] build_object (res://scripts/dark_fantasy_object_catalog.gd:38)
         [3] select_object (res://scripts/dark_fantasy_gallery.gd:158)
         [4] _run (res://tests/dark_fantasy_gallery_test.gd:38)
WARNING: Adding 'FJ3225' as child to 'TorsoPivot' will make owner 'AnatomicalSkeleton3D' inconsistent. Consider unsetting the owner beforehand.
     at: add_child (scene/main/node.cpp:1728)
     GDScript backtrace (most recent call first):
         [0] _build_reference_skeleton_rig (res://scripts/enemy.gd:235)
         [1] _build_body (res://scripts/enemy.gd:121)
         [2] build_object (res://scripts/dark_fantasy_object_catalog.gd:38)
         [3] select_object (res://scripts/dark_fantasy_gallery.gd:158)
         [4] _run (res://tests/dark_fantasy_gallery_test.gd:38)
WARNING: Adding 'FJ3226' as child to 'TorsoPivot' will make owner 'AnatomicalSkeleton3D' inconsistent. Consider unsetting the owner beforehand.
     at: add_child (scene/main/node.cpp:1728)
     GDScript backtrace (most recent call first):
         [0] _build_reference_skeleton_rig (res://scripts/enemy.gd:235)
         [1] _build_body (res://scripts/enemy.gd:121)
         [2] build_object (res://scripts/dark_fantasy_object_catalog.gd:38)
         [3] select_object (res://scripts/dark_fantasy_gallery.gd:158)
         [4] _run (res://tests/dark_fantasy_gallery_test.gd:38)
WARNING: Adding 'FJ3227' as child to 'TorsoPivot' will make owner 'AnatomicalSkeleton3D' inconsistent. Consider unsetting the owner beforehand.
     at: add_child (scene/main/node.cpp:1728)
     GDScript backtrace (most recent call first):
         [0] _build_reference_skeleton_rig (res://scripts/enemy.gd:235)
         [1] _build_body (res://scripts/enemy.gd:121)
         [2] build_object (res://scripts/dark_fantasy_object_catalog.gd:38)
         [3] select_object (res://scripts/dark_fantasy_gallery.gd:158)
         [4] _run (res://tests/dark_fantasy_gallery_test.gd:38)
WARNING: Adding 'FJ3228' as child to 'TorsoPivot' will make owner 'AnatomicalSkeleton3D' inconsistent. Consider unsetting the owner beforehand.
     at: add_child (scene/main/node.cpp:1728)
     GDScript backtrace (most recent call first):
         [0] _build_reference_skeleton_rig (res://scripts/enemy.gd:235)
         [1] _build_body (res://scripts/enemy.gd:121)
         [2] build_object (res://scripts/dark_fantasy_object_catalog.gd:38)
         [3] select_object (res://scripts/dark_fantasy_gallery.gd:158)
         [4] _run (res://tests/dark_fantasy_gallery_test.gd:38)
WARNING: Adding 'FJ3229' as child to 'TorsoPivot' will make owner 'AnatomicalSkeleton3D' inconsistent. Consider unsetting the owner beforehand.
     at: add_child (scene/main/node.cpp:1728)
     GDScript backtrace (most recent call first):
         [0] _build_reference_skeleton_rig (res://scripts/enemy.gd:235)
         [1] _build_body (res://scripts/enemy.gd:121)
         [2] build_object (res://scripts/dark_fantasy_object_catalog.gd:38)
         [3] select_object (res://scripts/dark_fantasy_gallery.gd:158)
         [4] _run (res://tests/dark_fantasy_gallery_test.gd:38)
WARNING: Adding 'FJ3230' as child to 'TorsoPivot' will make owner 'AnatomicalSkeleton3D' inconsistent. Consider unsetting the owner beforehand.
     at: add_child (scene/main/node.cpp:1728)
     GDScript backtrace (most recent call first):
         [0] _build_reference_skeleton_rig (res://scripts/enemy.gd:235)
         [1] _build_body (res://scripts/enemy.gd:121)
         [2] build_object (res://scripts/dark_fantasy_object_catalog.gd:38)
         [3] select_object (res://scripts/dark_fantasy_gallery.gd:158)
         [4] _run (res://tests/dark_fantasy_gallery_test.gd:38)
WARNING: Adding 'FJ3231' as child to 'TorsoPivot' will make owner 'AnatomicalSkeleton3D' inconsistent. Consider unsetting the owner beforehand.
     at: add_child (scene/main/node.cpp:1728)
     GDScript backtrace (most recent call first):
         [0] _build_reference_skeleton_rig (res://scripts/enemy.gd:235)
         [1] _build_body (res://scripts/enemy.gd:121)
         [2] build_object (res://scripts/dark_fantasy_object_catalog.gd:38)
         [3] select_object (res://scripts/dark_fantasy_gallery.gd:158)
         [4] _run (res://tests/dark_fantasy_gallery_test.gd:38)
WARNING: Adding 'FJ3232' as child to 'TorsoPivot' will make owner 'AnatomicalSkeleton3D' inconsistent. Consider unsetting the owner beforehand.
     at: add_child (scene/main/node.cpp:1728)
     GDScript backtrace (most recent call first):
         [0] _build_reference_skeleton_rig (res://scripts/enemy.gd:235)
         [1] _build_body (res://scripts/enemy.gd:121)
         [2] build_object (res://scripts/dark_fantasy_object_catalog.gd:38)
         [3] select_object (res://scripts/dark_fantasy_gallery.gd:158)
         [4] _run (res://tests/dark_fantasy_gallery_test.gd:38)
WARNING: Adding 'FJ3233' as child to 'TorsoPivot' will make owner 'AnatomicalSkeleton3D' inconsistent. Consider unsetting the owner beforehand.
     at: add_child (scene/main/node.cpp:1728)
     GDScript backtrace (most recent call first):
         [0] _build_reference_skeleton_rig (res://scripts/enemy.gd:235)
         [1] _build_body (res://scripts/enemy.gd:121)
         [2] build_object (res://scripts/dark_fantasy_object_catalog.gd:38)
         [3] select_object (res://scripts/dark_fantasy_gallery.gd:158)
         [4] _run (res://tests/dark_fantasy_gallery_test.gd:38)
WARNING: Adding 'FJ3234' as child to 'TorsoPivot' will make owner 'AnatomicalSkeleton3D' inconsistent. Consider unsetting the owner beforehand.
     at: add_child (scene/main/node.cpp:1728)
     GDScript backtrace (most recent call first):
         [0] _build_reference_skeleton_rig (res://scripts/enemy.gd:235)
         [1] _build_body (res://scripts/enemy.gd:121)
         [2] build_object (res://scripts/dark_fantasy_object_catalog.gd:38)
         [3] select_object (res://scripts/dark_fantasy_gallery.gd:158)
         [4] _run (res://tests/dark_fantasy_gallery_test.gd:38)
WARNING: Adding 'FJ3235' as child to 'TorsoPivot' will make owner 'AnatomicalSkeleton3D' inconsistent. Consider unsetting the owner beforehand.
     at: add_child (scene/main/node.cpp:1728)
     GDScript backtrace (most recent call first):
         [0] _build_reference_skeleton_rig (res://scripts/enemy.gd:235)
         [1] _build_body (res://scripts/enemy.gd:121)
         [2] build_object (res://scripts/dark_fantasy_object_catalog.gd:38)
         [3] select_object (res://scripts/dark_fantasy_gallery.gd:158)
         [4] _run (res://tests/dark_fantasy_gallery_test.gd:38)
WARNING: Adding 'FJ3236' as child to 'TorsoPivot' will make owner 'AnatomicalSkeleton3D' inconsistent. Consider unsetting the owner beforehand.
     at: add_child (scene/main/node.cpp:1728)
     GDScript backtrace (most recent call first):
         [0] _build_reference_skeleton_rig (res://scripts/enemy.gd:235)
         [1] _build_body (res://scripts/enemy.gd:121)
         [2] build_object (res://scripts/dark_fantasy_object_catalog.gd:38)
         [3] select_object (res://scripts/dark_fantasy_gallery.gd:158)
         [4] _run (res://tests/dark_fantasy_gallery_test.gd:38)
WARNING: Adding 'FJ3237' as child to 'ShoulderLPivot' will make owner 'AnatomicalSkeleton3D' inconsistent. Consider unsetting the owner beforehand.
     at: add_child (scene/main/node.cpp:1728)
     GDScript backtrace (most recent call first):
         [0] _build_reference_skeleton_rig (res://scripts/enemy.gd:235)
         [1] _build_body (res://scripts/enemy.gd:121)
         [2] build_object (res://scripts/dark_fantasy_object_catalog.gd:38)
         [3] select_object (res://scripts/dark_fantasy_gallery.gd:158)
         [4] _run (res://tests/dark_fantasy_gallery_test.gd:38)
WARNING: Adding 'FJ3240' as child to 'HandLPivot' will make owner 'AnatomicalSkeleton3D' inconsistent. Consider unsetting the owner beforehand.
     at: add_child (scene/main/node.cpp:1728)
     GDScript backtrace (most recent call first):
         [0] _build_reference_skeleton_rig (res://scripts/enemy.gd:235)
         [1] _build_body (res://scripts/enemy.gd:121)
         [2] build_object (res://scripts/dark_fantasy_object_catalog.gd:38)
         [3] select_object (res://scripts/dark_fantasy_gallery.gd:158)
         [4] _run (res://tests/dark_fantasy_gallery_test.gd:38)
WARNING: Adding 'FJ3241' as child to 'AnkleLPivot' will make owner 'AnatomicalSkeleton3D' inconsistent. Consider unsetting the owner beforehand.
     at: add_child (scene/main/node.cpp:1728)
     GDScript backtrace (most recent call first):
         [0] _build_reference_skeleton_rig (res://scripts/enemy.gd:235)
         [1] _build_body (res://scripts/enemy.gd:121)
         [2] build_object (res://scripts/dark_fantasy_object_catalog.gd:38)
         [3] select_object (res://scripts/dark_fantasy_gallery.gd:158)
         [4] _run (res://tests/dark_fantasy_gallery_test.gd:38)
WARNING: Adding 'FJ3243' as child to 'HandLPivot' will make owner 'AnatomicalSkeleton3D' inconsistent. Consider unsetting the owner beforehand.
     at: add_child (scene/main/node.cpp:1728)
     GDScript backtrace (most recent call first):
         [0] _build_reference_skeleton_rig (res://scripts/enemy.gd:235)
         [1] _build_body (res://scripts/enemy.gd:121)
         [2] build_object (res://scripts/dark_fantasy_object_catalog.gd:38)
         [3] select_object (res://scripts/dark_fantasy_gallery.gd:158)
         [4] _run (res://tests/dark_fantasy_gallery_test.gd:38)
WARNING: Adding 'FJ3244' as child to 'AnkleLPivot' will make owner 'AnatomicalSkeleton3D' inconsistent. Consider unsetting the owner beforehand.
     at: add_child (scene/main/node.cpp:1728)
     GDScript backtrace (most recent call first):
         [0] _build_reference_skeleton_rig (res://scripts/enemy.gd:235)
         [1] _build_body (res://scripts/enemy.gd:121)
         [2] build_object (res://scripts/dark_fantasy_object_catalog.gd:38)
         [3] select_object (res://scripts/dark_fantasy_gallery.gd:158)
         [4] _run (res://tests/dark_fantasy_gallery_test.gd:38)
WARNING: Adding 'FJ3246' as child to 'HandLPivot' will make owner 'AnatomicalSkeleton3D' inconsistent. Consider unsetting the owner beforehand.
     at: add_child (scene/main/node.cpp:1728)
     GDScript backtrace (most recent call first):
         [0] _build_reference_skeleton_rig (res://scripts/enemy.gd:235)
         [1] _build_body (res://scripts/enemy.gd:121)
         [2] build_object (res://scripts/dark_fantasy_object_catalog.gd:38)
         [3] select_object (res://scripts/dark_fantasy_gallery.gd:158)
         [4] _run (res://tests/dark_fantasy_gallery_test.gd:38)
WARNING: Adding 'FJ3247' as child to 'AnkleLPivot' will make owner 'AnatomicalSkeleton3D' inconsistent. Consider unsetting the owner beforehand.
     at: add_child (scene/main/node.cpp:1728)
     GDScript backtrace (most recent call first):
         [0] _build_reference_skeleton_rig (res://scripts/enemy.gd:235)
         [1] _build_body (res://scripts/enemy.gd:121)
         [2] build_object (res://scripts/dark_fantasy_object_catalog.gd:38)
         [3] select_object (res://scripts/dark_fantasy_gallery.gd:158)
         [4] _run (res://tests/dark_fantasy_gallery_test.gd:38)
WARNING: Adding 'FJ3249' as child to 'HandLPivot' will make owner 'AnatomicalSkeleton3D' inconsistent. Consider unsetting the owner beforehand.
     at: add_child (scene/main/node.cpp:1728)
     GDScript backtrace (most recent call first):
         [0] _build_reference_skeleton_rig (res://scripts/enemy.gd:235)
         [1] _build_body (res://scripts/enemy.gd:121)
         [2] build_object (res://scripts/dark_fantasy_object_catalog.gd:38)
         [3] select_object (res://scripts/dark_fantasy_gallery.gd:158)
         [4] _run (res://tests/dark_fantasy_gallery_test.gd:38)
WARNING: Adding 'FJ3250' as child to 'AnkleLPivot' will make owner 'AnatomicalSkeleton3D' inconsistent. Consider unsetting the owner beforehand.
     at: add_child (scene/main/node.cpp:1728)
     GDScript backtrace (most recent call first):
         [0] _build_reference_skeleton_rig (res://scripts/enemy.gd:235)
         [1] _build_body (res://scripts/enemy.gd:121)
         [2] build_object (res://scripts/dark_fantasy_object_catalog.gd:38)
         [3] select_object (res://scripts/dark_fantasy_gallery.gd:158)
         [4] _run (res://tests/dark_fantasy_gallery_test.gd:38)
WARNING: Adding 'FJ3252' as child to 'HandLPivot' will make owner 'AnatomicalSkeleton3D' inconsistent. Consider unsetting the owner beforehand.
     at: add_child (scene/main/node.cpp:1728)
     GDScript backtrace (most recent call first):
         [0] _build_reference_skeleton_rig (res://scripts/enemy.gd:235)
         [1] _build_body (res://scripts/enemy.gd:121)
         [2] build_object (res://scripts/dark_fantasy_object_catalog.gd:38)
         [3] select_object (res://scripts/dark_fantasy_gallery.gd:158)
         [4] _run (res://tests/dark_fantasy_gallery_test.gd:38)
WARNING: Adding 'FJ3253' as child to 'AnkleLPivot' will make owner 'AnatomicalSkeleton3D' inconsistent. Consider unsetting the owner beforehand.
     at: add_child (scene/main/node.cpp:1728)
     GDScript backtrace (most recent call first):
         [0] _build_reference_skeleton_rig (res://scripts/enemy.gd:235)
         [1] _build_body (res://scripts/enemy.gd:121)
         [2] build_object (res://scripts/dark_fantasy_object_catalog.gd:38)
         [3] select_object (res://scripts/dark_fantasy_gallery.gd:158)
         [4] _run (res://tests/dark_fantasy_gallery_test.gd:38)
WARNING: Adding 'FJ3256' as child to 'AnkleLPivot' will make owner 'AnatomicalSkeleton3D' inconsistent. Consider unsetting the owner beforehand.
     at: add_child (scene/main/node.cpp:1728)
     GDScript backtrace (most recent call first):
         [0] _build_reference_skeleton_rig (res://scripts/enemy.gd:235)
         [1] _build_body (res://scripts/enemy.gd:121)
         [2] build_object (res://scripts/dark_fantasy_object_catalog.gd:38)
         [3] select_object (res://scripts/dark_fantasy_gallery.gd:158)
         [4] _run (res://tests/dark_fantasy_gallery_test.gd:38)
WARNING: Adding 'FJ3257' as child to 'HandLPivot' will make owner 'AnatomicalSkeleton3D' inconsistent. Consider unsetting the owner beforehand.
     at: add_child (scene/main/node.cpp:1728)
     GDScript backtrace (most recent call first):
         [0] _build_reference_skeleton_rig (res://scripts/enemy.gd:235)
         [1] _build_body (res://scripts/enemy.gd:121)
         [2] build_object (res://scripts/dark_fantasy_object_catalog.gd:38)
         [3] select_object (res://scripts/dark_fantasy_gallery.gd:158)
         [4] _run (res://tests/dark_fantasy_gallery_test.gd:38)
WARNING: Adding 'FJ3258' as child to 'AnkleLPivot' will make owner 'AnatomicalSkeleton3D' inconsistent. Consider unsetting the owner beforehand.
     at: add_child (scene/main/node.cpp:1728)
     GDScript backtrace (most recent call first):
         [0] _build_reference_skeleton_rig (res://scripts/enemy.gd:235)
         [1] _build_body (res://scripts/enemy.gd:121)
         [2] build_object (res://scripts/dark_fantasy_object_catalog.gd:38)
         [3] select_object (res://scripts/dark_fantasy_gallery.gd:158)
         [4] _run (res://tests/dark_fantasy_gallery_test.gd:38)
WARNING: Adding 'FJ3259' as child to 'LegLPivot' will make owner 'AnatomicalSkeleton3D' inconsistent. Consider unsetting the owner beforehand.
     at: add_child (scene/main/node.cpp:1728)
     GDScript backtrace (most recent call first):
         [0] _build_reference_skeleton_rig (res://scripts/enemy.gd:235)
         [1] _build_body (res://scripts/enemy.gd:121)
         [2] build_object (res://scripts/dark_fantasy_object_catalog.gd:38)
         [3] select_object (res://scripts/dark_fantasy_gallery.gd:158)
         [4] _run (res://tests/dark_fantasy_gallery_test.gd:38)
WARNING: Adding 'FJ3260' as child to 'KneeLPivot' will make owner 'AnatomicalSkeleton3D' inconsistent. Consider unsetting the owner beforehand.
     at: add_child (scene/main/node.cpp:1728)
     GDScript backtrace (most recent call first):
         [0] _build_reference_skeleton_rig (res://scripts/enemy.gd:235)
         [1] _build_body (res://scripts/enemy.gd:121)
         [2] build_object (res://scripts/dark_fantasy_object_catalog.gd:38)
         [3] select_object (res://scripts/dark_fantasy_gallery.gd:158)
         [4] _run (res://tests/dark_fantasy_gallery_test.gd:38)
WARNING: Adding 'FJ3261' as child to 'HandLPivot' will make owner 'AnatomicalSkeleton3D' inconsistent. Consider unsetting the owner beforehand.
     at: add_child (scene/main/node.cpp:1728)
     GDScript backtrace (most recent call first):
         [0] _build_reference_skeleton_rig (res://scripts/enemy.gd:235)
         [1] _build_body (res://scripts/enemy.gd:121)
         [2] build_object (res://scripts/dark_fantasy_object_catalog.gd:38)
         [3] select_object (res://scripts/dark_fantasy_gallery.gd:158)
         [4] _run (res://tests/dark_fantasy_gallery_test.gd:38)
WARNING: Adding 'FJ3262' as child to 'ArmLPivot' will make owner 'AnatomicalSkeleton3D' inconsistent. Consider unsetting the owner beforehand.
     at: add_child (scene/main/node.cpp:1728)
     GDScript backtrace (most recent call first):
         [0] _build_reference_skeleton_rig (res://scripts/enemy.gd:235)
         [1] _build_body (res://scripts/enemy.gd:121)
         [2] build_object (res://scripts/dark_fantasy_object_catalog.gd:38)
         [3] select_object (res://scripts/dark_fantasy_gallery.gd:158)
         [4] _run (res://tests/dark_fantasy_gallery_test.gd:38)
WARNING: Adding 'FJ3263' as child to 'HeadPivot' will make owner 'AnatomicalSkeleton3D' inconsistent. Consider unsetting the owner beforehand.
     at: add_child (scene/main/node.cpp:1728)
     GDScript backtrace (most recent call first):
         [0] _build_reference_skeleton_rig (res://scripts/enemy.gd:235)
         [1] _build_body (res://scripts/enemy.gd:121)
         [2] build_object (res://scripts/dark_fantasy_object_catalog.gd:38)
         [3] select_object (res://scripts/dark_fantasy_gallery.gd:158)
         [4] _run (res://tests/dark_fantasy_gallery_test.gd:38)
WARNING: Adding 'FJ3264' as child to 'AnkleLPivot' will make owner 'AnatomicalSkeleton3D' inconsistent. Consider unsetting the owner beforehand.
     at: add_child (scene/main/node.cpp:1728)
     GDScript backtrace (most recent call first):
         [0] _build_reference_skeleton_rig (res://scripts/enemy.gd:235)
         [1] _build_body (res://scripts/enemy.gd:121)
         [2] build_object (res://scripts/dark_fantasy_object_catalog.gd:38)
         [3] select_object (res://scripts/dark_fantasy_gallery.gd:158)
         [4] _run (res://tests/dark_fantasy_gallery_test.gd:38)
WARNING: Adding 'FJ3265' as child to 'HeadPivot' will make owner 'AnatomicalSkeleton3D' inconsistent. Consider unsetting the owner beforehand.
     at: add_child (scene/main/node.cpp:1728)
     GDScript backtrace (most recent call first):
         [0] _build_reference_skeleton_rig (res://scripts/enemy.gd:235)
         [1] _build_body (res://scripts/enemy.gd:121)
         [2] build_object (res://scripts/dark_fantasy_object_catalog.gd:38)
         [3] select_object (res://scripts/dark_fantasy_gallery.gd:158)
         [4] _run (res://tests/dark_fantasy_gallery_test.gd:38)
WARNING: Adding 'FJ3267' as child to 'AnkleLPivot' will make owner 'AnatomicalSkeleton3D' inconsistent. Consider unsetting the owner beforehand.
     at: add_child (scene/main/node.cpp:1728)
     GDScript backtrace (most recent call first):
         [0] _build_reference_skeleton_rig (res://scripts/enemy.gd:235)
         [1] _build_body (res://scripts/enemy.gd:121)
         [2] build_object (res://scripts/dark_fantasy_object_catalog.gd:38)
         [3] select_object (res://scripts/dark_fantasy_gallery.gd:158)
         [4] _run (res://tests/dark_fantasy_gallery_test.gd:38)
WARNING: Adding 'FJ3268' as child to 'HandLPivot' will make owner 'AnatomicalSkeleton3D' inconsistent. Consider unsetting the owner beforehand.
     at: add_child (scene/main/node.cpp:1728)
     GDScript backtrace (most recent call first):
         [0] _build_reference_skeleton_rig (res://scripts/enemy.gd:235)
         [1] _build_body (res://scripts/enemy.gd:121)
         [2] build_object (res://scripts/dark_fantasy_object_catalog.gd:38)
         [3] select_object (res://scripts/dark_fantasy_gallery.gd:158)
         [4] _run (res://tests/dark_fantasy_gallery_test.gd:38)
WARNING: Adding 'FJ3269' as child to 'HeadPivot' will make owner 'AnatomicalSkeleton3D' inconsistent. Consider unsetting the owner beforehand.
     at: add_child (scene/main/node.cpp:1728)
     GDScript backtrace (most recent call first):
         [0] _build_reference_skeleton_rig (res://scripts/enemy.gd:235)
         [1] _build_body (res://scripts/enemy.gd:121)
         [2] build_object (res://scripts/dark_fantasy_object_catalog.gd:38)
         [3] select_object (res://scripts/dark_fantasy_gallery.gd:158)
         [4] _run (res://tests/dark_fantasy_gallery_test.gd:38)
WARNING: Adding 'FJ3271' as child to 'AnkleLPivot' will make owner 'AnatomicalSkeleton3D' inconsistent. Consider unsetting the owner beforehand.
     at: add_child (scene/main/node.cpp:1728)
     GDScript backtrace (most recent call first):
         [0] _build_reference_skeleton_rig (res://scripts/enemy.gd:235)
         [1] _build_body (res://scripts/enemy.gd:121)
         [2] build_object (res://scripts/dark_fantasy_object_catalog.gd:38)
         [3] select_object (res://scripts/dark_fantasy_gallery.gd:158)
         [4] _run (res://tests/dark_fantasy_gallery_test.gd:38)
WARNING: Adding 'FJ3272' as child to 'HeadPivot' will make owner 'AnatomicalSkeleton3D' inconsistent. Consider unsetting the owner beforehand.
     at: add_child (scene/main/node.cpp:1728)
     GDScript backtrace (most recent call first):
         [0] _build_reference_skeleton_rig (res://scripts/enemy.gd:235)
         [1] _build_body (res://scripts/enemy.gd:121)
         [2] build_object (res://scripts/dark_fantasy_object_catalog.gd:38)
         [3] select_object (res://scripts/dark_fantasy_gallery.gd:158)
         [4] _run (res://tests/dark_fantasy_gallery_test.gd:38)
WARNING: Adding 'FJ3273' as child to 'HeadPivot' will make owner 'AnatomicalSkeleton3D' inconsistent. Consider unsetting the owner beforehand.
     at: add_child (scene/main/node.cpp:1728)
     GDScript backtrace (most recent call first):
         [0] _build_reference_skeleton_rig (res://scripts/enemy.gd:235)
         [1] _build_body (res://scripts/enemy.gd:121)
         [2] build_object (res://scripts/dark_fantasy_object_catalog.gd:38)
         [3] select_object (res://scripts/dark_fantasy_gallery.gd:158)
         [4] _run (res://tests/dark_fantasy_gallery_test.gd:38)
WARNING: Adding 'FJ3274' as child to 'HeadPivot' will make owner 'AnatomicalSkeleton3D' inconsistent. Consider unsetting the owner beforehand.
     at: add_child (scene/main/node.cpp:1728)
     GDScript backtrace (most recent call first):
         [0] _build_reference_skeleton_rig (res://scripts/enemy.gd:235)
         [1] _build_body (res://scripts/enemy.gd:121)
         [2] build_object (res://scripts/dark_fantasy_object_catalog.gd:38)
         [3] select_object (res://scripts/dark_fantasy_gallery.gd:158)
         [4] _run (res://tests/dark_fantasy_gallery_test.gd:38)
WARNING: Adding 'FJ3275' as child to 'KneeLPivot' will make owner 'AnatomicalSkeleton3D' inconsistent. Consider unsetting the owner beforehand.
     at: add_child (scene/main/node.cpp:1728)
     GDScript backtrace (most recent call first):
         [0] _build_reference_skeleton_rig (res://scripts/enemy.gd:235)
         [1] _build_body (res://scripts/enemy.gd:121)
         [2] build_object (res://scripts/dark_fantasy_object_catalog.gd:38)
         [3] select_object (res://scripts/dark_fantasy_gallery.gd:158)
         [4] _run (res://tests/dark_fantasy_gallery_test.gd:38)
WARNING: Adding 'FJ3276' as child to 'HandLPivot' will make owner 'AnatomicalSkeleton3D' inconsistent. Consider unsetting the owner beforehand.
     at: add_child (scene/main/node.cpp:1728)
     GDScript backtrace (most recent call first):
         [0] _build_reference_skeleton_rig (res://scripts/enemy.gd:235)
         [1] _build_body (res://scripts/enemy.gd:121)
         [2] build_object (res://scripts/dark_fantasy_object_catalog.gd:38)
         [3] select_object (res://scripts/dark_fantasy_gallery.gd:158)
         [4] _run (res://tests/dark_fantasy_gallery_test.gd:38)
WARNING: Adding 'FJ3277' as child to 'ElbowLPivot' will make owner 'AnatomicalSkeleton3D' inconsistent. Consider unsetting the owner beforehand.
     at: add_child (scene/main/node.cpp:1728)
     GDScript backtrace (most recent call first):
         [0] _build_reference_skeleton_rig (res://scripts/enemy.gd:235)
         [1] _build_body (res://scripts/enemy.gd:121)
         [2] build_object (res://scripts/dark_fantasy_object_catalog.gd:38)
         [3] select_object (res://scripts/dark_fantasy_gallery.gd:158)
         [4] _run (res://tests/dark_fantasy_gallery_test.gd:38)
WARNING: Adding 'FJ3278' as child to 'HandLPivot' will make owner 'AnatomicalSkeleton3D' inconsistent. Consider unsetting the owner beforehand.
     at: add_child (scene/main/node.cpp:1728)
     GDScript backtrace (most recent call first):
         [0] _build_reference_skeleton_rig (res://scripts/enemy.gd:235)
         [1] _build_body (res://scripts/enemy.gd:121)
         [2] build_object (res://scripts/dark_fantasy_object_catalog.gd:38)
         [3] select_object (res://scripts/dark_fantasy_gallery.gd:158)
         [4] _run (res://tests/dark_fantasy_gallery_test.gd:38)
WARNING: Adding 'FJ3279' as child to 'ShoulderLPivot' will make owner 'AnatomicalSkeleton3D' inconsistent. Consider unsetting the owner beforehand.
     at: add_child (scene/main/node.cpp:1728)
     GDScript backtrace (most recent call first):
         [0] _build_reference_skeleton_rig (res://scripts/enemy.gd:235)
         [1] _build_body (res://scripts/enemy.gd:121)
         [2] build_object (res://scripts/dark_fantasy_object_catalog.gd:38)
         [3] select_object (res://scripts/dark_fantasy_gallery.gd:158)
         [4] _run (res://tests/dark_fantasy_gallery_test.gd:38)
WARNING: Adding 'FJ3280' as child to 'AnkleLPivot' will make owner 'AnatomicalSkeleton3D' inconsistent. Consider unsetting the owner beforehand.
     at: add_child (scene/main/node.cpp:1728)
     GDScript backtrace (most recent call first):
         [0] _build_reference_skeleton_rig (res://scripts/enemy.gd:235)
         [1] _build_body (res://scripts/enemy.gd:121)
         [2] build_object (res://scripts/dark_fantasy_object_catalog.gd:38)
         [3] select_object (res://scripts/dark_fantasy_gallery.gd:158)
         [4] _run (res://tests/dark_fantasy_gallery_test.gd:38)
WARNING: Adding 'FJ3281' as child to 'HeadPivot' will make owner 'AnatomicalSkeleton3D' inconsistent. Consider unsetting the owner beforehand.
     at: add_child (scene/main/node.cpp:1728)
     GDScript backtrace (most recent call first):
         [0] _build_reference_skeleton_rig (res://scripts/enemy.gd:235)
         [1] _build_body (res://scripts/enemy.gd:121)
         [2] build_object (res://scripts/dark_fantasy_object_catalog.gd:38)
         [3] select_object (res://scripts/dark_fantasy_gallery.gd:158)
         [4] _run (res://tests/dark_fantasy_gallery_test.gd:38)
WARNING: Adding 'FJ3282' as child to 'KneeLPivot' will make owner 'AnatomicalSkeleton3D' inconsistent. Consider unsetting the owner beforehand.
     at: add_child (scene/main/node.cpp:1728)
     GDScript backtrace (most recent call first):
         [0] _build_reference_skeleton_rig (res://scripts/enemy.gd:235)
         [1] _build_body (res://scripts/enemy.gd:121)
         [2] build_object (res://scripts/dark_fantasy_object_catalog.gd:38)
         [3] select_object (res://scripts/dark_fantasy_gallery.gd:158)
         [4] _run (res://tests/dark_fantasy_gallery_test.gd:38)
WARNING: Adding 'FJ3283' as child to 'HandLPivot' will make owner 'AnatomicalSkeleton3D' inconsistent. Consider unsetting the owner beforehand.
     at: add_child (scene/main/node.cpp:1728)
     GDScript backtrace (most recent call first):
         [0] _build_reference_skeleton_rig (res://scripts/enemy.gd:235)
         [1] _build_body (res://scripts/enemy.gd:121)
         [2] build_object (res://scripts/dark_fantasy_object_catalog.gd:38)
         [3] select_object (res://scripts/dark_fantasy_gallery.gd:158)
         [4] _run (res://tests/dark_fantasy_gallery_test.gd:38)
WARNING: Adding 'FJ3284' as child to 'HandLPivot' will make owner 'AnatomicalSkeleton3D' inconsistent. Consider unsetting the owner beforehand.
     at: add_child (scene/main/node.cpp:1728)
     GDScript backtrace (most recent call first):
         [0] _build_reference_skeleton_rig (res://scripts/enemy.gd:235)
         [1] _build_body (res://scripts/enemy.gd:121)
         [2] build_object (res://scripts/dark_fantasy_object_catalog.gd:38)
         [3] select_object (res://scripts/dark_fantasy_gallery.gd:158)
         [4] _run (res://tests/dark_fantasy_gallery_test.gd:38)
WARNING: Adding 'FJ3285' as child to 'HandLPivot' will make owner 'AnatomicalSkeleton3D' inconsistent. Consider unsetting the owner beforehand.
     at: add_child (scene/main/node.cpp:1728)
     GDScript backtrace (most recent call first):
         [0] _build_reference_skeleton_rig (res://scripts/enemy.gd:235)
         [1] _build_body (res://scripts/enemy.gd:121)
         [2] build_object (res://scripts/dark_fantasy_object_catalog.gd:38)
         [3] select_object (res://scripts/dark_fantasy_gallery.gd:158)
         [4] _run (res://tests/dark_fantasy_gallery_test.gd:38)
WARNING: Adding 'FJ3286' as child to 'ElbowLPivot' will make owner 'AnatomicalSkeleton3D' inconsistent. Consider unsetting the owner beforehand.
     at: add_child (scene/main/node.cpp:1728)
     GDScript backtrace (most recent call first):
         [0] _build_reference_skeleton_rig (res://scripts/enemy.gd:235)
         [1] _build_body (res://scripts/enemy.gd:121)
         [2] build_object (res://scripts/dark_fantasy_object_catalog.gd:38)
         [3] select_object (res://scripts/dark_fantasy_gallery.gd:158)
         [4] _run (res://tests/dark_fantasy_gallery_test.gd:38)
WARNING: Adding 'FJ3287' as child to 'HeadPivot' will make owner 'AnatomicalSkeleton3D' inconsistent. Consider unsetting the owner beforehand.
     at: add_child (scene/main/node.cpp:1728)
     GDScript backtrace (most recent call first):
         [0] _build_reference_skeleton_rig (res://scripts/enemy.gd:235)
         [1] _build_body (res://scripts/enemy.gd:121)
         [2] build_object (res://scripts/dark_fantasy_object_catalog.gd:38)
         [3] select_object (res://scripts/dark_fantasy_gallery.gd:158)
         [4] _run (res://tests/dark_fantasy_gallery_test.gd:38)
WARNING: Adding 'FJ3288' as child to 'PelvisPivot' will make owner 'AnatomicalSkeleton3D' inconsistent. Consider unsetting the owner beforehand.
     at: add_child (scene/main/node.cpp:1728)
     GDScript backtrace (most recent call first):
         [0] _build_reference_skeleton_rig (res://scripts/enemy.gd:235)
         [1] _build_body (res://scripts/enemy.gd:121)
         [2] build_object (res://scripts/dark_fantasy_object_catalog.gd:38)
         [3] select_object (res://scripts/dark_fantasy_gallery.gd:158)
         [4] _run (res://tests/dark_fantasy_gallery_test.gd:38)
WARNING: Adding 'FJ3289' as child to 'HeadPivot' will make owner 'AnatomicalSkeleton3D' inconsistent. Consider unsetting the owner beforehand.
     at: add_child (scene/main/node.cpp:1728)
     GDScript backtrace (most recent call first):
         [0] _build_reference_skeleton_rig (res://scripts/enemy.gd:235)
         [1] _build_body (res://scripts/enemy.gd:121)
         [2] build_object (res://scripts/dark_fantasy_object_catalog.gd:38)
         [3] select_object (res://scripts/dark_fantasy_gallery.gd:158)
         [4] _run (res://tests/dark_fantasy_gallery_test.gd:38)
WARNING: Adding 'FJ3290' as child to 'TorsoPivot' will make owner 'AnatomicalSkeleton3D' inconsistent. Consider unsetting the owner beforehand.
     at: add_child (scene/main/node.cpp:1728)
     GDScript backtrace (most recent call first):
         [0] _build_reference_skeleton_rig (res://scripts/enemy.gd:235)
         [1] _build_body (res://scripts/enemy.gd:121)
         [2] build_object (res://scripts/dark_fantasy_object_catalog.gd:38)
         [3] select_object (res://scripts/dark_fantasy_gallery.gd:158)
         [4] _run (res://tests/dark_fantasy_gallery_test.gd:38)
WARNING: Adding 'FJ3291' as child to 'HandLPivot' will make owner 'AnatomicalSkeleton3D' inconsistent. Consider unsetting the owner beforehand.
     at: add_child (scene/main/node.cpp:1728)
     GDScript backtrace (most recent call first):
         [0] _build_reference_skeleton_rig (res://scripts/enemy.gd:235)
         [1] _build_body (res://scripts/enemy.gd:121)
         [2] build_object (res://scripts/dark_fantasy_object_catalog.gd:38)
         [3] select_object (res://scripts/dark_fantasy_gallery.gd:158)
         [4] _run (res://tests/dark_fantasy_gallery_test.gd:38)
WARNING: Adding 'FJ3292' as child to 'HandRPivot' will make owner 'AnatomicalSkeleton3D' inconsistent. Consider unsetting the owner beforehand.
     at: add_child (scene/main/node.cpp:1728)
     GDScript backtrace (most recent call first):
         [0] _build_reference_skeleton_rig (res://scripts/enemy.gd:235)
         [1] _build_body (res://scripts/enemy.gd:121)
         [2] build_object (res://scripts/dark_fantasy_object_catalog.gd:38)
         [3] select_object (res://scripts/dark_fantasy_gallery.gd:158)
         [4] _run (res://tests/dark_fantasy_gallery_test.gd:38)
WARNING: Adding 'FJ3293' as child to 'AnkleLPivot' will make owner 'AnatomicalSkeleton3D' inconsistent. Consider unsetting the owner beforehand.
     at: add_child (scene/main/node.cpp:1728)
     GDScript backtrace (most recent call first):
         [0] _build_reference_skeleton_rig (res://scripts/enemy.gd:235)
         [1] _build_body (res://scripts/enemy.gd:121)
         [2] build_object (res://scripts/dark_fantasy_object_catalog.gd:38)
         [3] select_object (res://scripts/dark_fantasy_gallery.gd:158)
         [4] _run (res://tests/dark_fantasy_gallery_test.gd:38)
WARNING: Adding 'FJ3294' as child to 'AnkleLPivot' will make owner 'AnatomicalSkeleton3D' inconsistent. Consider unsetting the owner beforehand.
     at: add_child (scene/main/node.cpp:1728)
     GDScript backtrace (most recent call first):
         [0] _build_reference_skeleton_rig (res://scripts/enemy.gd:235)
         [1] _build_body (res://scripts/enemy.gd:121)
         [2] build_object (res://scripts/dark_fantasy_object_catalog.gd:38)
         [3] select_object (res://scripts/dark_fantasy_gallery.gd:158)
         [4] _run (res://tests/dark_fantasy_gallery_test.gd:38)
WARNING: Adding 'FJ3295' as child to 'AnkleLPivot' will make owner 'AnatomicalSkeleton3D' inconsistent. Consider unsetting the owner beforehand.
     at: add_child (scene/main/node.cpp:1728)
     GDScript backtrace (most recent call first):
         [0] _build_reference_skeleton_rig (res://scripts/enemy.gd:235)
         [1] _build_body (res://scripts/enemy.gd:121)
         [2] build_object (res://scripts/dark_fantasy_object_catalog.gd:38)
         [3] select_object (res://scripts/dark_fantasy_gallery.gd:158)
         [4] _run (res://tests/dark_fantasy_gallery_test.gd:38)
WARNING: Adding 'FJ3296' as child to 'HandLPivot' will make owner 'AnatomicalSkeleton3D' inconsistent. Consider unsetting the owner beforehand.
     at: add_child (scene/main/node.cpp:1728)
     GDScript backtrace (most recent call first):
         [0] _build_reference_skeleton_rig (res://scripts/enemy.gd:235)
         [1] _build_body (res://scripts/enemy.gd:121)
         [2] build_object (res://scripts/dark_fantasy_object_catalog.gd:38)
         [3] select_object (res://scripts/dark_fantasy_gallery.gd:158)
         [4] _run (res://tests/dark_fantasy_gallery_test.gd:38)
WARNING: Adding 'FJ3297' as child to 'HandLPivot' will make owner 'AnatomicalSkeleton3D' inconsistent. Consider unsetting the owner beforehand.
     at: add_child (scene/main/node.cpp:1728)
     GDScript backtrace (most recent call first):
         [0] _build_reference_skeleton_rig (res://scripts/enemy.gd:235)
         [1] _build_body (res://scripts/enemy.gd:121)
         [2] build_object (res://scripts/dark_fantasy_object_catalog.gd:38)
         [3] select_object (res://scripts/dark_fantasy_gallery.gd:158)
         [4] _run (res://tests/dark_fantasy_gallery_test.gd:38)
WARNING: Adding 'FJ3298' as child to 'AnkleLPivot' will make owner 'AnatomicalSkeleton3D' inconsistent. Consider unsetting the owner beforehand.
     at: add_child (scene/main/node.cpp:1728)
     GDScript backtrace (most recent call first):
         [0] _build_reference_skeleton_rig (res://scripts/enemy.gd:235)
         [1] _build_body (res://scripts/enemy.gd:121)
         [2] build_object (res://scripts/dark_fantasy_object_catalog.gd:38)
         [3] select_object (res://scripts/dark_fantasy_gallery.gd:158)
         [4] _run (res://tests/dark_fantasy_gallery_test.gd:38)
WARNING: Adding 'FJ3299' as child to 'HandLPivot' will make owner 'AnatomicalSkeleton3D' inconsistent. Consider unsetting the owner beforehand.
     at: add_child (scene/main/node.cpp:1728)
     GDScript backtrace (most recent call first):
         [0] _build_reference_skeleton_rig (res://scripts/enemy.gd:235)
         [1] _build_body (res://scripts/enemy.gd:121)
         [2] build_object (res://scripts/dark_fantasy_object_catalog.gd:38)
         [3] select_object (res://scripts/dark_fantasy_gallery.gd:158)
         [4] _run (res://tests/dark_fantasy_gallery_test.gd:38)
WARNING: Adding 'FJ3300' as child to 'AnkleRPivot' will make owner 'AnatomicalSkeleton3D' inconsistent. Consider unsetting the owner beforehand.
     at: add_child (scene/main/node.cpp:1728)
     GDScript backtrace (most recent call first):
         [0] _build_reference_skeleton_rig (res://scripts/enemy.gd:235)
         [1] _build_body (res://scripts/enemy.gd:121)
         [2] build_object (res://scripts/dark_fantasy_object_catalog.gd:38)
         [3] select_object (res://scripts/dark_fantasy_gallery.gd:158)
         [4] _run (res://tests/dark_fantasy_gallery_test.gd:38)
WARNING: Adding 'FJ3301' as child to 'AnkleRPivot' will make owner 'AnatomicalSkeleton3D' inconsistent. Consider unsetting the owner beforehand.
     at: add_child (scene/main/node.cpp:1728)
     GDScript backtrace (most recent call first):
         [0] _build_reference_skeleton_rig (res://scripts/enemy.gd:235)
         [1] _build_body (res://scripts/enemy.gd:121)
         [2] build_object (res://scripts/dark_fantasy_object_catalog.gd:38)
         [3] select_object (res://scripts/dark_fantasy_gallery.gd:158)
         [4] _run (res://tests/dark_fantasy_gallery_test.gd:38)
WARNING: Adding 'FJ3302' as child to 'AnkleRPivot' will make owner 'AnatomicalSkeleton3D' inconsistent. Consider unsetting the owner beforehand.
     at: add_child (scene/main/node.cpp:1728)
     GDScript backtrace (most recent call first):
         [0] _build_reference_skeleton_rig (res://scripts/enemy.gd:235)
         [1] _build_body (res://scripts/enemy.gd:121)
         [2] build_object (res://scripts/dark_fantasy_object_catalog.gd:38)
         [3] select_object (res://scripts/dark_fantasy_gallery.gd:158)
         [4] _run (res://tests/dark_fantasy_gallery_test.gd:38)
WARNING: Adding 'FJ3303' as child to 'HandRPivot' will make owner 'AnatomicalSkeleton3D' inconsistent. Consider unsetting the owner beforehand.
     at: add_child (scene/main/node.cpp:1728)
     GDScript backtrace (most recent call first):
         [0] _build_reference_skeleton_rig (res://scripts/enemy.gd:235)
         [1] _build_body (res://scripts/enemy.gd:121)
         [2] build_object (res://scripts/dark_fantasy_object_catalog.gd:38)
         [3] select_object (res://scripts/dark_fantasy_gallery.gd:158)
         [4] _run (res://tests/dark_fantasy_gallery_test.gd:38)
WARNING: Adding 'FJ3304' as child to 'HandRPivot' will make owner 'AnatomicalSkeleton3D' inconsistent. Consider unsetting the owner beforehand.
     at: add_child (scene/main/node.cpp:1728)
     GDScript backtrace (most recent call first):
         [0] _build_reference_skeleton_rig (res://scripts/enemy.gd:235)
         [1] _build_body (res://scripts/enemy.gd:121)
         [2] build_object (res://scripts/dark_fantasy_object_catalog.gd:38)
         [3] select_object (res://scripts/dark_fantasy_gallery.gd:158)
         [4] _run (res://tests/dark_fantasy_gallery_test.gd:38)
WARNING: Adding 'FJ3305' as child to 'AnkleRPivot' will make owner 'AnatomicalSkeleton3D' inconsistent. Consider unsetting the owner beforehand.
     at: add_child (scene/main/node.cpp:1728)
     GDScript backtrace (most recent call first):
         [0] _build_reference_skeleton_rig (res://scripts/enemy.gd:235)
         [1] _build_body (res://scripts/enemy.gd:121)
         [2] build_object (res://scripts/dark_fantasy_object_catalog.gd:38)
         [3] select_object (res://scripts/dark_fantasy_gallery.gd:158)
         [4] _run (res://tests/dark_fantasy_gallery_test.gd:38)
WARNING: Adding 'FJ3306' as child to 'HandRPivot' will make owner 'AnatomicalSkeleton3D' inconsistent. Consider unsetting the owner beforehand.
     at: add_child (scene/main/node.cpp:1728)
     GDScript backtrace (most recent call first):
         [0] _build_reference_skeleton_rig (res://scripts/enemy.gd:235)
         [1] _build_body (res://scripts/enemy.gd:121)
         [2] build_object (res://scripts/dark_fantasy_object_catalog.gd:38)
         [3] select_object (res://scripts/dark_fantasy_gallery.gd:158)
         [4] _run (res://tests/dark_fantasy_gallery_test.gd:38)
WARNING: Adding 'FJ3307' as child to 'AnkleLPivot' will make owner 'AnatomicalSkeleton3D' inconsistent. Consider unsetting the owner beforehand.
     at: add_child (scene/main/node.cpp:1728)
     GDScript backtrace (most recent call first):
         [0] _build_reference_skeleton_rig (res://scripts/enemy.gd:235)
         [1] _build_body (res://scripts/enemy.gd:121)
         [2] build_object (res://scripts/dark_fantasy_object_catalog.gd:38)
         [3] select_object (res://scripts/dark_fantasy_gallery.gd:158)
         [4] _run (res://tests/dark_fantasy_gallery_test.gd:38)
WARNING: Adding 'FJ3308' as child to 'AnkleRPivot' will make owner 'AnatomicalSkeleton3D' inconsistent. Consider unsetting the owner beforehand.
     at: add_child (scene/main/node.cpp:1728)
     GDScript backtrace (most recent call first):
         [0] _build_reference_skeleton_rig (res://scripts/enemy.gd:235)
         [1] _build_body (res://scripts/enemy.gd:121)
         [2] build_object (res://scripts/dark_fantasy_object_catalog.gd:38)
         [3] select_object (res://scripts/dark_fantasy_gallery.gd:158)
         [4] _run (res://tests/dark_fantasy_gallery_test.gd:38)
WARNING: Adding 'FJ3309' as child to 'HeadPivot' will make owner 'AnatomicalSkeleton3D' inconsistent. Consider unsetting the owner beforehand.
     at: add_child (scene/main/node.cpp:1728)
     GDScript backtrace (most recent call first):
         [0] _build_reference_skeleton_rig (res://scripts/enemy.gd:235)
         [1] _build_body (res://scripts/enemy.gd:121)
         [2] build_object (res://scripts/dark_fantasy_object_catalog.gd:38)
         [3] select_object (res://scripts/dark_fantasy_gallery.gd:158)
         [4] _run (res://tests/dark_fantasy_gallery_test.gd:38)
WARNING: Adding 'FJ3310' as child to 'AnkleRPivot' will make owner 'AnatomicalSkeleton3D' inconsistent. Consider unsetting the owner beforehand.
     at: add_child (scene/main/node.cpp:1728)
     GDScript backtrace (most recent call first):
         [0] _build_reference_skeleton_rig (res://scripts/enemy.gd:235)
         [1] _build_body (res://scripts/enemy.gd:121)
         [2] build_object (res://scripts/dark_fantasy_object_catalog.gd:38)
         [3] select_object (res://scripts/dark_fantasy_gallery.gd:158)
         [4] _run (res://tests/dark_fantasy_gallery_test.gd:38)
WARNING: Adding 'FJ3311' as child to 'AnkleLPivot' will make owner 'AnatomicalSkeleton3D' inconsistent. Consider unsetting the owner beforehand.
     at: add_child (scene/main/node.cpp:1728)
     GDScript backtrace (most recent call first):
         [0] _build_reference_skeleton_rig (res://scripts/enemy.gd:235)
         [1] _build_body (res://scripts/enemy.gd:121)
         [2] build_object (res://scripts/dark_fantasy_object_catalog.gd:38)
         [3] select_object (res://scripts/dark_fantasy_gallery.gd:158)
         [4] _run (res://tests/dark_fantasy_gallery_test.gd:38)
WARNING: Adding 'FJ3312' as child to 'AnkleLPivot' will make owner 'AnatomicalSkeleton3D' inconsistent. Consider unsetting the owner beforehand.
     at: add_child (scene/main/node.cpp:1728)
     GDScript backtrace (most recent call first):
         [0] _build_reference_skeleton_rig (res://scripts/enemy.gd:235)
         [1] _build_body (res://scripts/enemy.gd:121)
         [2] build_object (res://scripts/dark_fantasy_object_catalog.gd:38)
         [3] select_object (res://scripts/dark_fantasy_gallery.gd:158)
         [4] _run (res://tests/dark_fantasy_gallery_test.gd:38)
WARNING: Adding 'FJ3313' as child to 'HandLPivot' will make owner 'AnatomicalSkeleton3D' inconsistent. Consider unsetting the owner beforehand.
     at: add_child (scene/main/node.cpp:1728)
     GDScript backtrace (most recent call first):
         [0] _build_reference_skeleton_rig (res://scripts/enemy.gd:235)
         [1] _build_body (res://scripts/enemy.gd:121)
         [2] build_object (res://scripts/dark_fantasy_object_catalog.gd:38)
         [3] select_object (res://scripts/dark_fantasy_gallery.gd:158)
         [4] _run (res://tests/dark_fantasy_gallery_test.gd:38)
WARNING: Adding 'FJ3314' as child to 'HandLPivot' will make owner 'AnatomicalSkeleton3D' inconsistent. Consider unsetting the owner beforehand.
     at: add_child (scene/main/node.cpp:1728)
     GDScript backtrace (most recent call first):
         [0] _build_reference_skeleton_rig (res://scripts/enemy.gd:235)
         [1] _build_body (res://scripts/enemy.gd:121)
         [2] build_object (res://scripts/dark_fantasy_object_catalog.gd:38)
         [3] select_object (res://scripts/dark_fantasy_gallery.gd:158)
         [4] _run (res://tests/dark_fantasy_gallery_test.gd:38)
WARNING: Adding 'FJ3315' as child to 'AnkleLPivot' will make owner 'AnatomicalSkeleton3D' inconsistent. Consider unsetting the owner beforehand.
     at: add_child (scene/main/node.cpp:1728)
     GDScript backtrace (most recent call first):
         [0] _build_reference_skeleton_rig (res://scripts/enemy.gd:235)
         [1] _build_body (res://scripts/enemy.gd:121)
         [2] build_object (res://scripts/dark_fantasy_object_catalog.gd:38)
         [3] select_object (res://scripts/dark_fantasy_gallery.gd:158)
         [4] _run (res://tests/dark_fantasy_gallery_test.gd:38)
WARNING: Adding 'FJ3316' as child to 'HandLPivot' will make owner 'AnatomicalSkeleton3D' inconsistent. Consider unsetting the owner beforehand.
     at: add_child (scene/main/node.cpp:1728)
     GDScript backtrace (most recent call first):
         [0] _build_reference_skeleton_rig (res://scripts/enemy.gd:235)
         [1] _build_body (res://scripts/enemy.gd:121)
         [2] build_object (res://scripts/dark_fantasy_object_catalog.gd:38)
         [3] select_object (res://scripts/dark_fantasy_gallery.gd:158)
         [4] _run (res://tests/dark_fantasy_gallery_test.gd:38)
WARNING: Adding 'FJ3317' as child to 'HandLPivot' will make owner 'AnatomicalSkeleton3D' inconsistent. Consider unsetting the owner beforehand.
     at: add_child (scene/main/node.cpp:1728)
     GDScript backtrace (most recent call first):
         [0] _build_reference_skeleton_rig (res://scripts/enemy.gd:235)
         [1] _build_body (res://scripts/enemy.gd:121)
         [2] build_object (res://scripts/dark_fantasy_object_catalog.gd:38)
         [3] select_object (res://scripts/dark_fantasy_gallery.gd:158)
         [4] _run (res://tests/dark_fantasy_gallery_test.gd:38)
WARNING: Adding 'FJ3318' as child to 'HandLPivot' will make owner 'AnatomicalSkeleton3D' inconsistent. Consider unsetting the owner beforehand.
     at: add_child (scene/main/node.cpp:1728)
     GDScript backtrace (most recent call first):
         [0] _build_reference_skeleton_rig (res://scripts/enemy.gd:235)
         [1] _build_body (res://scripts/enemy.gd:121)
         [2] build_object (res://scripts/dark_fantasy_object_catalog.gd:38)
         [3] select_object (res://scripts/dark_fantasy_gallery.gd:158)
         [4] _run (res://tests/dark_fantasy_gallery_test.gd:38)
WARNING: Adding 'FJ3319' as child to 'AnkleRPivot' will make owner 'AnatomicalSkeleton3D' inconsistent. Consider unsetting the owner beforehand.
     at: add_child (scene/main/node.cpp:1728)
     GDScript backtrace (most recent call first):
         [0] _build_reference_skeleton_rig (res://scripts/enemy.gd:235)
         [1] _build_body (res://scripts/enemy.gd:121)
         [2] build_object (res://scripts/dark_fantasy_object_catalog.gd:38)
         [3] select_object (res://scripts/dark_fantasy_gallery.gd:158)
         [4] _run (res://tests/dark_fantasy_gallery_test.gd:38)
WARNING: Adding 'FJ3320' as child to 'AnkleRPivot' will make owner 'AnatomicalSkeleton3D' inconsistent. Consider unsetting the owner beforehand.
     at: add_child (scene/main/node.cpp:1728)
     GDScript backtrace (most recent call first):
         [0] _build_reference_skeleton_rig (res://scripts/enemy.gd:235)
         [1] _build_body (res://scripts/enemy.gd:121)
         [2] build_object (res://scripts/dark_fantasy_object_catalog.gd:38)
         [3] select_object (res://scripts/dark_fantasy_gallery.gd:158)
         [4] _run (res://tests/dark_fantasy_gallery_test.gd:38)
WARNING: Adding 'FJ3321' as child to 'AnkleRPivot' will make owner 'AnatomicalSkeleton3D' inconsistent. Consider unsetting the owner beforehand.
     at: add_child (scene/main/node.cpp:1728)
     GDScript backtrace (most recent call first):
         [0] _build_reference_skeleton_rig (res://scripts/enemy.gd:235)
         [1] _build_body (res://scripts/enemy.gd:121)
         [2] build_object (res://scripts/dark_fantasy_object_catalog.gd:38)
         [3] select_object (res://scripts/dark_fantasy_gallery.gd:158)
         [4] _run (res://tests/dark_fantasy_gallery_test.gd:38)
WARNING: Adding 'FJ3322' as child to 'HandRPivot' will make owner 'AnatomicalSkeleton3D' inconsistent. Consider unsetting the owner beforehand.
     at: add_child (scene/main/node.cpp:1728)
     GDScript backtrace (most recent call first):
         [0] _build_reference_skeleton_rig (res://scripts/enemy.gd:235)
         [1] _build_body (res://scripts/enemy.gd:121)
         [2] build_object (res://scripts/dark_fantasy_object_catalog.gd:38)
         [3] select_object (res://scripts/dark_fantasy_gallery.gd:158)
         [4] _run (res://tests/dark_fantasy_gallery_test.gd:38)
WARNING: Adding 'FJ3323' as child to 'HandRPivot' will make owner 'AnatomicalSkeleton3D' inconsistent. Consider unsetting the owner beforehand.
     at: add_child (scene/main/node.cpp:1728)
     GDScript backtrace (most recent call first):
         [0] _build_reference_skeleton_rig (res://scripts/enemy.gd:235)
         [1] _build_body (res://scripts/enemy.gd:121)
         [2] build_object (res://scripts/dark_fantasy_object_catalog.gd:38)
         [3] select_object (res://scripts/dark_fantasy_gallery.gd:158)
         [4] _run (res://tests/dark_fantasy_gallery_test.gd:38)
WARNING: Adding 'FJ3324' as child to 'AnkleRPivot' will make owner 'AnatomicalSkeleton3D' inconsistent. Consider unsetting the owner beforehand.
     at: add_child (scene/main/node.cpp:1728)
     GDScript backtrace (most recent call first):
         [0] _build_reference_skeleton_rig (res://scripts/enemy.gd:235)
         [1] _build_body (res://scripts/enemy.gd:121)
         [2] build_object (res://scripts/dark_fantasy_object_catalog.gd:38)
         [3] select_object (res://scripts/dark_fantasy_gallery.gd:158)
         [4] _run (res://tests/dark_fantasy_gallery_test.gd:38)
WARNING: Adding 'FJ3325' as child to 'HandRPivot' will make owner 'AnatomicalSkeleton3D' inconsistent. Consider unsetting the owner beforehand.
     at: add_child (scene/main/node.cpp:1728)
     GDScript backtrace (most recent call first):
         [0] _build_reference_skeleton_rig (res://scripts/enemy.gd:235)
         [1] _build_body (res://scripts/enemy.gd:121)
         [2] build_object (res://scripts/dark_fantasy_object_catalog.gd:38)
         [3] select_object (res://scripts/dark_fantasy_gallery.gd:158)
         [4] _run (res://tests/dark_fantasy_gallery_test.gd:38)
WARNING: Adding 'FJ3326' as child to 'HandRPivot' will make owner 'AnatomicalSkeleton3D' inconsistent. Consider unsetting the owner beforehand.
     at: add_child (scene/main/node.cpp:1728)
     GDScript backtrace (most recent call first):
         [0] _build_reference_skeleton_rig (res://scripts/enemy.gd:235)
         [1] _build_body (res://scripts/enemy.gd:121)
         [2] build_object (res://scripts/dark_fantasy_object_catalog.gd:38)
         [3] select_object (res://scripts/dark_fantasy_gallery.gd:158)
         [4] _run (res://tests/dark_fantasy_gallery_test.gd:38)
WARNING: Adding 'FJ3327' as child to 'HandRPivot' will make owner 'AnatomicalSkeleton3D' inconsistent. Consider unsetting the owner beforehand.
     at: add_child (scene/main/node.cpp:1728)
     GDScript backtrace (most recent call first):
         [0] _build_reference_skeleton_rig (res://scripts/enemy.gd:235)
         [1] _build_body (res://scripts/enemy.gd:121)
         [2] build_object (res://scripts/dark_fantasy_object_catalog.gd:38)
         [3] select_object (res://scripts/dark_fantasy_gallery.gd:158)
         [4] _run (res://tests/dark_fantasy_gallery_test.gd:38)
WARNING: Adding 'FJ3328' as child to 'AnkleLPivot' will make owner 'AnatomicalSkeleton3D' inconsistent. Consider unsetting the owner beforehand.
     at: add_child (scene/main/node.cpp:1728)
     GDScript backtrace (most recent call first):
         [0] _build_reference_skeleton_rig (res://scripts/enemy.gd:235)
         [1] _build_body (res://scripts/enemy.gd:121)
         [2] build_object (res://scripts/dark_fantasy_object_catalog.gd:38)
         [3] select_object (res://scripts/dark_fantasy_gallery.gd:158)
         [4] _run (res://tests/dark_fantasy_gallery_test.gd:38)
WARNING: Adding 'FJ3329' as child to 'AnkleLPivot' will make owner 'AnatomicalSkeleton3D' inconsistent. Consider unsetting the owner beforehand.
     at: add_child (scene/main/node.cpp:1728)
     GDScript backtrace (most recent call first):
         [0] _build_reference_skeleton_rig (res://scripts/enemy.gd:235)
         [1] _build_body (res://scripts/enemy.gd:121)
         [2] build_object (res://scripts/dark_fantasy_object_catalog.gd:38)
         [3] select_object (res://scripts/dark_fantasy_gallery.gd:158)
         [4] _run (res://tests/dark_fantasy_gallery_test.gd:38)
WARNING: Adding 'FJ3330' as child to 'TorsoPivot' will make owner 'AnatomicalSkeleton3D' inconsistent. Consider unsetting the owner beforehand.
     at: add_child (scene/main/node.cpp:1728)
     GDScript backtrace (most recent call first):
         [0] _build_reference_skeleton_rig (res://scripts/enemy.gd:235)
         [1] _build_body (res://scripts/enemy.gd:121)
         [2] build_object (res://scripts/dark_fantasy_object_catalog.gd:38)
         [3] select_object (res://scripts/dark_fantasy_gallery.gd:158)
         [4] _run (res://tests/dark_fantasy_gallery_test.gd:38)
WARNING: Adding 'FJ3331' as child to 'TorsoPivot' will make owner 'AnatomicalSkeleton3D' inconsistent. Consider unsetting the owner beforehand.
     at: add_child (scene/main/node.cpp:1728)
     GDScript backtrace (most recent call first):
         [0] _build_reference_skeleton_rig (res://scripts/enemy.gd:235)
         [1] _build_body (res://scripts/enemy.gd:121)
         [2] build_object (res://scripts/dark_fantasy_object_catalog.gd:38)
         [3] select_object (res://scripts/dark_fantasy_gallery.gd:158)
         [4] _run (res://tests/dark_fantasy_gallery_test.gd:38)
WARNING: Adding 'FJ3332' as child to 'TorsoPivot' will make owner 'AnatomicalSkeleton3D' inconsistent. Consider unsetting the owner beforehand.
     at: add_child (scene/main/node.cpp:1728)
     GDScript backtrace (most recent call first):
         [0] _build_reference_skeleton_rig (res://scripts/enemy.gd:235)
         [1] _build_body (res://scripts/enemy.gd:121)
         [2] build_object (res://scripts/dark_fantasy_object_catalog.gd:38)
         [3] select_object (res://scripts/dark_fantasy_gallery.gd:158)
         [4] _run (res://tests/dark_fantasy_gallery_test.gd:38)
WARNING: Adding 'FJ3334' as child to 'TorsoPivot' will make owner 'AnatomicalSkeleton3D' inconsistent. Consider unsetting the owner beforehand.
     at: add_child (scene/main/node.cpp:1728)
     GDScript backtrace (most recent call first):
         [0] _build_reference_skeleton_rig (res://scripts/enemy.gd:235)
         [1] _build_body (res://scripts/enemy.gd:121)
         [2] build_object (res://scripts/dark_fantasy_object_catalog.gd:38)
         [3] select_object (res://scripts/dark_fantasy_gallery.gd:158)
         [4] _run (res://tests/dark_fantasy_gallery_test.gd:38)
WARNING: Adding 'FJ3336' as child to 'TorsoPivot' will make owner 'AnatomicalSkeleton3D' inconsistent. Consider unsetting the owner beforehand.
     at: add_child (scene/main/node.cpp:1728)
     GDScript backtrace (most recent call first):
         [0] _build_reference_skeleton_rig (res://scripts/enemy.gd:235)
         [1] _build_body (res://scripts/enemy.gd:121)
         [2] build_object (res://scripts/dark_fantasy_object_catalog.gd:38)
         [3] select_object (res://scripts/dark_fantasy_gallery.gd:158)
         [4] _run (res://tests/dark_fantasy_gallery_test.gd:38)
WARNING: Adding 'FJ3338' as child to 'TorsoPivot' will make owner 'AnatomicalSkeleton3D' inconsistent. Consider unsetting the owner beforehand.
     at: add_child (scene/main/node.cpp:1728)
     GDScript backtrace (most recent call first):
         [0] _build_reference_skeleton_rig (res://scripts/enemy.gd:235)
         [1] _build_body (res://scripts/enemy.gd:121)
         [2] build_object (res://scripts/dark_fantasy_object_catalog.gd:38)
         [3] select_object (res://scripts/dark_fantasy_gallery.gd:158)
         [4] _run (res://tests/dark_fantasy_gallery_test.gd:38)
WARNING: Adding 'FJ3340' as child to 'TorsoPivot' will make owner 'AnatomicalSkeleton3D' inconsistent. Consider unsetting the owner beforehand.
     at: add_child (scene/main/node.cpp:1728)
     GDScript backtrace (most recent call first):
         [0] _build_reference_skeleton_rig (res://scripts/enemy.gd:235)
         [1] _build_body (res://scripts/enemy.gd:121)
         [2] build_object (res://scripts/dark_fantasy_object_catalog.gd:38)
         [3] select_object (res://scripts/dark_fantasy_gallery.gd:158)
         [4] _run (res://tests/dark_fantasy_gallery_test.gd:38)
WARNING: Adding 'FJ3342' as child to 'TorsoPivot' will make owner 'AnatomicalSkeleton3D' inconsistent. Consider unsetting the owner beforehand.
     at: add_child (scene/main/node.cpp:1728)
     GDScript backtrace (most recent call first):
         [0] _build_reference_skeleton_rig (res://scripts/enemy.gd:235)
         [1] _build_body (res://scripts/enemy.gd:121)
         [2] build_object (res://scripts/dark_fantasy_object_catalog.gd:38)
         [3] select_object (res://scripts/dark_fantasy_gallery.gd:158)
         [4] _run (res://tests/dark_fantasy_gallery_test.gd:38)
WARNING: Adding 'FJ3344' as child to 'TorsoPivot' will make owner 'AnatomicalSkeleton3D' inconsistent. Consider unsetting the owner beforehand.
     at: add_child (scene/main/node.cpp:1728)
     GDScript backtrace (most recent call first):
         [0] _build_reference_skeleton_rig (res://scripts/enemy.gd:235)
         [1] _build_body (res://scripts/enemy.gd:121)
         [2] build_object (res://scripts/dark_fantasy_object_catalog.gd:38)
         [3] select_object (res://scripts/dark_fantasy_gallery.gd:158)
         [4] _run (res://tests/dark_fantasy_gallery_test.gd:38)
WARNING: Adding 'FJ3346' as child to 'TorsoPivot' will make owner 'AnatomicalSkeleton3D' inconsistent. Consider unsetting the owner beforehand.
     at: add_child (scene/main/node.cpp:1728)
     GDScript backtrace (most recent call first):
         [0] _build_reference_skeleton_rig (res://scripts/enemy.gd:235)
         [1] _build_body (res://scripts/enemy.gd:121)
         [2] build_object (res://scripts/dark_fantasy_object_catalog.gd:38)
         [3] select_object (res://scripts/dark_fantasy_gallery.gd:158)
         [4] _run (res://tests/dark_fantasy_gallery_test.gd:38)
WARNING: Adding 'FJ3347' as child to 'TorsoPivot' will make owner 'AnatomicalSkeleton3D' inconsistent. Consider unsetting the owner beforehand.
     at: add_child (scene/main/node.cpp:1728)
     GDScript backtrace (most recent call first):
         [0] _build_reference_skeleton_rig (res://scripts/enemy.gd:235)
         [1] _build_body (res://scripts/enemy.gd:121)
         [2] build_object (res://scripts/dark_fantasy_object_catalog.gd:38)
         [3] select_object (res://scripts/dark_fantasy_gallery.gd:158)
         [4] _run (res://tests/dark_fantasy_gallery_test.gd:38)
WARNING: Adding 'FJ3348' as child to 'TorsoPivot' will make owner 'AnatomicalSkeleton3D' inconsistent. Consider unsetting the owner beforehand.
     at: add_child (scene/main/node.cpp:1728)
     GDScript backtrace (most recent call first):
         [0] _build_reference_skeleton_rig (res://scripts/enemy.gd:235)
         [1] _build_body (res://scripts/enemy.gd:121)
         [2] build_object (res://scripts/dark_fantasy_object_catalog.gd:38)
         [3] select_object (res://scripts/dark_fantasy_gallery.gd:158)
         [4] _run (res://tests/dark_fantasy_gallery_test.gd:38)
WARNING: Adding 'FJ3349' as child to 'ElbowRPivot' will make owner 'AnatomicalSkeleton3D' inconsistent. Consider unsetting the owner beforehand.
     at: add_child (scene/main/node.cpp:1728)
     GDScript backtrace (most recent call first):
         [0] _build_reference_skeleton_rig (res://scripts/enemy.gd:235)
         [1] _build_body (res://scripts/enemy.gd:121)
         [2] build_object (res://scripts/dark_fantasy_object_catalog.gd:38)
         [3] select_object (res://scripts/dark_fantasy_gallery.gd:158)
         [4] _run (res://tests/dark_fantasy_gallery_test.gd:38)
WARNING: Adding 'FJ3350' as child to 'HandRPivot' will make owner 'AnatomicalSkeleton3D' inconsistent. Consider unsetting the owner beforehand.
     at: add_child (scene/main/node.cpp:1728)
     GDScript backtrace (most recent call first):
         [0] _build_reference_skeleton_rig (res://scripts/enemy.gd:235)
         [1] _build_body (res://scripts/enemy.gd:121)
         [2] build_object (res://scripts/dark_fantasy_object_catalog.gd:38)
         [3] select_object (res://scripts/dark_fantasy_gallery.gd:158)
         [4] _run (res://tests/dark_fantasy_gallery_test.gd:38)
WARNING: Adding 'FJ3351' as child to 'AnkleRPivot' will make owner 'AnatomicalSkeleton3D' inconsistent. Consider unsetting the owner beforehand.
     at: add_child (scene/main/node.cpp:1728)
     GDScript backtrace (most recent call first):
         [0] _build_reference_skeleton_rig (res://scripts/enemy.gd:235)
         [1] _build_body (res://scripts/enemy.gd:121)
         [2] build_object (res://scripts/dark_fantasy_object_catalog.gd:38)
         [3] select_object (res://scripts/dark_fantasy_gallery.gd:158)
         [4] _run (res://tests/dark_fantasy_gallery_test.gd:38)
WARNING: Adding 'FJ3352' as child to 'HandRPivot' will make owner 'AnatomicalSkeleton3D' inconsistent. Consider unsetting the owner beforehand.
     at: add_child (scene/main/node.cpp:1728)
     GDScript backtrace (most recent call first):
         [0] _build_reference_skeleton_rig (res://scripts/enemy.gd:235)
         [1] _build_body (res://scripts/enemy.gd:121)
         [2] build_object (res://scripts/dark_fantasy_object_catalog.gd:38)
         [3] select_object (res://scripts/dark_fantasy_gallery.gd:158)
         [4] _run (res://tests/dark_fantasy_gallery_test.gd:38)
WARNING: Adding 'FJ3353' as child to 'AnkleRPivot' will make owner 'AnatomicalSkeleton3D' inconsistent. Consider unsetting the owner beforehand.
     at: add_child (scene/main/node.cpp:1728)
     GDScript backtrace (most recent call first):
         [0] _build_reference_skeleton_rig (res://scripts/enemy.gd:235)
         [1] _build_body (res://scripts/enemy.gd:121)
         [2] build_object (res://scripts/dark_fantasy_object_catalog.gd:38)
         [3] select_object (res://scripts/dark_fantasy_gallery.gd:158)
         [4] _run (res://tests/dark_fantasy_gallery_test.gd:38)
WARNING: Adding 'FJ3354' as child to 'HandRPivot' will make owner 'AnatomicalSkeleton3D' inconsistent. Consider unsetting the owner beforehand.
     at: add_child (scene/main/node.cpp:1728)
     GDScript backtrace (most recent call first):
         [0] _build_reference_skeleton_rig (res://scripts/enemy.gd:235)
         [1] _build_body (res://scripts/enemy.gd:121)
         [2] build_object (res://scripts/dark_fantasy_object_catalog.gd:38)
         [3] select_object (res://scripts/dark_fantasy_gallery.gd:158)
         [4] _run (res://tests/dark_fantasy_gallery_test.gd:38)
WARNING: Adding 'FJ3355' as child to 'AnkleRPivot' will make owner 'AnatomicalSkeleton3D' inconsistent. Consider unsetting the owner beforehand.
     at: add_child (scene/main/node.cpp:1728)
     GDScript backtrace (most recent call first):
         [0] _build_reference_skeleton_rig (res://scripts/enemy.gd:235)
         [1] _build_body (res://scripts/enemy.gd:121)
         [2] build_object (res://scripts/dark_fantasy_object_catalog.gd:38)
         [3] select_object (res://scripts/dark_fantasy_gallery.gd:158)
         [4] _run (res://tests/dark_fantasy_gallery_test.gd:38)
WARNING: Adding 'FJ3356' as child to 'HandRPivot' will make owner 'AnatomicalSkeleton3D' inconsistent. Consider unsetting the owner beforehand.
     at: add_child (scene/main/node.cpp:1728)
     GDScript backtrace (most recent call first):
         [0] _build_reference_skeleton_rig (res://scripts/enemy.gd:235)
         [1] _build_body (res://scripts/enemy.gd:121)
         [2] build_object (res://scripts/dark_fantasy_object_catalog.gd:38)
         [3] select_object (res://scripts/dark_fantasy_gallery.gd:158)
         [4] _run (res://tests/dark_fantasy_gallery_test.gd:38)
WARNING: Adding 'FJ3357' as child to 'AnkleRPivot' will make owner 'AnatomicalSkeleton3D' inconsistent. Consider unsetting the owner beforehand.
     at: add_child (scene/main/node.cpp:1728)
     GDScript backtrace (most recent call first):
         [0] _build_reference_skeleton_rig (res://scripts/enemy.gd:235)
         [1] _build_body (res://scripts/enemy.gd:121)
         [2] build_object (res://scripts/dark_fantasy_object_catalog.gd:38)
         [3] select_object (res://scripts/dark_fantasy_gallery.gd:158)
         [4] _run (res://tests/dark_fantasy_gallery_test.gd:38)
WARNING: Adding 'FJ3358' as child to 'HandRPivot' will make owner 'AnatomicalSkeleton3D' inconsistent. Consider unsetting the owner beforehand.
     at: add_child (scene/main/node.cpp:1728)
     GDScript backtrace (most recent call first):
         [0] _build_reference_skeleton_rig (res://scripts/enemy.gd:235)
         [1] _build_body (res://scripts/enemy.gd:121)
         [2] build_object (res://scripts/dark_fantasy_object_catalog.gd:38)
         [3] select_object (res://scripts/dark_fantasy_gallery.gd:158)
         [4] _run (res://tests/dark_fantasy_gallery_test.gd:38)
WARNING: Adding 'FJ3359' as child to 'AnkleRPivot' will make owner 'AnatomicalSkeleton3D' inconsistent. Consider unsetting the owner beforehand.
     at: add_child (scene/main/node.cpp:1728)
     GDScript backtrace (most recent call first):
         [0] _build_reference_skeleton_rig (res://scripts/enemy.gd:235)
         [1] _build_body (res://scripts/enemy.gd:121)
         [2] build_object (res://scripts/dark_fantasy_object_catalog.gd:38)
         [3] select_object (res://scripts/dark_fantasy_gallery.gd:158)
         [4] _run (res://tests/dark_fantasy_gallery_test.gd:38)
WARNING: Adding 'FJ3360' as child to 'AnkleRPivot' will make owner 'AnatomicalSkeleton3D' inconsistent. Consider unsetting the owner beforehand.
     at: add_child (scene/main/node.cpp:1728)
     GDScript backtrace (most recent call first):
         [0] _build_reference_skeleton_rig (res://scripts/enemy.gd:235)
         [1] _build_body (res://scripts/enemy.gd:121)
         [2] build_object (res://scripts/dark_fantasy_object_catalog.gd:38)
         [3] select_object (res://scripts/dark_fantasy_gallery.gd:158)
         [4] _run (res://tests/dark_fantasy_gallery_test.gd:38)
WARNING: Adding 'FJ3361' as child to 'HandRPivot' will make owner 'AnatomicalSkeleton3D' inconsistent. Consider unsetting the owner beforehand.
     at: add_child (scene/main/node.cpp:1728)
     GDScript backtrace (most recent call first):
         [0] _build_reference_skeleton_rig (res://scripts/enemy.gd:235)
         [1] _build_body (res://scripts/enemy.gd:121)
         [2] build_object (res://scripts/dark_fantasy_object_catalog.gd:38)
         [3] select_object (res://scripts/dark_fantasy_gallery.gd:158)
         [4] _run (res://tests/dark_fantasy_gallery_test.gd:38)
WARNING: Adding 'FJ3362' as child to 'ShoulderRPivot' will make owner 'AnatomicalSkeleton3D' inconsistent. Consider unsetting the owner beforehand.
     at: add_child (scene/main/node.cpp:1728)
     GDScript backtrace (most recent call first):
         [0] _build_reference_skeleton_rig (res://scripts/enemy.gd:235)
         [1] _build_body (res://scripts/enemy.gd:121)
         [2] build_object (res://scripts/dark_fantasy_object_catalog.gd:38)
         [3] select_object (res://scripts/dark_fantasy_gallery.gd:158)
         [4] _run (res://tests/dark_fantasy_gallery_test.gd:38)
WARNING: Adding 'FJ3364' as child to 'AnkleRPivot' will make owner 'AnatomicalSkeleton3D' inconsistent. Consider unsetting the owner beforehand.
     at: add_child (scene/main/node.cpp:1728)
     GDScript backtrace (most recent call first):
         [0] _build_reference_skeleton_rig (res://scripts/enemy.gd:235)
         [1] _build_body (res://scripts/enemy.gd:121)
         [2] build_object (res://scripts/dark_fantasy_object_catalog.gd:38)
         [3] select_object (res://scripts/dark_fantasy_gallery.gd:158)
         [4] _run (res://tests/dark_fantasy_gallery_test.gd:38)
WARNING: Adding 'FJ3365' as child to 'LegRPivot' will make owner 'AnatomicalSkeleton3D' inconsistent. Consider unsetting the owner beforehand.
     at: add_child (scene/main/node.cpp:1728)
     GDScript backtrace (most recent call first):
         [0] _build_reference_skeleton_rig (res://scripts/enemy.gd:235)
         [1] _build_body (res://scripts/enemy.gd:121)
         [2] build_object (res://scripts/dark_fantasy_object_catalog.gd:38)
         [3] select_object (res://scripts/dark_fantasy_gallery.gd:158)
         [4] _run (res://tests/dark_fantasy_gallery_test.gd:38)
WARNING: Adding 'FJ3366' as child to 'KneeRPivot' will make owner 'AnatomicalSkeleton3D' inconsistent. Consider unsetting the owner beforehand.
     at: add_child (scene/main/node.cpp:1728)
     GDScript backtrace (most recent call first):
         [0] _build_reference_skeleton_rig (res://scripts/enemy.gd:235)
         [1] _build_body (res://scripts/enemy.gd:121)
         [2] build_object (res://scripts/dark_fantasy_object_catalog.gd:38)
         [3] select_object (res://scripts/dark_fantasy_gallery.gd:158)
         [4] _run (res://tests/dark_fantasy_gallery_test.gd:38)
WARNING: Adding 'FJ3367' as child to 'HandRPivot' will make owner 'AnatomicalSkeleton3D' inconsistent. Consider unsetting the owner beforehand.
     at: add_child (scene/main/node.cpp:1728)
     GDScript backtrace (most recent call first):
         [0] _build_reference_skeleton_rig (res://scripts/enemy.gd:235)
         [1] _build_body (res://scripts/enemy.gd:121)
         [2] build_object (res://scripts/dark_fantasy_object_catalog.gd:38)
         [3] select_object (res://scripts/dark_fantasy_gallery.gd:158)
         [4] _run (res://tests/dark_fantasy_gallery_test.gd:38)
WARNING: Adding 'FJ3368' as child to 'ArmRPivot' will make owner 'AnatomicalSkeleton3D' inconsistent. Consider unsetting the owner beforehand.
     at: add_child (scene/main/node.cpp:1728)
     GDScript backtrace (most recent call first):
         [0] _build_reference_skeleton_rig (res://scripts/enemy.gd:235)
         [1] _build_body (res://scripts/enemy.gd:121)
         [2] build_object (res://scripts/dark_fantasy_object_catalog.gd:38)
         [3] select_object (res://scripts/dark_fantasy_gallery.gd:158)
         [4] _run (res://tests/dark_fantasy_gallery_test.gd:38)
WARNING: Adding 'FJ3369' as child to 'HeadPivot' will make owner 'AnatomicalSkeleton3D' inconsistent. Consider unsetting the owner beforehand.
     at: add_child (scene/main/node.cpp:1728)
     GDScript backtrace (most recent call first):
         [0] _build_reference_skeleton_rig (res://scripts/enemy.gd:235)
         [1] _build_body (res://scripts/enemy.gd:121)
         [2] build_object (res://scripts/dark_fantasy_object_catalog.gd:38)
         [3] select_object (res://scripts/dark_fantasy_gallery.gd:158)
         [4] _run (res://tests/dark_fantasy_gallery_test.gd:38)
WARNING: Adding 'FJ3370' as child to 'AnkleRPivot' will make owner 'AnatomicalSkeleton3D' inconsistent. Consider unsetting the owner beforehand.
     at: add_child (scene/main/node.cpp:1728)
     GDScript backtrace (most recent call first):
         [0] _build_reference_skeleton_rig (res://scripts/enemy.gd:235)
         [1] _build_body (res://scripts/enemy.gd:121)
         [2] build_object (res://scripts/dark_fantasy_object_catalog.gd:38)
         [3] select_object (res://scripts/dark_fantasy_gallery.gd:158)
         [4] _run (res://tests/dark_fantasy_gallery_test.gd:38)
WARNING: Adding 'FJ3371' as child to 'HeadPivot' will make owner 'AnatomicalSkeleton3D' inconsistent. Consider unsetting the owner beforehand.
     at: add_child (scene/main/node.cpp:1728)
     GDScript backtrace (most recent call first):
         [0] _build_reference_skeleton_rig (res://scripts/enemy.gd:235)
         [1] _build_body (res://scripts/enemy.gd:121)
         [2] build_object (res://scripts/dark_fantasy_object_catalog.gd:38)
         [3] select_object (res://scripts/dark_fantasy_gallery.gd:158)
         [4] _run (res://tests/dark_fantasy_gallery_test.gd:38)
WARNING: Adding 'FJ3373' as child to 'AnkleRPivot' will make owner 'AnatomicalSkeleton3D' inconsistent. Consider unsetting the owner beforehand.
     at: add_child (scene/main/node.cpp:1728)
     GDScript backtrace (most recent call first):
         [0] _build_reference_skeleton_rig (res://scripts/enemy.gd:235)
         [1] _build_body (res://scripts/enemy.gd:121)
         [2] build_object (res://scripts/dark_fantasy_object_catalog.gd:38)
         [3] select_object (res://scripts/dark_fantasy_gallery.gd:158)
         [4] _run (res://tests/dark_fantasy_gallery_test.gd:38)
WARNING: Adding 'FJ3374' as child to 'HandRPivot' will make owner 'AnatomicalSkeleton3D' inconsistent. Consider unsetting the owner beforehand.
     at: add_child (scene/main/node.cpp:1728)
     GDScript backtrace (most recent call first):
         [0] _build_reference_skeleton_rig (res://scripts/enemy.gd:235)
         [1] _build_body (res://scripts/enemy.gd:121)
         [2] build_object (res://scripts/dark_fantasy_object_catalog.gd:38)
         [3] select_object (res://scripts/dark_fantasy_gallery.gd:158)
         [4] _run (res://tests/dark_fantasy_gallery_test.gd:38)
WARNING: Adding 'FJ3375' as child to 'HeadPivot' will make owner 'AnatomicalSkeleton3D' inconsistent. Consider unsetting the owner beforehand.
     at: add_child (scene/main/node.cpp:1728)
     GDScript backtrace (most recent call first):
         [0] _build_reference_skeleton_rig (res://scripts/enemy.gd:235)
         [1] _build_body (res://scripts/enemy.gd:121)
         [2] build_object (res://scripts/dark_fantasy_object_catalog.gd:38)
         [3] select_object (res://scripts/dark_fantasy_gallery.gd:158)
         [4] _run (res://tests/dark_fantasy_gallery_test.gd:38)
WARNING: Adding 'FJ3377' as child to 'AnkleRPivot' will make owner 'AnatomicalSkeleton3D' inconsistent. Consider unsetting the owner beforehand.
     at: add_child (scene/main/node.cpp:1728)
     GDScript backtrace (most recent call first):
         [0] _build_reference_skeleton_rig (res://scripts/enemy.gd:235)
         [1] _build_body (res://scripts/enemy.gd:121)
         [2] build_object (res://scripts/dark_fantasy_object_catalog.gd:38)
         [3] select_object (res://scripts/dark_fantasy_gallery.gd:158)
         [4] _run (res://tests/dark_fantasy_gallery_test.gd:38)
WARNING: Adding 'FJ3378' as child to 'HeadPivot' will make owner 'AnatomicalSkeleton3D' inconsistent. Consider unsetting the owner beforehand.
     at: add_child (scene/main/node.cpp:1728)
     GDScript backtrace (most recent call first):
         [0] _build_reference_skeleton_rig (res://scripts/enemy.gd:235)
         [1] _build_body (res://scripts/enemy.gd:121)
         [2] build_object (res://scripts/dark_fantasy_object_catalog.gd:38)
         [3] select_object (res://scripts/dark_fantasy_gallery.gd:158)
         [4] _run (res://tests/dark_fantasy_gallery_test.gd:38)
WARNING: Adding 'FJ3379' as child to 'HeadPivot' will make owner 'AnatomicalSkeleton3D' inconsistent. Consider unsetting the owner beforehand.
     at: add_child (scene/main/node.cpp:1728)
     GDScript backtrace (most recent call first):
         [0] _build_reference_skeleton_rig (res://scripts/enemy.gd:235)
         [1] _build_body (res://scripts/enemy.gd:121)
         [2] build_object (res://scripts/dark_fantasy_object_catalog.gd:38)
         [3] select_object (res://scripts/dark_fantasy_gallery.gd:158)
         [4] _run (res://tests/dark_fantasy_gallery_test.gd:38)
WARNING: Adding 'FJ3380' as child to 'HeadPivot' will make owner 'AnatomicalSkeleton3D' inconsistent. Consider unsetting the owner beforehand.
     at: add_child (scene/main/node.cpp:1728)
     GDScript backtrace (most recent call first):
         [0] _build_reference_skeleton_rig (res://scripts/enemy.gd:235)
         [1] _build_body (res://scripts/enemy.gd:121)
         [2] build_object (res://scripts/dark_fantasy_object_catalog.gd:38)
         [3] select_object (res://scripts/dark_fantasy_gallery.gd:158)
         [4] _run (res://tests/dark_fantasy_gallery_test.gd:38)
WARNING: Adding 'FJ3381' as child to 'KneeRPivot' will make owner 'AnatomicalSkeleton3D' inconsistent. Consider unsetting the owner beforehand.
     at: add_child (scene/main/node.cpp:1728)
     GDScript backtrace (most recent call first):
         [0] _build_reference_skeleton_rig (res://scripts/enemy.gd:235)
         [1] _build_body (res://scripts/enemy.gd:121)
         [2] build_object (res://scripts/dark_fantasy_object_catalog.gd:38)
         [3] select_object (res://scripts/dark_fantasy_gallery.gd:158)
         [4] _run (res://tests/dark_fantasy_gallery_test.gd:38)
WARNING: Adding 'FJ3382' as child to 'HandRPivot' will make owner 'AnatomicalSkeleton3D' inconsistent. Consider unsetting the owner beforehand.
     at: add_child (scene/main/node.cpp:1728)
     GDScript backtrace (most recent call first):
         [0] _build_reference_skeleton_rig (res://scripts/enemy.gd:235)
         [1] _build_body (res://scripts/enemy.gd:121)
         [2] build_object (res://scripts/dark_fantasy_object_catalog.gd:38)
         [3] select_object (res://scripts/dark_fantasy_gallery.gd:158)
         [4] _run (res://tests/dark_fantasy_gallery_test.gd:38)
WARNING: Adding 'FJ3383' as child to 'HandRPivot' will make owner 'AnatomicalSkeleton3D' inconsistent. Consider unsetting the owner beforehand.
     at: add_child (scene/main/node.cpp:1728)
     GDScript backtrace (most recent call first):
         [0] _build_reference_skeleton_rig (res://scripts/enemy.gd:235)
         [1] _build_body (res://scripts/enemy.gd:121)
         [2] build_object (res://scripts/dark_fantasy_object_catalog.gd:38)
         [3] select_object (res://scripts/dark_fantasy_gallery.gd:158)
         [4] _run (res://tests/dark_fantasy_gallery_test.gd:38)
WARNING: Adding 'FJ3384' as child to 'ShoulderRPivot' will make owner 'AnatomicalSkeleton3D' inconsistent. Consider unsetting the owner beforehand.
     at: add_child (scene/main/node.cpp:1728)
     GDScript backtrace (most recent call first):
         [0] _build_reference_skeleton_rig (res://scripts/enemy.gd:235)
         [1] _build_body (res://scripts/enemy.gd:121)
         [2] build_object (res://scripts/dark_fantasy_object_catalog.gd:38)
         [3] select_object (res://scripts/dark_fantasy_gallery.gd:158)
         [4] _run (res://tests/dark_fantasy_gallery_test.gd:38)
WARNING: Adding 'FJ3385' as child to 'AnkleRPivot' will make owner 'AnatomicalSkeleton3D' inconsistent. Consider unsetting the owner beforehand.
     at: add_child (scene/main/node.cpp:1728)
     GDScript backtrace (most recent call first):
         [0] _build_reference_skeleton_rig (res://scripts/enemy.gd:235)
         [1] _build_body (res://scripts/enemy.gd:121)
         [2] build_object (res://scripts/dark_fantasy_object_catalog.gd:38)
         [3] select_object (res://scripts/dark_fantasy_gallery.gd:158)
         [4] _run (res://tests/dark_fantasy_gallery_test.gd:38)
WARNING: Adding 'FJ3386' as child to 'HeadPivot' will make owner 'AnatomicalSkeleton3D' inconsistent. Consider unsetting the owner beforehand.
     at: add_child (scene/main/node.cpp:1728)
     GDScript backtrace (most recent call first):
         [0] _build_reference_skeleton_rig (res://scripts/enemy.gd:235)
         [1] _build_body (res://scripts/enemy.gd:121)
         [2] build_object (res://scripts/dark_fantasy_object_catalog.gd:38)
         [3] select_object (res://scripts/dark_fantasy_gallery.gd:158)
         [4] _run (res://tests/dark_fantasy_gallery_test.gd:38)
WARNING: Adding 'FJ3387' as child to 'KneeRPivot' will make owner 'AnatomicalSkeleton3D' inconsistent. Consider unsetting the owner beforehand.
     at: add_child (scene/main/node.cpp:1728)
     GDScript backtrace (most recent call first):
         [0] _build_reference_skeleton_rig (res://scripts/enemy.gd:235)
         [1] _build_body (res://scripts/enemy.gd:121)
         [2] build_object (res://scripts/dark_fantasy_object_catalog.gd:38)
         [3] select_object (res://scripts/dark_fantasy_gallery.gd:158)
         [4] _run (res://tests/dark_fantasy_gallery_test.gd:38)
WARNING: Adding 'FJ3388' as child to 'HandRPivot' will make owner 'AnatomicalSkeleton3D' inconsistent. Consider unsetting the owner beforehand.
     at: add_child (scene/main/node.cpp:1728)
     GDScript backtrace (most recent call first):
         [0] _build_reference_skeleton_rig (res://scripts/enemy.gd:235)
         [1] _build_body (res://scripts/enemy.gd:121)
         [2] build_object (res://scripts/dark_fantasy_object_catalog.gd:38)
         [3] select_object (res://scripts/dark_fantasy_gallery.gd:158)
         [4] _run (res://tests/dark_fantasy_gallery_test.gd:38)
WARNING: Adding 'FJ3389' as child to 'HandRPivot' will make owner 'AnatomicalSkeleton3D' inconsistent. Consider unsetting the owner beforehand.
     at: add_child (scene/main/node.cpp:1728)
     GDScript backtrace (most recent call first):
         [0] _build_reference_skeleton_rig (res://scripts/enemy.gd:235)
         [1] _build_body (res://scripts/enemy.gd:121)
         [2] build_object (res://scripts/dark_fantasy_object_catalog.gd:38)
         [3] select_object (res://scripts/dark_fantasy_gallery.gd:158)
         [4] _run (res://tests/dark_fantasy_gallery_test.gd:38)
WARNING: Adding 'FJ3390' as child to 'HandRPivot' will make owner 'AnatomicalSkeleton3D' inconsistent. Consider unsetting the owner beforehand.
     at: add_child (scene/main/node.cpp:1728)
     GDScript backtrace (most recent call first):
         [0] _build_reference_skeleton_rig (res://scripts/enemy.gd:235)
         [1] _build_body (res://scripts/enemy.gd:121)
         [2] build_object (res://scripts/dark_fantasy_object_catalog.gd:38)
         [3] select_object (res://scripts/dark_fantasy_gallery.gd:158)
         [4] _run (res://tests/dark_fantasy_gallery_test.gd:38)
WARNING: Adding 'FJ3391' as child to 'ElbowRPivot' will make owner 'AnatomicalSkeleton3D' inconsistent. Consider unsetting the owner beforehand.
     at: add_child (scene/main/node.cpp:1728)
     GDScript backtrace (most recent call first):
         [0] _build_reference_skeleton_rig (res://scripts/enemy.gd:235)
         [1] _build_body (res://scripts/enemy.gd:121)
         [2] build_object (res://scripts/dark_fantasy_object_catalog.gd:38)
         [3] select_object (res://scripts/dark_fantasy_gallery.gd:158)
         [4] _run (res://tests/dark_fantasy_gallery_test.gd:38)
WARNING: Adding 'FJ3392' as child to 'HeadPivot' will make owner 'AnatomicalSkeleton3D' inconsistent. Consider unsetting the owner beforehand.
     at: add_child (scene/main/node.cpp:1728)
     GDScript backtrace (most recent call first):
         [0] _build_reference_skeleton_rig (res://scripts/enemy.gd:235)
         [1] _build_body (res://scripts/enemy.gd:121)
         [2] build_object (res://scripts/dark_fantasy_object_catalog.gd:38)
         [3] select_object (res://scripts/dark_fantasy_gallery.gd:158)
         [4] _run (res://tests/dark_fantasy_gallery_test.gd:38)
WARNING: Adding 'FJ3393' as child to 'PelvisPivot' will make owner 'AnatomicalSkeleton3D' inconsistent. Consider unsetting the owner beforehand.
     at: add_child (scene/main/node.cpp:1728)
     GDScript backtrace (most recent call first):
         [0] _build_reference_skeleton_rig (res://scripts/enemy.gd:235)
         [1] _build_body (res://scripts/enemy.gd:121)
         [2] build_object (res://scripts/dark_fantasy_object_catalog.gd:38)
         [3] select_object (res://scripts/dark_fantasy_gallery.gd:158)
         [4] _run (res://tests/dark_fantasy_gallery_test.gd:38)
WARNING: Adding 'FJ3394' as child to 'HeadPivot' will make owner 'AnatomicalSkeleton3D' inconsistent. Consider unsetting the owner beforehand.
     at: add_child (scene/main/node.cpp:1728)
     GDScript backtrace (most recent call first):
         [0] _build_reference_skeleton_rig (res://scripts/enemy.gd:235)
         [1] _build_body (res://scripts/enemy.gd:121)
         [2] build_object (res://scripts/dark_fantasy_object_catalog.gd:38)
         [3] select_object (res://scripts/dark_fantasy_gallery.gd:158)
         [4] _run (res://tests/dark_fantasy_gallery_test.gd:38)
WARNING: Adding 'FJ3395' as child to 'HeadPivot' will make owner 'AnatomicalSkeleton3D' inconsistent. Consider unsetting the owner beforehand.
     at: add_child (scene/main/node.cpp:1728)
     GDScript backtrace (most recent call first):
         [0] _build_reference_skeleton_rig (res://scripts/enemy.gd:235)
         [1] _build_body (res://scripts/enemy.gd:121)
         [2] build_object (res://scripts/dark_fantasy_object_catalog.gd:38)
         [3] select_object (res://scripts/dark_fantasy_gallery.gd:158)
         [4] _run (res://tests/dark_fantasy_gallery_test.gd:38)
GALLERY FACTORY CHECK: rusted_longsword
GALLERY FACTORY CHECK: weathered_round_shield
GALLERY FACTORY CHECK: iron_cage_torch
GALLERY FACTORY CHECK: weathered_staff
GALLERY FACTORY CHECK: hunting_bow
GALLERY FACTORY CHECK: hunting_arrow
GALLERY FACTORY CHECK: chain_flail
GALLERY FACTORY CHECK: flail_head
GALLERY FACTORY CHECK: flail_chain
DARK FANTASY GALLERY PASS: 11 production factories, actual mesh bounds and six complete views, disabled simulation, repeated paused test-room controls, F2/close/reset cleanup and original expedition restoration
WARNING: 2 ObjectDB instances were leaked at exit (run with `--verbose` for details).
   at: cleanup (core/object/object.cpp:2535)

Headless validation: 1 passed, 0 failed.
