Godot Engine v4.7.stable.official.5b4e0cb0f - https://godotengine.org
Vulkan 1.2.334 - Forward+ - Using Device #0: Apple - Apple M4

WARNING: The variable "wrap" has the same name as a built-in function.
     at: GDScript::reload (res://scripts/flail_visuals.gd:19)
WARNING: The local function parameter "owner" is shadowing an already-declared property in the base class "Node".
     at: GDScript::reload (res://scripts/player.gd:848)
WARNING: The local variable "target" is shadowing an already-declared variable at line 30 in the current class.
     at: GDScript::reload (res://scripts/enemy.gd:232)
WARNING: The variable "player" is declared below in the parent block.
     at: GDScript::reload (res://tests/dark_fantasy_scene_preview.gd:49)
Embedded window can't be resized.
WARNING: The local function parameter "material" is shadowing an already-declared property in the base class "CanvasItem".
     at: GDScript::reload (res://scripts/hideout.gd:627)
     GDScript backtrace (most recent call first):
         [0] populate_viewport (res://tests/dark_fantasy_scene_preview.gd:55)
         [1] _run (res://tests/dark_fantasy_scene_preview.gd:166)
WARNING: The local function parameter "material" is shadowing an already-declared property in the base class "CanvasItem".
     at: GDScript::reload (res://scripts/hideout.gd:652)
     GDScript backtrace (most recent call first):
         [0] populate_viewport (res://tests/dark_fantasy_scene_preview.gd:55)
         [1] _run (res://tests/dark_fantasy_scene_preview.gd:166)
WARNING: The local function parameter "material" is shadowing an already-declared property in the base class "CanvasItem".
     at: GDScript::reload (res://scripts/hideout.gd:665)
     GDScript backtrace (most recent call first):
         [0] populate_viewport (res://tests/dark_fantasy_scene_preview.gd:55)
         [1] _run (res://tests/dark_fantasy_scene_preview.gd:166)
WARNING: The local function parameter "material" is shadowing an already-declared property in the base class "CanvasItem".
     at: GDScript::reload (res://scripts/hideout.gd:681)
     GDScript backtrace (most recent call first):
         [0] populate_viewport (res://tests/dark_fantasy_scene_preview.gd:55)
         [1] _run (res://tests/dark_fantasy_scene_preview.gd:166)
WARNING: The local variable "material" is shadowing an already-declared property in the base class "CanvasItem".
     at: GDScript::reload (res://scripts/hideout.gd:793)
     GDScript backtrace (most recent call first):
         [0] populate_viewport (res://tests/dark_fantasy_scene_preview.gd:55)
         [1] _run (res://tests/dark_fantasy_scene_preview.gd:166)
WARNING: The local variable "material" is shadowing an already-declared property in the base class "CanvasItem".
     at: GDScript::reload (res://scripts/hideout.gd:843)
     GDScript backtrace (most recent call first):
         [0] populate_viewport (res://tests/dark_fantasy_scene_preview.gd:55)
         [1] _run (res://tests/dark_fantasy_scene_preview.gd:166)
WARNING: The local variable "material" is shadowing an already-declared property in the base class "CanvasItem".
     at: GDScript::reload (res://scripts/hideout.gd:871)
     GDScript backtrace (most recent call first):
         [0] populate_viewport (res://tests/dark_fantasy_scene_preview.gd:55)
         [1] _run (res://tests/dark_fantasy_scene_preview.gd:166)
WARNING: Integer division. Decimal part will be discarded.
     at: GDScript::reload (res://scripts/hideout.gd:953)
     GDScript backtrace (most recent call first):
         [0] populate_viewport (res://tests/dark_fantasy_scene_preview.gd:55)
         [1] _run (res://tests/dark_fantasy_scene_preview.gd:166)
WARNING: The local variable "material" is shadowing an already-declared property in the base class "CanvasItem".
     at: GDScript::reload (res://scripts/hideout.gd:1024)
     GDScript backtrace (most recent call first):
         [0] populate_viewport (res://tests/dark_fantasy_scene_preview.gd:55)
         [1] _run (res://tests/dark_fantasy_scene_preview.gd:166)
WARNING: The local variable "owner" is shadowing an already-declared property in the base class "Node".
     at: GDScript::reload (res://scripts/hideout.gd:1160)
     GDScript backtrace (most recent call first):
         [0] populate_viewport (res://tests/dark_fantasy_scene_preview.gd:55)
         [1] _run (res://tests/dark_fantasy_scene_preview.gd:166)
WARNING: The local function parameter "material" is shadowing an already-declared property in the base class "CanvasItem".
     at: GDScript::reload (res://scripts/hideout.gd:1449)
     GDScript backtrace (most recent call first):
         [0] populate_viewport (res://tests/dark_fantasy_scene_preview.gd:55)
         [1] _run (res://tests/dark_fantasy_scene_preview.gd:166)
WARNING: The local function parameter "material" is shadowing an already-declared property in the base class "CanvasItem".
     at: GDScript::reload (res://scripts/hideout.gd:1456)
     GDScript backtrace (most recent call first):
         [0] populate_viewport (res://tests/dark_fantasy_scene_preview.gd:55)
         [1] _run (res://tests/dark_fantasy_scene_preview.gd:166)
WARNING: The local variable "material" is shadowing an already-declared property in the base class "CanvasItem".
     at: GDScript::reload (res://scripts/hideout.gd:1479)
     GDScript backtrace (most recent call first):
         [0] populate_viewport (res://tests/dark_fantasy_scene_preview.gd:55)
         [1] _run (res://tests/dark_fantasy_scene_preview.gd:166)
WARNING: The local variable "material" is shadowing an already-declared property in the base class "CanvasItem".
     at: GDScript::reload (res://scripts/hideout.gd:1493)
     GDScript backtrace (most recent call first):
         [0] populate_viewport (res://tests/dark_fantasy_scene_preview.gd:55)
         [1] _run (res://tests/dark_fantasy_scene_preview.gd:166)
PRODUCTION SCENE CAPTURE: hideout_hearth.png
PRODUCTION SCENE CAPTURE: hideout_storage.png
PRODUCTION SCENE CAPTURE: hideout_saint.png
PRODUCTION SCENE CAPTURE: hideout_workshop.png
WARNING: The variable "log" has the same name as a built-in function.
     at: GDScript::reload (res://scripts/camp_visuals.gd:31)
     GDScript backtrace (most recent call first):
         [0] populate_viewport (res://tests/dark_fantasy_scene_preview.gd:64)
         [1] _run (res://tests/dark_fantasy_scene_preview.gd:166)
WARNING: The local variable "reference" is shadowing an already-declared method in the base class "RefCounted".
     at: GDScript::reload (res://scripts/camp_visuals.gd:337)
     GDScript backtrace (most recent call first):
         [0] populate_viewport (res://tests/dark_fantasy_scene_preview.gd:64)
         [1] _run (res://tests/dark_fantasy_scene_preview.gd:166)
WARNING: Adding 'FJ2772' as child to 'HeadPivot' will make owner 'AnatomicalSkeleton3D' inconsistent. Consider unsetting the owner beforehand.
     at: add_child (scene/main/node.cpp:1728)
     GDScript backtrace (most recent call first):
         [0] _build_reference_skeleton_rig (res://scripts/enemy.gd:235)
         [1] _build_body (res://scripts/enemy.gd:121)
         [2] populate_viewport (res://tests/dark_fantasy_scene_preview.gd:75)
         [3] _run (res://tests/dark_fantasy_scene_preview.gd:166)
WARNING: Adding 'FJ3152' as child to 'PelvisPivot' will make owner 'AnatomicalSkeleton3D' inconsistent. Consider unsetting the owner beforehand.
     at: add_child (scene/main/node.cpp:1728)
     GDScript backtrace (most recent call first):
         [0] _build_reference_skeleton_rig (res://scripts/enemy.gd:235)
         [1] _build_body (res://scripts/enemy.gd:121)
         [2] populate_viewport (res://tests/dark_fantasy_scene_preview.gd:75)
         [3] _run (res://tests/dark_fantasy_scene_preview.gd:166)
WARNING: Adding 'FJ3153' as child to 'TorsoPivot' will make owner 'AnatomicalSkeleton3D' inconsistent. Consider unsetting the owner beforehand.
     at: add_child (scene/main/node.cpp:1728)
     GDScript backtrace (most recent call first):
         [0] _build_reference_skeleton_rig (res://scripts/enemy.gd:235)
         [1] _build_body (res://scripts/enemy.gd:121)
         [2] populate_viewport (res://tests/dark_fantasy_scene_preview.gd:75)
         [3] _run (res://tests/dark_fantasy_scene_preview.gd:166)
WARNING: Adding 'FJ3154' as child to 'TorsoPivot' will make owner 'AnatomicalSkeleton3D' inconsistent. Consider unsetting the owner beforehand.
     at: add_child (scene/main/node.cpp:1728)
     GDScript backtrace (most recent call first):
         [0] _build_reference_skeleton_rig (res://scripts/enemy.gd:235)
         [1] _build_body (res://scripts/enemy.gd:121)
         [2] populate_viewport (res://tests/dark_fantasy_scene_preview.gd:75)
         [3] _run (res://tests/dark_fantasy_scene_preview.gd:166)
WARNING: Adding 'FJ3155' as child to 'TorsoPivot' will make owner 'AnatomicalSkeleton3D' inconsistent. Consider unsetting the owner beforehand.
     at: add_child (scene/main/node.cpp:1728)
     GDScript backtrace (most recent call first):
         [0] _build_reference_skeleton_rig (res://scripts/enemy.gd:235)
         [1] _build_body (res://scripts/enemy.gd:121)
         [2] populate_viewport (res://tests/dark_fantasy_scene_preview.gd:75)
         [3] _run (res://tests/dark_fantasy_scene_preview.gd:166)
WARNING: Adding 'FJ3156' as child to 'TorsoPivot' will make owner 'AnatomicalSkeleton3D' inconsistent. Consider unsetting the owner beforehand.
     at: add_child (scene/main/node.cpp:1728)
     GDScript backtrace (most recent call first):
         [0] _build_reference_skeleton_rig (res://scripts/enemy.gd:235)
         [1] _build_body (res://scripts/enemy.gd:121)
         [2] populate_viewport (res://tests/dark_fantasy_scene_preview.gd:75)
         [3] _run (res://tests/dark_fantasy_scene_preview.gd:166)
WARNING: Adding 'FJ3157' as child to 'TorsoPivot' will make owner 'AnatomicalSkeleton3D' inconsistent. Consider unsetting the owner beforehand.
     at: add_child (scene/main/node.cpp:1728)
     GDScript backtrace (most recent call first):
         [0] _build_reference_skeleton_rig (res://scripts/enemy.gd:235)
         [1] _build_body (res://scripts/enemy.gd:121)
         [2] populate_viewport (res://tests/dark_fantasy_scene_preview.gd:75)
         [3] _run (res://tests/dark_fantasy_scene_preview.gd:166)
WARNING: Adding 'FJ3158' as child to 'TorsoPivot' will make owner 'AnatomicalSkeleton3D' inconsistent. Consider unsetting the owner beforehand.
     at: add_child (scene/main/node.cpp:1728)
     GDScript backtrace (most recent call first):
         [0] _build_reference_skeleton_rig (res://scripts/enemy.gd:235)
         [1] _build_body (res://scripts/enemy.gd:121)
         [2] populate_viewport (res://tests/dark_fantasy_scene_preview.gd:75)
         [3] _run (res://tests/dark_fantasy_scene_preview.gd:166)
WARNING: Adding 'FJ3159' as child to 'TorsoPivot' will make owner 'AnatomicalSkeleton3D' inconsistent. Consider unsetting the owner beforehand.
     at: add_child (scene/main/node.cpp:1728)
     GDScript backtrace (most recent call first):
         [0] _build_reference_skeleton_rig (res://scripts/enemy.gd:235)
         [1] _build_body (res://scripts/enemy.gd:121)
         [2] populate_viewport (res://tests/dark_fantasy_scene_preview.gd:75)
         [3] _run (res://tests/dark_fantasy_scene_preview.gd:166)
WARNING: Adding 'FJ3160' as child to 'TorsoPivot' will make owner 'AnatomicalSkeleton3D' inconsistent. Consider unsetting the owner beforehand.
     at: add_child (scene/main/node.cpp:1728)
     GDScript backtrace (most recent call first):
         [0] _build_reference_skeleton_rig (res://scripts/enemy.gd:235)
         [1] _build_body (res://scripts/enemy.gd:121)
         [2] populate_viewport (res://tests/dark_fantasy_scene_preview.gd:75)
         [3] _run (res://tests/dark_fantasy_scene_preview.gd:166)
WARNING: Adding 'FJ3161' as child to 'TorsoPivot' will make owner 'AnatomicalSkeleton3D' inconsistent. Consider unsetting the owner beforehand.
     at: add_child (scene/main/node.cpp:1728)
     GDScript backtrace (most recent call first):
         [0] _build_reference_skeleton_rig (res://scripts/enemy.gd:235)
         [1] _build_body (res://scripts/enemy.gd:121)
         [2] populate_viewport (res://tests/dark_fantasy_scene_preview.gd:75)
         [3] _run (res://tests/dark_fantasy_scene_preview.gd:166)
WARNING: Adding 'FJ3162' as child to 'TorsoPivot' will make owner 'AnatomicalSkeleton3D' inconsistent. Consider unsetting the owner beforehand.
     at: add_child (scene/main/node.cpp:1728)
     GDScript backtrace (most recent call first):
         [0] _build_reference_skeleton_rig (res://scripts/enemy.gd:235)
         [1] _build_body (res://scripts/enemy.gd:121)
         [2] populate_viewport (res://tests/dark_fantasy_scene_preview.gd:75)
         [3] _run (res://tests/dark_fantasy_scene_preview.gd:166)
WARNING: Adding 'FJ3163' as child to 'TorsoPivot' will make owner 'AnatomicalSkeleton3D' inconsistent. Consider unsetting the owner beforehand.
     at: add_child (scene/main/node.cpp:1728)
     GDScript backtrace (most recent call first):
         [0] _build_reference_skeleton_rig (res://scripts/enemy.gd:235)
         [1] _build_body (res://scripts/enemy.gd:121)
         [2] populate_viewport (res://tests/dark_fantasy_scene_preview.gd:75)
         [3] _run (res://tests/dark_fantasy_scene_preview.gd:166)
WARNING: Adding 'FJ3164' as child to 'TorsoPivot' will make owner 'AnatomicalSkeleton3D' inconsistent. Consider unsetting the owner beforehand.
     at: add_child (scene/main/node.cpp:1728)
     GDScript backtrace (most recent call first):
         [0] _build_reference_skeleton_rig (res://scripts/enemy.gd:235)
         [1] _build_body (res://scripts/enemy.gd:121)
         [2] populate_viewport (res://tests/dark_fantasy_scene_preview.gd:75)
         [3] _run (res://tests/dark_fantasy_scene_preview.gd:166)
WARNING: Adding 'FJ3165' as child to 'TorsoPivot' will make owner 'AnatomicalSkeleton3D' inconsistent. Consider unsetting the owner beforehand.
     at: add_child (scene/main/node.cpp:1728)
     GDScript backtrace (most recent call first):
         [0] _build_reference_skeleton_rig (res://scripts/enemy.gd:235)
         [1] _build_body (res://scripts/enemy.gd:121)
         [2] populate_viewport (res://tests/dark_fantasy_scene_preview.gd:75)
         [3] _run (res://tests/dark_fantasy_scene_preview.gd:166)
WARNING: Adding 'FJ3166' as child to 'TorsoPivot' will make owner 'AnatomicalSkeleton3D' inconsistent. Consider unsetting the owner beforehand.
     at: add_child (scene/main/node.cpp:1728)
     GDScript backtrace (most recent call first):
         [0] _build_reference_skeleton_rig (res://scripts/enemy.gd:235)
         [1] _build_body (res://scripts/enemy.gd:121)
         [2] populate_viewport (res://tests/dark_fantasy_scene_preview.gd:75)
         [3] _run (res://tests/dark_fantasy_scene_preview.gd:166)
WARNING: Adding 'FJ3167' as child to 'TorsoPivot' will make owner 'AnatomicalSkeleton3D' inconsistent. Consider unsetting the owner beforehand.
     at: add_child (scene/main/node.cpp:1728)
     GDScript backtrace (most recent call first):
         [0] _build_reference_skeleton_rig (res://scripts/enemy.gd:235)
         [1] _build_body (res://scripts/enemy.gd:121)
         [2] populate_viewport (res://tests/dark_fantasy_scene_preview.gd:75)
         [3] _run (res://tests/dark_fantasy_scene_preview.gd:166)
WARNING: Adding 'FJ3168' as child to 'TorsoPivot' will make owner 'AnatomicalSkeleton3D' inconsistent. Consider unsetting the owner beforehand.
     at: add_child (scene/main/node.cpp:1728)
     GDScript backtrace (most recent call first):
         [0] _build_reference_skeleton_rig (res://scripts/enemy.gd:235)
         [1] _build_body (res://scripts/enemy.gd:121)
         [2] populate_viewport (res://tests/dark_fantasy_scene_preview.gd:75)
         [3] _run (res://tests/dark_fantasy_scene_preview.gd:166)
WARNING: Adding 'FJ3169' as child to 'TorsoPivot' will make owner 'AnatomicalSkeleton3D' inconsistent. Consider unsetting the owner beforehand.
     at: add_child (scene/main/node.cpp:1728)
     GDScript backtrace (most recent call first):
         [0] _build_reference_skeleton_rig (res://scripts/enemy.gd:235)
         [1] _build_body (res://scripts/enemy.gd:121)
         [2] populate_viewport (res://tests/dark_fantasy_scene_preview.gd:75)
         [3] _run (res://tests/dark_fantasy_scene_preview.gd:166)
WARNING: Adding 'FJ3170' as child to 'TorsoPivot' will make owner 'AnatomicalSkeleton3D' inconsistent. Consider unsetting the owner beforehand.
     at: add_child (scene/main/node.cpp:1728)
     GDScript backtrace (most recent call first):
         [0] _build_reference_skeleton_rig (res://scripts/enemy.gd:235)
         [1] _build_body (res://scripts/enemy.gd:121)
         [2] populate_viewport (res://tests/dark_fantasy_scene_preview.gd:75)
         [3] _run (res://tests/dark_fantasy_scene_preview.gd:166)
WARNING: Adding 'FJ3171' as child to 'TorsoPivot' will make owner 'AnatomicalSkeleton3D' inconsistent. Consider unsetting the owner beforehand.
     at: add_child (scene/main/node.cpp:1728)
     GDScript backtrace (most recent call first):
         [0] _build_reference_skeleton_rig (res://scripts/enemy.gd:235)
         [1] _build_body (res://scripts/enemy.gd:121)
         [2] populate_viewport (res://tests/dark_fantasy_scene_preview.gd:75)
         [3] _run (res://tests/dark_fantasy_scene_preview.gd:166)
WARNING: Adding 'FJ3172' as child to 'TorsoPivot' will make owner 'AnatomicalSkeleton3D' inconsistent. Consider unsetting the owner beforehand.
     at: add_child (scene/main/node.cpp:1728)
     GDScript backtrace (most recent call first):
         [0] _build_reference_skeleton_rig (res://scripts/enemy.gd:235)
         [1] _build_body (res://scripts/enemy.gd:121)
         [2] populate_viewport (res://tests/dark_fantasy_scene_preview.gd:75)
         [3] _run (res://tests/dark_fantasy_scene_preview.gd:166)
WARNING: Adding 'FJ3173' as child to 'TorsoPivot' will make owner 'AnatomicalSkeleton3D' inconsistent. Consider unsetting the owner beforehand.
     at: add_child (scene/main/node.cpp:1728)
     GDScript backtrace (most recent call first):
         [0] _build_reference_skeleton_rig (res://scripts/enemy.gd:235)
         [1] _build_body (res://scripts/enemy.gd:121)
         [2] populate_viewport (res://tests/dark_fantasy_scene_preview.gd:75)
         [3] _run (res://tests/dark_fantasy_scene_preview.gd:166)
WARNING: Adding 'FJ3174' as child to 'TorsoPivot' will make owner 'AnatomicalSkeleton3D' inconsistent. Consider unsetting the owner beforehand.
     at: add_child (scene/main/node.cpp:1728)
     GDScript backtrace (most recent call first):
         [0] _build_reference_skeleton_rig (res://scripts/enemy.gd:235)
         [1] _build_body (res://scripts/enemy.gd:121)
         [2] populate_viewport (res://tests/dark_fantasy_scene_preview.gd:75)
         [3] _run (res://tests/dark_fantasy_scene_preview.gd:166)
WARNING: Adding 'FJ3175' as child to 'TorsoPivot' will make owner 'AnatomicalSkeleton3D' inconsistent. Consider unsetting the owner beforehand.
     at: add_child (scene/main/node.cpp:1728)
     GDScript backtrace (most recent call first):
         [0] _build_reference_skeleton_rig (res://scripts/enemy.gd:235)
         [1] _build_body (res://scripts/enemy.gd:121)
         [2] populate_viewport (res://tests/dark_fantasy_scene_preview.gd:75)
         [3] _run (res://tests/dark_fantasy_scene_preview.gd:166)
WARNING: Adding 'FJ3176' as child to 'TorsoPivot' will make owner 'AnatomicalSkeleton3D' inconsistent. Consider unsetting the owner beforehand.
     at: add_child (scene/main/node.cpp:1728)
     GDScript backtrace (most recent call first):
         [0] _build_reference_skeleton_rig (res://scripts/enemy.gd:235)
         [1] _build_body (res://scripts/enemy.gd:121)
         [2] populate_viewport (res://tests/dark_fantasy_scene_preview.gd:75)
         [3] _run (res://tests/dark_fantasy_scene_preview.gd:166)
WARNING: Adding 'FJ3177' as child to 'TorsoPivot' will make owner 'AnatomicalSkeleton3D' inconsistent. Consider unsetting the owner beforehand.
     at: add_child (scene/main/node.cpp:1728)
     GDScript backtrace (most recent call first):
         [0] _build_reference_skeleton_rig (res://scripts/enemy.gd:235)
         [1] _build_body (res://scripts/enemy.gd:121)
         [2] populate_viewport (res://tests/dark_fantasy_scene_preview.gd:75)
         [3] _run (res://tests/dark_fantasy_scene_preview.gd:166)
WARNING: Adding 'FJ3178' as child to 'TorsoPivot' will make owner 'AnatomicalSkeleton3D' inconsistent. Consider unsetting the owner beforehand.
     at: add_child (scene/main/node.cpp:1728)
     GDScript backtrace (most recent call first):
         [0] _build_reference_skeleton_rig (res://scripts/enemy.gd:235)
         [1] _build_body (res://scripts/enemy.gd:121)
         [2] populate_viewport (res://tests/dark_fantasy_scene_preview.gd:75)
         [3] _run (res://tests/dark_fantasy_scene_preview.gd:166)
WARNING: Adding 'FJ3179' as child to 'AnkleLPivot' will make owner 'AnatomicalSkeleton3D' inconsistent. Consider unsetting the owner beforehand.
     at: add_child (scene/main/node.cpp:1728)
     GDScript backtrace (most recent call first):
         [0] _build_reference_skeleton_rig (res://scripts/enemy.gd:235)
         [1] _build_body (res://scripts/enemy.gd:121)
         [2] populate_viewport (res://tests/dark_fantasy_scene_preview.gd:75)
         [3] _run (res://tests/dark_fantasy_scene_preview.gd:166)
WARNING: Adding 'FJ3180' as child to 'AnkleLPivot' will make owner 'AnatomicalSkeleton3D' inconsistent. Consider unsetting the owner beforehand.
     at: add_child (scene/main/node.cpp:1728)
     GDScript backtrace (most recent call first):
         [0] _build_reference_skeleton_rig (res://scripts/enemy.gd:235)
         [1] _build_body (res://scripts/enemy.gd:121)
         [2] populate_viewport (res://tests/dark_fantasy_scene_preview.gd:75)
         [3] _run (res://tests/dark_fantasy_scene_preview.gd:166)
WARNING: Adding 'FJ3181' as child to 'AnkleLPivot' will make owner 'AnatomicalSkeleton3D' inconsistent. Consider unsetting the owner beforehand.
     at: add_child (scene/main/node.cpp:1728)
     GDScript backtrace (most recent call first):
         [0] _build_reference_skeleton_rig (res://scripts/enemy.gd:235)
         [1] _build_body (res://scripts/enemy.gd:121)
         [2] populate_viewport (res://tests/dark_fantasy_scene_preview.gd:75)
         [3] _run (res://tests/dark_fantasy_scene_preview.gd:166)
WARNING: Adding 'FJ3182' as child to 'AnkleLPivot' will make owner 'AnatomicalSkeleton3D' inconsistent. Consider unsetting the owner beforehand.
     at: add_child (scene/main/node.cpp:1728)
     GDScript backtrace (most recent call first):
         [0] _build_reference_skeleton_rig (res://scripts/enemy.gd:235)
         [1] _build_body (res://scripts/enemy.gd:121)
         [2] populate_viewport (res://tests/dark_fantasy_scene_preview.gd:75)
         [3] _run (res://tests/dark_fantasy_scene_preview.gd:166)
WARNING: Adding 'FJ3183' as child to 'HandLPivot' will make owner 'AnatomicalSkeleton3D' inconsistent. Consider unsetting the owner beforehand.
     at: add_child (scene/main/node.cpp:1728)
     GDScript backtrace (most recent call first):
         [0] _build_reference_skeleton_rig (res://scripts/enemy.gd:235)
         [1] _build_body (res://scripts/enemy.gd:121)
         [2] populate_viewport (res://tests/dark_fantasy_scene_preview.gd:75)
         [3] _run (res://tests/dark_fantasy_scene_preview.gd:166)
WARNING: Adding 'FJ3184' as child to 'HandLPivot' will make owner 'AnatomicalSkeleton3D' inconsistent. Consider unsetting the owner beforehand.
     at: add_child (scene/main/node.cpp:1728)
     GDScript backtrace (most recent call first):
         [0] _build_reference_skeleton_rig (res://scripts/enemy.gd:235)
         [1] _build_body (res://scripts/enemy.gd:121)
         [2] populate_viewport (res://tests/dark_fantasy_scene_preview.gd:75)
         [3] _run (res://tests/dark_fantasy_scene_preview.gd:166)
WARNING: Adding 'FJ3185' as child to 'AnkleLPivot' will make owner 'AnatomicalSkeleton3D' inconsistent. Consider unsetting the owner beforehand.
     at: add_child (scene/main/node.cpp:1728)
     GDScript backtrace (most recent call first):
         [0] _build_reference_skeleton_rig (res://scripts/enemy.gd:235)
         [1] _build_body (res://scripts/enemy.gd:121)
         [2] populate_viewport (res://tests/dark_fantasy_scene_preview.gd:75)
         [3] _run (res://tests/dark_fantasy_scene_preview.gd:166)
WARNING: Adding 'FJ3186' as child to 'HandLPivot' will make owner 'AnatomicalSkeleton3D' inconsistent. Consider unsetting the owner beforehand.
     at: add_child (scene/main/node.cpp:1728)
     GDScript backtrace (most recent call first):
         [0] _build_reference_skeleton_rig (res://scripts/enemy.gd:235)
         [1] _build_body (res://scripts/enemy.gd:121)
         [2] populate_viewport (res://tests/dark_fantasy_scene_preview.gd:75)
         [3] _run (res://tests/dark_fantasy_scene_preview.gd:166)
WARNING: Adding 'FJ3187' as child to 'HandLPivot' will make owner 'AnatomicalSkeleton3D' inconsistent. Consider unsetting the owner beforehand.
     at: add_child (scene/main/node.cpp:1728)
     GDScript backtrace (most recent call first):
         [0] _build_reference_skeleton_rig (res://scripts/enemy.gd:235)
         [1] _build_body (res://scripts/enemy.gd:121)
         [2] populate_viewport (res://tests/dark_fantasy_scene_preview.gd:75)
         [3] _run (res://tests/dark_fantasy_scene_preview.gd:166)
WARNING: Adding 'FJ3188' as child to 'HandLPivot' will make owner 'AnatomicalSkeleton3D' inconsistent. Consider unsetting the owner beforehand.
     at: add_child (scene/main/node.cpp:1728)
     GDScript backtrace (most recent call first):
         [0] _build_reference_skeleton_rig (res://scripts/enemy.gd:235)
         [1] _build_body (res://scripts/enemy.gd:121)
         [2] populate_viewport (res://tests/dark_fantasy_scene_preview.gd:75)
         [3] _run (res://tests/dark_fantasy_scene_preview.gd:166)
WARNING: Adding 'FJ3189' as child to 'AnkleRPivot' will make owner 'AnatomicalSkeleton3D' inconsistent. Consider unsetting the owner beforehand.
     at: add_child (scene/main/node.cpp:1728)
     GDScript backtrace (most recent call first):
         [0] _build_reference_skeleton_rig (res://scripts/enemy.gd:235)
         [1] _build_body (res://scripts/enemy.gd:121)
         [2] populate_viewport (res://tests/dark_fantasy_scene_preview.gd:75)
         [3] _run (res://tests/dark_fantasy_scene_preview.gd:166)
WARNING: Adding 'FJ3190' as child to 'AnkleRPivot' will make owner 'AnatomicalSkeleton3D' inconsistent. Consider unsetting the owner beforehand.
     at: add_child (scene/main/node.cpp:1728)
     GDScript backtrace (most recent call first):
         [0] _build_reference_skeleton_rig (res://scripts/enemy.gd:235)
         [1] _build_body (res://scripts/enemy.gd:121)
         [2] populate_viewport (res://tests/dark_fantasy_scene_preview.gd:75)
         [3] _run (res://tests/dark_fantasy_scene_preview.gd:166)
WARNING: Adding 'FJ3191' as child to 'AnkleRPivot' will make owner 'AnatomicalSkeleton3D' inconsistent. Consider unsetting the owner beforehand.
     at: add_child (scene/main/node.cpp:1728)
     GDScript backtrace (most recent call first):
         [0] _build_reference_skeleton_rig (res://scripts/enemy.gd:235)
         [1] _build_body (res://scripts/enemy.gd:121)
         [2] populate_viewport (res://tests/dark_fantasy_scene_preview.gd:75)
         [3] _run (res://tests/dark_fantasy_scene_preview.gd:166)
WARNING: Adding 'FJ3192' as child to 'AnkleRPivot' will make owner 'AnatomicalSkeleton3D' inconsistent. Consider unsetting the owner beforehand.
     at: add_child (scene/main/node.cpp:1728)
     GDScript backtrace (most recent call first):
         [0] _build_reference_skeleton_rig (res://scripts/enemy.gd:235)
         [1] _build_body (res://scripts/enemy.gd:121)
         [2] populate_viewport (res://tests/dark_fantasy_scene_preview.gd:75)
         [3] _run (res://tests/dark_fantasy_scene_preview.gd:166)
WARNING: Adding 'FJ3193' as child to 'HandRPivot' will make owner 'AnatomicalSkeleton3D' inconsistent. Consider unsetting the owner beforehand.
     at: add_child (scene/main/node.cpp:1728)
     GDScript backtrace (most recent call first):
         [0] _build_reference_skeleton_rig (res://scripts/enemy.gd:235)
         [1] _build_body (res://scripts/enemy.gd:121)
         [2] populate_viewport (res://tests/dark_fantasy_scene_preview.gd:75)
         [3] _run (res://tests/dark_fantasy_scene_preview.gd:166)
WARNING: Adding 'FJ3194' as child to 'HandRPivot' will make owner 'AnatomicalSkeleton3D' inconsistent. Consider unsetting the owner beforehand.
     at: add_child (scene/main/node.cpp:1728)
     GDScript backtrace (most recent call first):
         [0] _build_reference_skeleton_rig (res://scripts/enemy.gd:235)
         [1] _build_body (res://scripts/enemy.gd:121)
         [2] populate_viewport (res://tests/dark_fantasy_scene_preview.gd:75)
         [3] _run (res://tests/dark_fantasy_scene_preview.gd:166)
WARNING: Adding 'FJ3195' as child to 'AnkleRPivot' will make owner 'AnatomicalSkeleton3D' inconsistent. Consider unsetting the owner beforehand.
     at: add_child (scene/main/node.cpp:1728)
     GDScript backtrace (most recent call first):
         [0] _build_reference_skeleton_rig (res://scripts/enemy.gd:235)
         [1] _build_body (res://scripts/enemy.gd:121)
         [2] populate_viewport (res://tests/dark_fantasy_scene_preview.gd:75)
         [3] _run (res://tests/dark_fantasy_scene_preview.gd:166)
WARNING: Adding 'FJ3196' as child to 'HandRPivot' will make owner 'AnatomicalSkeleton3D' inconsistent. Consider unsetting the owner beforehand.
     at: add_child (scene/main/node.cpp:1728)
     GDScript backtrace (most recent call first):
         [0] _build_reference_skeleton_rig (res://scripts/enemy.gd:235)
         [1] _build_body (res://scripts/enemy.gd:121)
         [2] populate_viewport (res://tests/dark_fantasy_scene_preview.gd:75)
         [3] _run (res://tests/dark_fantasy_scene_preview.gd:166)
WARNING: Adding 'FJ3197' as child to 'HandRPivot' will make owner 'AnatomicalSkeleton3D' inconsistent. Consider unsetting the owner beforehand.
     at: add_child (scene/main/node.cpp:1728)
     GDScript backtrace (most recent call first):
         [0] _build_reference_skeleton_rig (res://scripts/enemy.gd:235)
         [1] _build_body (res://scripts/enemy.gd:121)
         [2] populate_viewport (res://tests/dark_fantasy_scene_preview.gd:75)
         [3] _run (res://tests/dark_fantasy_scene_preview.gd:166)
WARNING: Adding 'FJ3198' as child to 'HandRPivot' will make owner 'AnatomicalSkeleton3D' inconsistent. Consider unsetting the owner beforehand.
     at: add_child (scene/main/node.cpp:1728)
     GDScript backtrace (most recent call first):
         [0] _build_reference_skeleton_rig (res://scripts/enemy.gd:235)
         [1] _build_body (res://scripts/enemy.gd:121)
         [2] populate_viewport (res://tests/dark_fantasy_scene_preview.gd:75)
         [3] _run (res://tests/dark_fantasy_scene_preview.gd:166)
WARNING: Adding 'FJ3199' as child to 'HeadPivot' will make owner 'AnatomicalSkeleton3D' inconsistent. Consider unsetting the owner beforehand.
     at: add_child (scene/main/node.cpp:1728)
     GDScript backtrace (most recent call first):
         [0] _build_reference_skeleton_rig (res://scripts/enemy.gd:235)
         [1] _build_body (res://scripts/enemy.gd:121)
         [2] populate_viewport (res://tests/dark_fantasy_scene_preview.gd:75)
         [3] _run (res://tests/dark_fantasy_scene_preview.gd:166)
WARNING: Adding 'FJ3200' as child to 'HeadPivot' will make owner 'AnatomicalSkeleton3D' inconsistent. Consider unsetting the owner beforehand.
     at: add_child (scene/main/node.cpp:1728)
     GDScript backtrace (most recent call first):
         [0] _build_reference_skeleton_rig (res://scripts/enemy.gd:235)
         [1] _build_body (res://scripts/enemy.gd:121)
         [2] populate_viewport (res://tests/dark_fantasy_scene_preview.gd:75)
         [3] _run (res://tests/dark_fantasy_scene_preview.gd:166)
WARNING: Adding 'FJ3201' as child to 'HeadPivot' will make owner 'AnatomicalSkeleton3D' inconsistent. Consider unsetting the owner beforehand.
     at: add_child (scene/main/node.cpp:1728)
     GDScript backtrace (most recent call first):
         [0] _build_reference_skeleton_rig (res://scripts/enemy.gd:235)
         [1] _build_body (res://scripts/enemy.gd:121)
         [2] populate_viewport (res://tests/dark_fantasy_scene_preview.gd:75)
         [3] _run (res://tests/dark_fantasy_scene_preview.gd:166)
WARNING: Adding 'FJ3225' as child to 'TorsoPivot' will make owner 'AnatomicalSkeleton3D' inconsistent. Consider unsetting the owner beforehand.
     at: add_child (scene/main/node.cpp:1728)
     GDScript backtrace (most recent call first):
         [0] _build_reference_skeleton_rig (res://scripts/enemy.gd:235)
         [1] _build_body (res://scripts/enemy.gd:121)
         [2] populate_viewport (res://tests/dark_fantasy_scene_preview.gd:75)
         [3] _run (res://tests/dark_fantasy_scene_preview.gd:166)
WARNING: Adding 'FJ3226' as child to 'TorsoPivot' will make owner 'AnatomicalSkeleton3D' inconsistent. Consider unsetting the owner beforehand.
     at: add_child (scene/main/node.cpp:1728)
     GDScript backtrace (most recent call first):
         [0] _build_reference_skeleton_rig (res://scripts/enemy.gd:235)
         [1] _build_body (res://scripts/enemy.gd:121)
         [2] populate_viewport (res://tests/dark_fantasy_scene_preview.gd:75)
         [3] _run (res://tests/dark_fantasy_scene_preview.gd:166)
WARNING: Adding 'FJ3227' as child to 'TorsoPivot' will make owner 'AnatomicalSkeleton3D' inconsistent. Consider unsetting the owner beforehand.
     at: add_child (scene/main/node.cpp:1728)
     GDScript backtrace (most recent call first):
         [0] _build_reference_skeleton_rig (res://scripts/enemy.gd:235)
         [1] _build_body (res://scripts/enemy.gd:121)
         [2] populate_viewport (res://tests/dark_fantasy_scene_preview.gd:75)
         [3] _run (res://tests/dark_fantasy_scene_preview.gd:166)
WARNING: Adding 'FJ3228' as child to 'TorsoPivot' will make owner 'AnatomicalSkeleton3D' inconsistent. Consider unsetting the owner beforehand.
     at: add_child (scene/main/node.cpp:1728)
     GDScript backtrace (most recent call first):
         [0] _build_reference_skeleton_rig (res://scripts/enemy.gd:235)
         [1] _build_body (res://scripts/enemy.gd:121)
         [2] populate_viewport (res://tests/dark_fantasy_scene_preview.gd:75)
         [3] _run (res://tests/dark_fantasy_scene_preview.gd:166)
WARNING: Adding 'FJ3229' as child to 'TorsoPivot' will make owner 'AnatomicalSkeleton3D' inconsistent. Consider unsetting the owner beforehand.
     at: add_child (scene/main/node.cpp:1728)
     GDScript backtrace (most recent call first):
         [0] _build_reference_skeleton_rig (res://scripts/enemy.gd:235)
         [1] _build_body (res://scripts/enemy.gd:121)
         [2] populate_viewport (res://tests/dark_fantasy_scene_preview.gd:75)
         [3] _run (res://tests/dark_fantasy_scene_preview.gd:166)
WARNING: Adding 'FJ3230' as child to 'TorsoPivot' will make owner 'AnatomicalSkeleton3D' inconsistent. Consider unsetting the owner beforehand.
     at: add_child (scene/main/node.cpp:1728)
     GDScript backtrace (most recent call first):
         [0] _build_reference_skeleton_rig (res://scripts/enemy.gd:235)
         [1] _build_body (res://scripts/enemy.gd:121)
         [2] populate_viewport (res://tests/dark_fantasy_scene_preview.gd:75)
         [3] _run (res://tests/dark_fantasy_scene_preview.gd:166)
WARNING: Adding 'FJ3231' as child to 'TorsoPivot' will make owner 'AnatomicalSkeleton3D' inconsistent. Consider unsetting the owner beforehand.
     at: add_child (scene/main/node.cpp:1728)
     GDScript backtrace (most recent call first):
         [0] _build_reference_skeleton_rig (res://scripts/enemy.gd:235)
         [1] _build_body (res://scripts/enemy.gd:121)
         [2] populate_viewport (res://tests/dark_fantasy_scene_preview.gd:75)
         [3] _run (res://tests/dark_fantasy_scene_preview.gd:166)
WARNING: Adding 'FJ3232' as child to 'TorsoPivot' will make owner 'AnatomicalSkeleton3D' inconsistent. Consider unsetting the owner beforehand.
     at: add_child (scene/main/node.cpp:1728)
     GDScript backtrace (most recent call first):
         [0] _build_reference_skeleton_rig (res://scripts/enemy.gd:235)
         [1] _build_body (res://scripts/enemy.gd:121)
         [2] populate_viewport (res://tests/dark_fantasy_scene_preview.gd:75)
         [3] _run (res://tests/dark_fantasy_scene_preview.gd:166)
WARNING: Adding 'FJ3233' as child to 'TorsoPivot' will make owner 'AnatomicalSkeleton3D' inconsistent. Consider unsetting the owner beforehand.
     at: add_child (scene/main/node.cpp:1728)
     GDScript backtrace (most recent call first):
         [0] _build_reference_skeleton_rig (res://scripts/enemy.gd:235)
         [1] _build_body (res://scripts/enemy.gd:121)
         [2] populate_viewport (res://tests/dark_fantasy_scene_preview.gd:75)
         [3] _run (res://tests/dark_fantasy_scene_preview.gd:166)
WARNING: Adding 'FJ3234' as child to 'TorsoPivot' will make owner 'AnatomicalSkeleton3D' inconsistent. Consider unsetting the owner beforehand.
     at: add_child (scene/main/node.cpp:1728)
     GDScript backtrace (most recent call first):
         [0] _build_reference_skeleton_rig (res://scripts/enemy.gd:235)
         [1] _build_body (res://scripts/enemy.gd:121)
         [2] populate_viewport (res://tests/dark_fantasy_scene_preview.gd:75)
         [3] _run (res://tests/dark_fantasy_scene_preview.gd:166)
WARNING: Adding 'FJ3235' as child to 'TorsoPivot' will make owner 'AnatomicalSkeleton3D' inconsistent. Consider unsetting the owner beforehand.
     at: add_child (scene/main/node.cpp:1728)
     GDScript backtrace (most recent call first):
         [0] _build_reference_skeleton_rig (res://scripts/enemy.gd:235)
         [1] _build_body (res://scripts/enemy.gd:121)
         [2] populate_viewport (res://tests/dark_fantasy_scene_preview.gd:75)
         [3] _run (res://tests/dark_fantasy_scene_preview.gd:166)
WARNING: Adding 'FJ3236' as child to 'TorsoPivot' will make owner 'AnatomicalSkeleton3D' inconsistent. Consider unsetting the owner beforehand.
     at: add_child (scene/main/node.cpp:1728)
     GDScript backtrace (most recent call first):
         [0] _build_reference_skeleton_rig (res://scripts/enemy.gd:235)
         [1] _build_body (res://scripts/enemy.gd:121)
         [2] populate_viewport (res://tests/dark_fantasy_scene_preview.gd:75)
         [3] _run (res://tests/dark_fantasy_scene_preview.gd:166)
WARNING: Adding 'FJ3237' as child to 'ShoulderLPivot' will make owner 'AnatomicalSkeleton3D' inconsistent. Consider unsetting the owner beforehand.
     at: add_child (scene/main/node.cpp:1728)
     GDScript backtrace (most recent call first):
         [0] _build_reference_skeleton_rig (res://scripts/enemy.gd:235)
         [1] _build_body (res://scripts/enemy.gd:121)
         [2] populate_viewport (res://tests/dark_fantasy_scene_preview.gd:75)
         [3] _run (res://tests/dark_fantasy_scene_preview.gd:166)
WARNING: Adding 'FJ3240' as child to 'HandLPivot' will make owner 'AnatomicalSkeleton3D' inconsistent. Consider unsetting the owner beforehand.
     at: add_child (scene/main/node.cpp:1728)
     GDScript backtrace (most recent call first):
         [0] _build_reference_skeleton_rig (res://scripts/enemy.gd:235)
         [1] _build_body (res://scripts/enemy.gd:121)
         [2] populate_viewport (res://tests/dark_fantasy_scene_preview.gd:75)
         [3] _run (res://tests/dark_fantasy_scene_preview.gd:166)
WARNING: Adding 'FJ3241' as child to 'AnkleLPivot' will make owner 'AnatomicalSkeleton3D' inconsistent. Consider unsetting the owner beforehand.
     at: add_child (scene/main/node.cpp:1728)
     GDScript backtrace (most recent call first):
         [0] _build_reference_skeleton_rig (res://scripts/enemy.gd:235)
         [1] _build_body (res://scripts/enemy.gd:121)
         [2] populate_viewport (res://tests/dark_fantasy_scene_preview.gd:75)
         [3] _run (res://tests/dark_fantasy_scene_preview.gd:166)
WARNING: Adding 'FJ3243' as child to 'HandLPivot' will make owner 'AnatomicalSkeleton3D' inconsistent. Consider unsetting the owner beforehand.
     at: add_child (scene/main/node.cpp:1728)
     GDScript backtrace (most recent call first):
         [0] _build_reference_skeleton_rig (res://scripts/enemy.gd:235)
         [1] _build_body (res://scripts/enemy.gd:121)
         [2] populate_viewport (res://tests/dark_fantasy_scene_preview.gd:75)
         [3] _run (res://tests/dark_fantasy_scene_preview.gd:166)
WARNING: Adding 'FJ3244' as child to 'AnkleLPivot' will make owner 'AnatomicalSkeleton3D' inconsistent. Consider unsetting the owner beforehand.
     at: add_child (scene/main/node.cpp:1728)
     GDScript backtrace (most recent call first):
         [0] _build_reference_skeleton_rig (res://scripts/enemy.gd:235)
         [1] _build_body (res://scripts/enemy.gd:121)
         [2] populate_viewport (res://tests/dark_fantasy_scene_preview.gd:75)
         [3] _run (res://tests/dark_fantasy_scene_preview.gd:166)
WARNING: Adding 'FJ3246' as child to 'HandLPivot' will make owner 'AnatomicalSkeleton3D' inconsistent. Consider unsetting the owner beforehand.
     at: add_child (scene/main/node.cpp:1728)
     GDScript backtrace (most recent call first):
         [0] _build_reference_skeleton_rig (res://scripts/enemy.gd:235)
         [1] _build_body (res://scripts/enemy.gd:121)
         [2] populate_viewport (res://tests/dark_fantasy_scene_preview.gd:75)
         [3] _run (res://tests/dark_fantasy_scene_preview.gd:166)
WARNING: Adding 'FJ3247' as child to 'AnkleLPivot' will make owner 'AnatomicalSkeleton3D' inconsistent. Consider unsetting the owner beforehand.
     at: add_child (scene/main/node.cpp:1728)
     GDScript backtrace (most recent call first):
         [0] _build_reference_skeleton_rig (res://scripts/enemy.gd:235)
         [1] _build_body (res://scripts/enemy.gd:121)
         [2] populate_viewport (res://tests/dark_fantasy_scene_preview.gd:75)
         [3] _run (res://tests/dark_fantasy_scene_preview.gd:166)
WARNING: Adding 'FJ3249' as child to 'HandLPivot' will make owner 'AnatomicalSkeleton3D' inconsistent. Consider unsetting the owner beforehand.
     at: add_child (scene/main/node.cpp:1728)
     GDScript backtrace (most recent call first):
         [0] _build_reference_skeleton_rig (res://scripts/enemy.gd:235)
         [1] _build_body (res://scripts/enemy.gd:121)
         [2] populate_viewport (res://tests/dark_fantasy_scene_preview.gd:75)
         [3] _run (res://tests/dark_fantasy_scene_preview.gd:166)
WARNING: Adding 'FJ3250' as child to 'AnkleLPivot' will make owner 'AnatomicalSkeleton3D' inconsistent. Consider unsetting the owner beforehand.
     at: add_child (scene/main/node.cpp:1728)
     GDScript backtrace (most recent call first):
         [0] _build_reference_skeleton_rig (res://scripts/enemy.gd:235)
         [1] _build_body (res://scripts/enemy.gd:121)
         [2] populate_viewport (res://tests/dark_fantasy_scene_preview.gd:75)
         [3] _run (res://tests/dark_fantasy_scene_preview.gd:166)
WARNING: Adding 'FJ3252' as child to 'HandLPivot' will make owner 'AnatomicalSkeleton3D' inconsistent. Consider unsetting the owner beforehand.
     at: add_child (scene/main/node.cpp:1728)
     GDScript backtrace (most recent call first):
         [0] _build_reference_skeleton_rig (res://scripts/enemy.gd:235)
         [1] _build_body (res://scripts/enemy.gd:121)
         [2] populate_viewport (res://tests/dark_fantasy_scene_preview.gd:75)
         [3] _run (res://tests/dark_fantasy_scene_preview.gd:166)
WARNING: Adding 'FJ3253' as child to 'AnkleLPivot' will make owner 'AnatomicalSkeleton3D' inconsistent. Consider unsetting the owner beforehand.
     at: add_child (scene/main/node.cpp:1728)
     GDScript backtrace (most recent call first):
         [0] _build_reference_skeleton_rig (res://scripts/enemy.gd:235)
         [1] _build_body (res://scripts/enemy.gd:121)
         [2] populate_viewport (res://tests/dark_fantasy_scene_preview.gd:75)
         [3] _run (res://tests/dark_fantasy_scene_preview.gd:166)
WARNING: Adding 'FJ3256' as child to 'AnkleLPivot' will make owner 'AnatomicalSkeleton3D' inconsistent. Consider unsetting the owner beforehand.
     at: add_child (scene/main/node.cpp:1728)
     GDScript backtrace (most recent call first):
         [0] _build_reference_skeleton_rig (res://scripts/enemy.gd:235)
         [1] _build_body (res://scripts/enemy.gd:121)
         [2] populate_viewport (res://tests/dark_fantasy_scene_preview.gd:75)
         [3] _run (res://tests/dark_fantasy_scene_preview.gd:166)
WARNING: Adding 'FJ3257' as child to 'HandLPivot' will make owner 'AnatomicalSkeleton3D' inconsistent. Consider unsetting the owner beforehand.
     at: add_child (scene/main/node.cpp:1728)
     GDScript backtrace (most recent call first):
         [0] _build_reference_skeleton_rig (res://scripts/enemy.gd:235)
         [1] _build_body (res://scripts/enemy.gd:121)
         [2] populate_viewport (res://tests/dark_fantasy_scene_preview.gd:75)
         [3] _run (res://tests/dark_fantasy_scene_preview.gd:166)
WARNING: Adding 'FJ3258' as child to 'AnkleLPivot' will make owner 'AnatomicalSkeleton3D' inconsistent. Consider unsetting the owner beforehand.
     at: add_child (scene/main/node.cpp:1728)
     GDScript backtrace (most recent call first):
         [0] _build_reference_skeleton_rig (res://scripts/enemy.gd:235)
         [1] _build_body (res://scripts/enemy.gd:121)
         [2] populate_viewport (res://tests/dark_fantasy_scene_preview.gd:75)
         [3] _run (res://tests/dark_fantasy_scene_preview.gd:166)
WARNING: Adding 'FJ3259' as child to 'LegLPivot' will make owner 'AnatomicalSkeleton3D' inconsistent. Consider unsetting the owner beforehand.
     at: add_child (scene/main/node.cpp:1728)
     GDScript backtrace (most recent call first):
         [0] _build_reference_skeleton_rig (res://scripts/enemy.gd:235)
         [1] _build_body (res://scripts/enemy.gd:121)
         [2] populate_viewport (res://tests/dark_fantasy_scene_preview.gd:75)
         [3] _run (res://tests/dark_fantasy_scene_preview.gd:166)
WARNING: Adding 'FJ3260' as child to 'KneeLPivot' will make owner 'AnatomicalSkeleton3D' inconsistent. Consider unsetting the owner beforehand.
     at: add_child (scene/main/node.cpp:1728)
     GDScript backtrace (most recent call first):
         [0] _build_reference_skeleton_rig (res://scripts/enemy.gd:235)
         [1] _build_body (res://scripts/enemy.gd:121)
         [2] populate_viewport (res://tests/dark_fantasy_scene_preview.gd:75)
         [3] _run (res://tests/dark_fantasy_scene_preview.gd:166)
WARNING: Adding 'FJ3261' as child to 'HandLPivot' will make owner 'AnatomicalSkeleton3D' inconsistent. Consider unsetting the owner beforehand.
     at: add_child (scene/main/node.cpp:1728)
     GDScript backtrace (most recent call first):
         [0] _build_reference_skeleton_rig (res://scripts/enemy.gd:235)
         [1] _build_body (res://scripts/enemy.gd:121)
         [2] populate_viewport (res://tests/dark_fantasy_scene_preview.gd:75)
         [3] _run (res://tests/dark_fantasy_scene_preview.gd:166)
WARNING: Adding 'FJ3262' as child to 'ArmLPivot' will make owner 'AnatomicalSkeleton3D' inconsistent. Consider unsetting the owner beforehand.
     at: add_child (scene/main/node.cpp:1728)
     GDScript backtrace (most recent call first):
         [0] _build_reference_skeleton_rig (res://scripts/enemy.gd:235)
         [1] _build_body (res://scripts/enemy.gd:121)
         [2] populate_viewport (res://tests/dark_fantasy_scene_preview.gd:75)
         [3] _run (res://tests/dark_fantasy_scene_preview.gd:166)
WARNING: Adding 'FJ3263' as child to 'HeadPivot' will make owner 'AnatomicalSkeleton3D' inconsistent. Consider unsetting the owner beforehand.
     at: add_child (scene/main/node.cpp:1728)
     GDScript backtrace (most recent call first):
         [0] _build_reference_skeleton_rig (res://scripts/enemy.gd:235)
         [1] _build_body (res://scripts/enemy.gd:121)
         [2] populate_viewport (res://tests/dark_fantasy_scene_preview.gd:75)
         [3] _run (res://tests/dark_fantasy_scene_preview.gd:166)
WARNING: Adding 'FJ3264' as child to 'AnkleLPivot' will make owner 'AnatomicalSkeleton3D' inconsistent. Consider unsetting the owner beforehand.
     at: add_child (scene/main/node.cpp:1728)
     GDScript backtrace (most recent call first):
         [0] _build_reference_skeleton_rig (res://scripts/enemy.gd:235)
         [1] _build_body (res://scripts/enemy.gd:121)
         [2] populate_viewport (res://tests/dark_fantasy_scene_preview.gd:75)
         [3] _run (res://tests/dark_fantasy_scene_preview.gd:166)
WARNING: Adding 'FJ3265' as child to 'HeadPivot' will make owner 'AnatomicalSkeleton3D' inconsistent. Consider unsetting the owner beforehand.
     at: add_child (scene/main/node.cpp:1728)
     GDScript backtrace (most recent call first):
         [0] _build_reference_skeleton_rig (res://scripts/enemy.gd:235)
         [1] _build_body (res://scripts/enemy.gd:121)
         [2] populate_viewport (res://tests/dark_fantasy_scene_preview.gd:75)
         [3] _run (res://tests/dark_fantasy_scene_preview.gd:166)
WARNING: Adding 'FJ3267' as child to 'AnkleLPivot' will make owner 'AnatomicalSkeleton3D' inconsistent. Consider unsetting the owner beforehand.
     at: add_child (scene/main/node.cpp:1728)
     GDScript backtrace (most recent call first):
         [0] _build_reference_skeleton_rig (res://scripts/enemy.gd:235)
         [1] _build_body (res://scripts/enemy.gd:121)
         [2] populate_viewport (res://tests/dark_fantasy_scene_preview.gd:75)
         [3] _run (res://tests/dark_fantasy_scene_preview.gd:166)
WARNING: Adding 'FJ3268' as child to 'HandLPivot' will make owner 'AnatomicalSkeleton3D' inconsistent. Consider unsetting the owner beforehand.
     at: add_child (scene/main/node.cpp:1728)
     GDScript backtrace (most recent call first):
         [0] _build_reference_skeleton_rig (res://scripts/enemy.gd:235)
         [1] _build_body (res://scripts/enemy.gd:121)
         [2] populate_viewport (res://tests/dark_fantasy_scene_preview.gd:75)
         [3] _run (res://tests/dark_fantasy_scene_preview.gd:166)
WARNING: Adding 'FJ3269' as child to 'HeadPivot' will make owner 'AnatomicalSkeleton3D' inconsistent. Consider unsetting the owner beforehand.
     at: add_child (scene/main/node.cpp:1728)
     GDScript backtrace (most recent call first):
         [0] _build_reference_skeleton_rig (res://scripts/enemy.gd:235)
         [1] _build_body (res://scripts/enemy.gd:121)
         [2] populate_viewport (res://tests/dark_fantasy_scene_preview.gd:75)
         [3] _run (res://tests/dark_fantasy_scene_preview.gd:166)
WARNING: Adding 'FJ3271' as child to 'AnkleLPivot' will make owner 'AnatomicalSkeleton3D' inconsistent. Consider unsetting the owner beforehand.
     at: add_child (scene/main/node.cpp:1728)
     GDScript backtrace (most recent call first):
         [0] _build_reference_skeleton_rig (res://scripts/enemy.gd:235)
         [1] _build_body (res://scripts/enemy.gd:121)
         [2] populate_viewport (res://tests/dark_fantasy_scene_preview.gd:75)
         [3] _run (res://tests/dark_fantasy_scene_preview.gd:166)
WARNING: Adding 'FJ3272' as child to 'HeadPivot' will make owner 'AnatomicalSkeleton3D' inconsistent. Consider unsetting the owner beforehand.
     at: add_child (scene/main/node.cpp:1728)
     GDScript backtrace (most recent call first):
         [0] _build_reference_skeleton_rig (res://scripts/enemy.gd:235)
         [1] _build_body (res://scripts/enemy.gd:121)
         [2] populate_viewport (res://tests/dark_fantasy_scene_preview.gd:75)
         [3] _run (res://tests/dark_fantasy_scene_preview.gd:166)
WARNING: Adding 'FJ3273' as child to 'HeadPivot' will make owner 'AnatomicalSkeleton3D' inconsistent. Consider unsetting the owner beforehand.
     at: add_child (scene/main/node.cpp:1728)
     GDScript backtrace (most recent call first):
         [0] _build_reference_skeleton_rig (res://scripts/enemy.gd:235)
         [1] _build_body (res://scripts/enemy.gd:121)
         [2] populate_viewport (res://tests/dark_fantasy_scene_preview.gd:75)
         [3] _run (res://tests/dark_fantasy_scene_preview.gd:166)
WARNING: Adding 'FJ3274' as child to 'HeadPivot' will make owner 'AnatomicalSkeleton3D' inconsistent. Consider unsetting the owner beforehand.
     at: add_child (scene/main/node.cpp:1728)
     GDScript backtrace (most recent call first):
         [0] _build_reference_skeleton_rig (res://scripts/enemy.gd:235)
         [1] _build_body (res://scripts/enemy.gd:121)
         [2] populate_viewport (res://tests/dark_fantasy_scene_preview.gd:75)
         [3] _run (res://tests/dark_fantasy_scene_preview.gd:166)
WARNING: Adding 'FJ3275' as child to 'KneeLPivot' will make owner 'AnatomicalSkeleton3D' inconsistent. Consider unsetting the owner beforehand.
     at: add_child (scene/main/node.cpp:1728)
     GDScript backtrace (most recent call first):
         [0] _build_reference_skeleton_rig (res://scripts/enemy.gd:235)
         [1] _build_body (res://scripts/enemy.gd:121)
         [2] populate_viewport (res://tests/dark_fantasy_scene_preview.gd:75)
         [3] _run (res://tests/dark_fantasy_scene_preview.gd:166)
WARNING: Adding 'FJ3276' as child to 'HandLPivot' will make owner 'AnatomicalSkeleton3D' inconsistent. Consider unsetting the owner beforehand.
     at: add_child (scene/main/node.cpp:1728)
     GDScript backtrace (most recent call first):
         [0] _build_reference_skeleton_rig (res://scripts/enemy.gd:235)
         [1] _build_body (res://scripts/enemy.gd:121)
         [2] populate_viewport (res://tests/dark_fantasy_scene_preview.gd:75)
         [3] _run (res://tests/dark_fantasy_scene_preview.gd:166)
WARNING: Adding 'FJ3277' as child to 'ElbowLPivot' will make owner 'AnatomicalSkeleton3D' inconsistent. Consider unsetting the owner beforehand.
     at: add_child (scene/main/node.cpp:1728)
     GDScript backtrace (most recent call first):
         [0] _build_reference_skeleton_rig (res://scripts/enemy.gd:235)
         [1] _build_body (res://scripts/enemy.gd:121)
         [2] populate_viewport (res://tests/dark_fantasy_scene_preview.gd:75)
         [3] _run (res://tests/dark_fantasy_scene_preview.gd:166)
WARNING: Adding 'FJ3278' as child to 'HandLPivot' will make owner 'AnatomicalSkeleton3D' inconsistent. Consider unsetting the owner beforehand.
     at: add_child (scene/main/node.cpp:1728)
     GDScript backtrace (most recent call first):
         [0] _build_reference_skeleton_rig (res://scripts/enemy.gd:235)
         [1] _build_body (res://scripts/enemy.gd:121)
         [2] populate_viewport (res://tests/dark_fantasy_scene_preview.gd:75)
         [3] _run (res://tests/dark_fantasy_scene_preview.gd:166)
WARNING: Adding 'FJ3279' as child to 'ShoulderLPivot' will make owner 'AnatomicalSkeleton3D' inconsistent. Consider unsetting the owner beforehand.
     at: add_child (scene/main/node.cpp:1728)
     GDScript backtrace (most recent call first):
         [0] _build_reference_skeleton_rig (res://scripts/enemy.gd:235)
         [1] _build_body (res://scripts/enemy.gd:121)
         [2] populate_viewport (res://tests/dark_fantasy_scene_preview.gd:75)
         [3] _run (res://tests/dark_fantasy_scene_preview.gd:166)
WARNING: Adding 'FJ3280' as child to 'AnkleLPivot' will make owner 'AnatomicalSkeleton3D' inconsistent. Consider unsetting the owner beforehand.
     at: add_child (scene/main/node.cpp:1728)
     GDScript backtrace (most recent call first):
         [0] _build_reference_skeleton_rig (res://scripts/enemy.gd:235)
         [1] _build_body (res://scripts/enemy.gd:121)
         [2] populate_viewport (res://tests/dark_fantasy_scene_preview.gd:75)
         [3] _run (res://tests/dark_fantasy_scene_preview.gd:166)
WARNING: Adding 'FJ3281' as child to 'HeadPivot' will make owner 'AnatomicalSkeleton3D' inconsistent. Consider unsetting the owner beforehand.
     at: add_child (scene/main/node.cpp:1728)
     GDScript backtrace (most recent call first):
         [0] _build_reference_skeleton_rig (res://scripts/enemy.gd:235)
         [1] _build_body (res://scripts/enemy.gd:121)
         [2] populate_viewport (res://tests/dark_fantasy_scene_preview.gd:75)
         [3] _run (res://tests/dark_fantasy_scene_preview.gd:166)
WARNING: Adding 'FJ3282' as child to 'KneeLPivot' will make owner 'AnatomicalSkeleton3D' inconsistent. Consider unsetting the owner beforehand.
     at: add_child (scene/main/node.cpp:1728)
     GDScript backtrace (most recent call first):
         [0] _build_reference_skeleton_rig (res://scripts/enemy.gd:235)
         [1] _build_body (res://scripts/enemy.gd:121)
         [2] populate_viewport (res://tests/dark_fantasy_scene_preview.gd:75)
         [3] _run (res://tests/dark_fantasy_scene_preview.gd:166)
WARNING: Adding 'FJ3283' as child to 'HandLPivot' will make owner 'AnatomicalSkeleton3D' inconsistent. Consider unsetting the owner beforehand.
     at: add_child (scene/main/node.cpp:1728)
     GDScript backtrace (most recent call first):
         [0] _build_reference_skeleton_rig (res://scripts/enemy.gd:235)
         [1] _build_body (res://scripts/enemy.gd:121)
         [2] populate_viewport (res://tests/dark_fantasy_scene_preview.gd:75)
         [3] _run (res://tests/dark_fantasy_scene_preview.gd:166)
WARNING: Adding 'FJ3284' as child to 'HandLPivot' will make owner 'AnatomicalSkeleton3D' inconsistent. Consider unsetting the owner beforehand.
     at: add_child (scene/main/node.cpp:1728)
     GDScript backtrace (most recent call first):
         [0] _build_reference_skeleton_rig (res://scripts/enemy.gd:235)
         [1] _build_body (res://scripts/enemy.gd:121)
         [2] populate_viewport (res://tests/dark_fantasy_scene_preview.gd:75)
         [3] _run (res://tests/dark_fantasy_scene_preview.gd:166)
WARNING: Adding 'FJ3285' as child to 'HandLPivot' will make owner 'AnatomicalSkeleton3D' inconsistent. Consider unsetting the owner beforehand.
     at: add_child (scene/main/node.cpp:1728)
     GDScript backtrace (most recent call first):
         [0] _build_reference_skeleton_rig (res://scripts/enemy.gd:235)
         [1] _build_body (res://scripts/enemy.gd:121)
         [2] populate_viewport (res://tests/dark_fantasy_scene_preview.gd:75)
         [3] _run (res://tests/dark_fantasy_scene_preview.gd:166)
WARNING: Adding 'FJ3286' as child to 'ElbowLPivot' will make owner 'AnatomicalSkeleton3D' inconsistent. Consider unsetting the owner beforehand.
     at: add_child (scene/main/node.cpp:1728)
     GDScript backtrace (most recent call first):
         [0] _build_reference_skeleton_rig (res://scripts/enemy.gd:235)
         [1] _build_body (res://scripts/enemy.gd:121)
         [2] populate_viewport (res://tests/dark_fantasy_scene_preview.gd:75)
         [3] _run (res://tests/dark_fantasy_scene_preview.gd:166)
WARNING: Adding 'FJ3287' as child to 'HeadPivot' will make owner 'AnatomicalSkeleton3D' inconsistent. Consider unsetting the owner beforehand.
     at: add_child (scene/main/node.cpp:1728)
     GDScript backtrace (most recent call first):
         [0] _build_reference_skeleton_rig (res://scripts/enemy.gd:235)
         [1] _build_body (res://scripts/enemy.gd:121)
         [2] populate_viewport (res://tests/dark_fantasy_scene_preview.gd:75)
         [3] _run (res://tests/dark_fantasy_scene_preview.gd:166)
WARNING: Adding 'FJ3288' as child to 'PelvisPivot' will make owner 'AnatomicalSkeleton3D' inconsistent. Consider unsetting the owner beforehand.
     at: add_child (scene/main/node.cpp:1728)
     GDScript backtrace (most recent call first):
         [0] _build_reference_skeleton_rig (res://scripts/enemy.gd:235)
         [1] _build_body (res://scripts/enemy.gd:121)
         [2] populate_viewport (res://tests/dark_fantasy_scene_preview.gd:75)
         [3] _run (res://tests/dark_fantasy_scene_preview.gd:166)
WARNING: Adding 'FJ3289' as child to 'HeadPivot' will make owner 'AnatomicalSkeleton3D' inconsistent. Consider unsetting the owner beforehand.
     at: add_child (scene/main/node.cpp:1728)
     GDScript backtrace (most recent call first):
         [0] _build_reference_skeleton_rig (res://scripts/enemy.gd:235)
         [1] _build_body (res://scripts/enemy.gd:121)
         [2] populate_viewport (res://tests/dark_fantasy_scene_preview.gd:75)
         [3] _run (res://tests/dark_fantasy_scene_preview.gd:166)
WARNING: Adding 'FJ3290' as child to 'TorsoPivot' will make owner 'AnatomicalSkeleton3D' inconsistent. Consider unsetting the owner beforehand.
     at: add_child (scene/main/node.cpp:1728)
     GDScript backtrace (most recent call first):
         [0] _build_reference_skeleton_rig (res://scripts/enemy.gd:235)
         [1] _build_body (res://scripts/enemy.gd:121)
         [2] populate_viewport (res://tests/dark_fantasy_scene_preview.gd:75)
         [3] _run (res://tests/dark_fantasy_scene_preview.gd:166)
WARNING: Adding 'FJ3291' as child to 'HandLPivot' will make owner 'AnatomicalSkeleton3D' inconsistent. Consider unsetting the owner beforehand.
     at: add_child (scene/main/node.cpp:1728)
     GDScript backtrace (most recent call first):
         [0] _build_reference_skeleton_rig (res://scripts/enemy.gd:235)
         [1] _build_body (res://scripts/enemy.gd:121)
         [2] populate_viewport (res://tests/dark_fantasy_scene_preview.gd:75)
         [3] _run (res://tests/dark_fantasy_scene_preview.gd:166)
WARNING: Adding 'FJ3292' as child to 'HandRPivot' will make owner 'AnatomicalSkeleton3D' inconsistent. Consider unsetting the owner beforehand.
     at: add_child (scene/main/node.cpp:1728)
     GDScript backtrace (most recent call first):
         [0] _build_reference_skeleton_rig (res://scripts/enemy.gd:235)
         [1] _build_body (res://scripts/enemy.gd:121)
         [2] populate_viewport (res://tests/dark_fantasy_scene_preview.gd:75)
         [3] _run (res://tests/dark_fantasy_scene_preview.gd:166)
WARNING: Adding 'FJ3293' as child to 'AnkleLPivot' will make owner 'AnatomicalSkeleton3D' inconsistent. Consider unsetting the owner beforehand.
     at: add_child (scene/main/node.cpp:1728)
     GDScript backtrace (most recent call first):
         [0] _build_reference_skeleton_rig (res://scripts/enemy.gd:235)
         [1] _build_body (res://scripts/enemy.gd:121)
         [2] populate_viewport (res://tests/dark_fantasy_scene_preview.gd:75)
         [3] _run (res://tests/dark_fantasy_scene_preview.gd:166)
WARNING: Adding 'FJ3294' as child to 'AnkleLPivot' will make owner 'AnatomicalSkeleton3D' inconsistent. Consider unsetting the owner beforehand.
     at: add_child (scene/main/node.cpp:1728)
     GDScript backtrace (most recent call first):
         [0] _build_reference_skeleton_rig (res://scripts/enemy.gd:235)
         [1] _build_body (res://scripts/enemy.gd:121)
         [2] populate_viewport (res://tests/dark_fantasy_scene_preview.gd:75)
         [3] _run (res://tests/dark_fantasy_scene_preview.gd:166)
WARNING: Adding 'FJ3295' as child to 'AnkleLPivot' will make owner 'AnatomicalSkeleton3D' inconsistent. Consider unsetting the owner beforehand.
     at: add_child (scene/main/node.cpp:1728)
     GDScript backtrace (most recent call first):
         [0] _build_reference_skeleton_rig (res://scripts/enemy.gd:235)
         [1] _build_body (res://scripts/enemy.gd:121)
         [2] populate_viewport (res://tests/dark_fantasy_scene_preview.gd:75)
         [3] _run (res://tests/dark_fantasy_scene_preview.gd:166)
WARNING: Adding 'FJ3296' as child to 'HandLPivot' will make owner 'AnatomicalSkeleton3D' inconsistent. Consider unsetting the owner beforehand.
     at: add_child (scene/main/node.cpp:1728)
     GDScript backtrace (most recent call first):
         [0] _build_reference_skeleton_rig (res://scripts/enemy.gd:235)
         [1] _build_body (res://scripts/enemy.gd:121)
         [2] populate_viewport (res://tests/dark_fantasy_scene_preview.gd:75)
         [3] _run (res://tests/dark_fantasy_scene_preview.gd:166)
WARNING: Adding 'FJ3297' as child to 'HandLPivot' will make owner 'AnatomicalSkeleton3D' inconsistent. Consider unsetting the owner beforehand.
     at: add_child (scene/main/node.cpp:1728)
     GDScript backtrace (most recent call first):
         [0] _build_reference_skeleton_rig (res://scripts/enemy.gd:235)
         [1] _build_body (res://scripts/enemy.gd:121)
         [2] populate_viewport (res://tests/dark_fantasy_scene_preview.gd:75)
         [3] _run (res://tests/dark_fantasy_scene_preview.gd:166)
WARNING: Adding 'FJ3298' as child to 'AnkleLPivot' will make owner 'AnatomicalSkeleton3D' inconsistent. Consider unsetting the owner beforehand.
     at: add_child (scene/main/node.cpp:1728)
     GDScript backtrace (most recent call first):
         [0] _build_reference_skeleton_rig (res://scripts/enemy.gd:235)
         [1] _build_body (res://scripts/enemy.gd:121)
         [2] populate_viewport (res://tests/dark_fantasy_scene_preview.gd:75)
         [3] _run (res://tests/dark_fantasy_scene_preview.gd:166)
WARNING: Adding 'FJ3299' as child to 'HandLPivot' will make owner 'AnatomicalSkeleton3D' inconsistent. Consider unsetting the owner beforehand.
     at: add_child (scene/main/node.cpp:1728)
     GDScript backtrace (most recent call first):
         [0] _build_reference_skeleton_rig (res://scripts/enemy.gd:235)
         [1] _build_body (res://scripts/enemy.gd:121)
         [2] populate_viewport (res://tests/dark_fantasy_scene_preview.gd:75)
         [3] _run (res://tests/dark_fantasy_scene_preview.gd:166)
WARNING: Adding 'FJ3300' as child to 'AnkleRPivot' will make owner 'AnatomicalSkeleton3D' inconsistent. Consider unsetting the owner beforehand.
     at: add_child (scene/main/node.cpp:1728)
     GDScript backtrace (most recent call first):
         [0] _build_reference_skeleton_rig (res://scripts/enemy.gd:235)
         [1] _build_body (res://scripts/enemy.gd:121)
         [2] populate_viewport (res://tests/dark_fantasy_scene_preview.gd:75)
         [3] _run (res://tests/dark_fantasy_scene_preview.gd:166)
WARNING: Adding 'FJ3301' as child to 'AnkleRPivot' will make owner 'AnatomicalSkeleton3D' inconsistent. Consider unsetting the owner beforehand.
     at: add_child (scene/main/node.cpp:1728)
     GDScript backtrace (most recent call first):
         [0] _build_reference_skeleton_rig (res://scripts/enemy.gd:235)
         [1] _build_body (res://scripts/enemy.gd:121)
         [2] populate_viewport (res://tests/dark_fantasy_scene_preview.gd:75)
         [3] _run (res://tests/dark_fantasy_scene_preview.gd:166)
WARNING: Adding 'FJ3302' as child to 'AnkleRPivot' will make owner 'AnatomicalSkeleton3D' inconsistent. Consider unsetting the owner beforehand.
     at: add_child (scene/main/node.cpp:1728)
     GDScript backtrace (most recent call first):
         [0] _build_reference_skeleton_rig (res://scripts/enemy.gd:235)
         [1] _build_body (res://scripts/enemy.gd:121)
         [2] populate_viewport (res://tests/dark_fantasy_scene_preview.gd:75)
         [3] _run (res://tests/dark_fantasy_scene_preview.gd:166)
WARNING: Adding 'FJ3303' as child to 'HandRPivot' will make owner 'AnatomicalSkeleton3D' inconsistent. Consider unsetting the owner beforehand.
     at: add_child (scene/main/node.cpp:1728)
     GDScript backtrace (most recent call first):
         [0] _build_reference_skeleton_rig (res://scripts/enemy.gd:235)
         [1] _build_body (res://scripts/enemy.gd:121)
         [2] populate_viewport (res://tests/dark_fantasy_scene_preview.gd:75)
         [3] _run (res://tests/dark_fantasy_scene_preview.gd:166)
WARNING: Adding 'FJ3304' as child to 'HandRPivot' will make owner 'AnatomicalSkeleton3D' inconsistent. Consider unsetting the owner beforehand.
     at: add_child (scene/main/node.cpp:1728)
     GDScript backtrace (most recent call first):
         [0] _build_reference_skeleton_rig (res://scripts/enemy.gd:235)
         [1] _build_body (res://scripts/enemy.gd:121)
         [2] populate_viewport (res://tests/dark_fantasy_scene_preview.gd:75)
         [3] _run (res://tests/dark_fantasy_scene_preview.gd:166)
WARNING: Adding 'FJ3305' as child to 'AnkleRPivot' will make owner 'AnatomicalSkeleton3D' inconsistent. Consider unsetting the owner beforehand.
     at: add_child (scene/main/node.cpp:1728)
     GDScript backtrace (most recent call first):
         [0] _build_reference_skeleton_rig (res://scripts/enemy.gd:235)
         [1] _build_body (res://scripts/enemy.gd:121)
         [2] populate_viewport (res://tests/dark_fantasy_scene_preview.gd:75)
         [3] _run (res://tests/dark_fantasy_scene_preview.gd:166)
WARNING: Adding 'FJ3306' as child to 'HandRPivot' will make owner 'AnatomicalSkeleton3D' inconsistent. Consider unsetting the owner beforehand.
     at: add_child (scene/main/node.cpp:1728)
     GDScript backtrace (most recent call first):
         [0] _build_reference_skeleton_rig (res://scripts/enemy.gd:235)
         [1] _build_body (res://scripts/enemy.gd:121)
         [2] populate_viewport (res://tests/dark_fantasy_scene_preview.gd:75)
         [3] _run (res://tests/dark_fantasy_scene_preview.gd:166)
WARNING: Adding 'FJ3307' as child to 'AnkleLPivot' will make owner 'AnatomicalSkeleton3D' inconsistent. Consider unsetting the owner beforehand.
     at: add_child (scene/main/node.cpp:1728)
     GDScript backtrace (most recent call first):
         [0] _build_reference_skeleton_rig (res://scripts/enemy.gd:235)
         [1] _build_body (res://scripts/enemy.gd:121)
         [2] populate_viewport (res://tests/dark_fantasy_scene_preview.gd:75)
         [3] _run (res://tests/dark_fantasy_scene_preview.gd:166)
WARNING: Adding 'FJ3308' as child to 'AnkleRPivot' will make owner 'AnatomicalSkeleton3D' inconsistent. Consider unsetting the owner beforehand.
     at: add_child (scene/main/node.cpp:1728)
     GDScript backtrace (most recent call first):
         [0] _build_reference_skeleton_rig (res://scripts/enemy.gd:235)
         [1] _build_body (res://scripts/enemy.gd:121)
         [2] populate_viewport (res://tests/dark_fantasy_scene_preview.gd:75)
         [3] _run (res://tests/dark_fantasy_scene_preview.gd:166)
WARNING: Adding 'FJ3309' as child to 'HeadPivot' will make owner 'AnatomicalSkeleton3D' inconsistent. Consider unsetting the owner beforehand.
     at: add_child (scene/main/node.cpp:1728)
     GDScript backtrace (most recent call first):
         [0] _build_reference_skeleton_rig (res://scripts/enemy.gd:235)
         [1] _build_body (res://scripts/enemy.gd:121)
         [2] populate_viewport (res://tests/dark_fantasy_scene_preview.gd:75)
         [3] _run (res://tests/dark_fantasy_scene_preview.gd:166)
WARNING: Adding 'FJ3310' as child to 'AnkleRPivot' will make owner 'AnatomicalSkeleton3D' inconsistent. Consider unsetting the owner beforehand.
     at: add_child (scene/main/node.cpp:1728)
     GDScript backtrace (most recent call first):
         [0] _build_reference_skeleton_rig (res://scripts/enemy.gd:235)
         [1] _build_body (res://scripts/enemy.gd:121)
         [2] populate_viewport (res://tests/dark_fantasy_scene_preview.gd:75)
         [3] _run (res://tests/dark_fantasy_scene_preview.gd:166)
WARNING: Adding 'FJ3311' as child to 'AnkleLPivot' will make owner 'AnatomicalSkeleton3D' inconsistent. Consider unsetting the owner beforehand.
     at: add_child (scene/main/node.cpp:1728)
     GDScript backtrace (most recent call first):
         [0] _build_reference_skeleton_rig (res://scripts/enemy.gd:235)
         [1] _build_body (res://scripts/enemy.gd:121)
         [2] populate_viewport (res://tests/dark_fantasy_scene_preview.gd:75)
         [3] _run (res://tests/dark_fantasy_scene_preview.gd:166)
WARNING: Adding 'FJ3312' as child to 'AnkleLPivot' will make owner 'AnatomicalSkeleton3D' inconsistent. Consider unsetting the owner beforehand.
     at: add_child (scene/main/node.cpp:1728)
     GDScript backtrace (most recent call first):
         [0] _build_reference_skeleton_rig (res://scripts/enemy.gd:235)
         [1] _build_body (res://scripts/enemy.gd:121)
         [2] populate_viewport (res://tests/dark_fantasy_scene_preview.gd:75)
         [3] _run (res://tests/dark_fantasy_scene_preview.gd:166)
WARNING: Adding 'FJ3313' as child to 'HandLPivot' will make owner 'AnatomicalSkeleton3D' inconsistent. Consider unsetting the owner beforehand.
     at: add_child (scene/main/node.cpp:1728)
     GDScript backtrace (most recent call first):
         [0] _build_reference_skeleton_rig (res://scripts/enemy.gd:235)
         [1] _build_body (res://scripts/enemy.gd:121)
         [2] populate_viewport (res://tests/dark_fantasy_scene_preview.gd:75)
         [3] _run (res://tests/dark_fantasy_scene_preview.gd:166)
WARNING: Adding 'FJ3314' as child to 'HandLPivot' will make owner 'AnatomicalSkeleton3D' inconsistent. Consider unsetting the owner beforehand.
     at: add_child (scene/main/node.cpp:1728)
     GDScript backtrace (most recent call first):
         [0] _build_reference_skeleton_rig (res://scripts/enemy.gd:235)
         [1] _build_body (res://scripts/enemy.gd:121)
         [2] populate_viewport (res://tests/dark_fantasy_scene_preview.gd:75)
         [3] _run (res://tests/dark_fantasy_scene_preview.gd:166)
WARNING: Adding 'FJ3315' as child to 'AnkleLPivot' will make owner 'AnatomicalSkeleton3D' inconsistent. Consider unsetting the owner beforehand.
     at: add_child (scene/main/node.cpp:1728)
     GDScript backtrace (most recent call first):
         [0] _build_reference_skeleton_rig (res://scripts/enemy.gd:235)
         [1] _build_body (res://scripts/enemy.gd:121)
         [2] populate_viewport (res://tests/dark_fantasy_scene_preview.gd:75)
         [3] _run (res://tests/dark_fantasy_scene_preview.gd:166)
WARNING: Adding 'FJ3316' as child to 'HandLPivot' will make owner 'AnatomicalSkeleton3D' inconsistent. Consider unsetting the owner beforehand.
     at: add_child (scene/main/node.cpp:1728)
     GDScript backtrace (most recent call first):
         [0] _build_reference_skeleton_rig (res://scripts/enemy.gd:235)
         [1] _build_body (res://scripts/enemy.gd:121)
         [2] populate_viewport (res://tests/dark_fantasy_scene_preview.gd:75)
         [3] _run (res://tests/dark_fantasy_scene_preview.gd:166)
WARNING: Adding 'FJ3317' as child to 'HandLPivot' will make owner 'AnatomicalSkeleton3D' inconsistent. Consider unsetting the owner beforehand.
     at: add_child (scene/main/node.cpp:1728)
     GDScript backtrace (most recent call first):
         [0] _build_reference_skeleton_rig (res://scripts/enemy.gd:235)
         [1] _build_body (res://scripts/enemy.gd:121)
         [2] populate_viewport (res://tests/dark_fantasy_scene_preview.gd:75)
         [3] _run (res://tests/dark_fantasy_scene_preview.gd:166)
WARNING: Adding 'FJ3318' as child to 'HandLPivot' will make owner 'AnatomicalSkeleton3D' inconsistent. Consider unsetting the owner beforehand.
     at: add_child (scene/main/node.cpp:1728)
     GDScript backtrace (most recent call first):
         [0] _build_reference_skeleton_rig (res://scripts/enemy.gd:235)
         [1] _build_body (res://scripts/enemy.gd:121)
         [2] populate_viewport (res://tests/dark_fantasy_scene_preview.gd:75)
         [3] _run (res://tests/dark_fantasy_scene_preview.gd:166)
WARNING: Adding 'FJ3319' as child to 'AnkleRPivot' will make owner 'AnatomicalSkeleton3D' inconsistent. Consider unsetting the owner beforehand.
     at: add_child (scene/main/node.cpp:1728)
     GDScript backtrace (most recent call first):
         [0] _build_reference_skeleton_rig (res://scripts/enemy.gd:235)
         [1] _build_body (res://scripts/enemy.gd:121)
         [2] populate_viewport (res://tests/dark_fantasy_scene_preview.gd:75)
         [3] _run (res://tests/dark_fantasy_scene_preview.gd:166)
WARNING: Adding 'FJ3320' as child to 'AnkleRPivot' will make owner 'AnatomicalSkeleton3D' inconsistent. Consider unsetting the owner beforehand.
     at: add_child (scene/main/node.cpp:1728)
     GDScript backtrace (most recent call first):
         [0] _build_reference_skeleton_rig (res://scripts/enemy.gd:235)
         [1] _build_body (res://scripts/enemy.gd:121)
         [2] populate_viewport (res://tests/dark_fantasy_scene_preview.gd:75)
         [3] _run (res://tests/dark_fantasy_scene_preview.gd:166)
WARNING: Adding 'FJ3321' as child to 'AnkleRPivot' will make owner 'AnatomicalSkeleton3D' inconsistent. Consider unsetting the owner beforehand.
     at: add_child (scene/main/node.cpp:1728)
     GDScript backtrace (most recent call first):
         [0] _build_reference_skeleton_rig (res://scripts/enemy.gd:235)
         [1] _build_body (res://scripts/enemy.gd:121)
         [2] populate_viewport (res://tests/dark_fantasy_scene_preview.gd:75)
         [3] _run (res://tests/dark_fantasy_scene_preview.gd:166)
WARNING: Adding 'FJ3322' as child to 'HandRPivot' will make owner 'AnatomicalSkeleton3D' inconsistent. Consider unsetting the owner beforehand.
     at: add_child (scene/main/node.cpp:1728)
     GDScript backtrace (most recent call first):
         [0] _build_reference_skeleton_rig (res://scripts/enemy.gd:235)
         [1] _build_body (res://scripts/enemy.gd:121)
         [2] populate_viewport (res://tests/dark_fantasy_scene_preview.gd:75)
         [3] _run (res://tests/dark_fantasy_scene_preview.gd:166)
WARNING: Adding 'FJ3323' as child to 'HandRPivot' will make owner 'AnatomicalSkeleton3D' inconsistent. Consider unsetting the owner beforehand.
     at: add_child (scene/main/node.cpp:1728)
     GDScript backtrace (most recent call first):
         [0] _build_reference_skeleton_rig (res://scripts/enemy.gd:235)
         [1] _build_body (res://scripts/enemy.gd:121)
         [2] populate_viewport (res://tests/dark_fantasy_scene_preview.gd:75)
         [3] _run (res://tests/dark_fantasy_scene_preview.gd:166)
WARNING: Adding 'FJ3324' as child to 'AnkleRPivot' will make owner 'AnatomicalSkeleton3D' inconsistent. Consider unsetting the owner beforehand.
     at: add_child (scene/main/node.cpp:1728)
     GDScript backtrace (most recent call first):
         [0] _build_reference_skeleton_rig (res://scripts/enemy.gd:235)
         [1] _build_body (res://scripts/enemy.gd:121)
         [2] populate_viewport (res://tests/dark_fantasy_scene_preview.gd:75)
         [3] _run (res://tests/dark_fantasy_scene_preview.gd:166)
WARNING: Adding 'FJ3325' as child to 'HandRPivot' will make owner 'AnatomicalSkeleton3D' inconsistent. Consider unsetting the owner beforehand.
     at: add_child (scene/main/node.cpp:1728)
     GDScript backtrace (most recent call first):
         [0] _build_reference_skeleton_rig (res://scripts/enemy.gd:235)
         [1] _build_body (res://scripts/enemy.gd:121)
         [2] populate_viewport (res://tests/dark_fantasy_scene_preview.gd:75)
         [3] _run (res://tests/dark_fantasy_scene_preview.gd:166)
WARNING: Adding 'FJ3326' as child to 'HandRPivot' will make owner 'AnatomicalSkeleton3D' inconsistent. Consider unsetting the owner beforehand.
     at: add_child (scene/main/node.cpp:1728)
     GDScript backtrace (most recent call first):
         [0] _build_reference_skeleton_rig (res://scripts/enemy.gd:235)
         [1] _build_body (res://scripts/enemy.gd:121)
         [2] populate_viewport (res://tests/dark_fantasy_scene_preview.gd:75)
         [3] _run (res://tests/dark_fantasy_scene_preview.gd:166)
WARNING: Adding 'FJ3327' as child to 'HandRPivot' will make owner 'AnatomicalSkeleton3D' inconsistent. Consider unsetting the owner beforehand.
     at: add_child (scene/main/node.cpp:1728)
     GDScript backtrace (most recent call first):
         [0] _build_reference_skeleton_rig (res://scripts/enemy.gd:235)
         [1] _build_body (res://scripts/enemy.gd:121)
         [2] populate_viewport (res://tests/dark_fantasy_scene_preview.gd:75)
         [3] _run (res://tests/dark_fantasy_scene_preview.gd:166)
WARNING: Adding 'FJ3328' as child to 'AnkleLPivot' will make owner 'AnatomicalSkeleton3D' inconsistent. Consider unsetting the owner beforehand.
     at: add_child (scene/main/node.cpp:1728)
     GDScript backtrace (most recent call first):
         [0] _build_reference_skeleton_rig (res://scripts/enemy.gd:235)
         [1] _build_body (res://scripts/enemy.gd:121)
         [2] populate_viewport (res://tests/dark_fantasy_scene_preview.gd:75)
         [3] _run (res://tests/dark_fantasy_scene_preview.gd:166)
WARNING: Adding 'FJ3329' as child to 'AnkleLPivot' will make owner 'AnatomicalSkeleton3D' inconsistent. Consider unsetting the owner beforehand.
     at: add_child (scene/main/node.cpp:1728)
     GDScript backtrace (most recent call first):
         [0] _build_reference_skeleton_rig (res://scripts/enemy.gd:235)
         [1] _build_body (res://scripts/enemy.gd:121)
         [2] populate_viewport (res://tests/dark_fantasy_scene_preview.gd:75)
         [3] _run (res://tests/dark_fantasy_scene_preview.gd:166)
WARNING: Adding 'FJ3330' as child to 'TorsoPivot' will make owner 'AnatomicalSkeleton3D' inconsistent. Consider unsetting the owner beforehand.
     at: add_child (scene/main/node.cpp:1728)
     GDScript backtrace (most recent call first):
         [0] _build_reference_skeleton_rig (res://scripts/enemy.gd:235)
         [1] _build_body (res://scripts/enemy.gd:121)
         [2] populate_viewport (res://tests/dark_fantasy_scene_preview.gd:75)
         [3] _run (res://tests/dark_fantasy_scene_preview.gd:166)
WARNING: Adding 'FJ3331' as child to 'TorsoPivot' will make owner 'AnatomicalSkeleton3D' inconsistent. Consider unsetting the owner beforehand.
     at: add_child (scene/main/node.cpp:1728)
     GDScript backtrace (most recent call first):
         [0] _build_reference_skeleton_rig (res://scripts/enemy.gd:235)
         [1] _build_body (res://scripts/enemy.gd:121)
         [2] populate_viewport (res://tests/dark_fantasy_scene_preview.gd:75)
         [3] _run (res://tests/dark_fantasy_scene_preview.gd:166)
WARNING: Adding 'FJ3332' as child to 'TorsoPivot' will make owner 'AnatomicalSkeleton3D' inconsistent. Consider unsetting the owner beforehand.
     at: add_child (scene/main/node.cpp:1728)
     GDScript backtrace (most recent call first):
         [0] _build_reference_skeleton_rig (res://scripts/enemy.gd:235)
         [1] _build_body (res://scripts/enemy.gd:121)
         [2] populate_viewport (res://tests/dark_fantasy_scene_preview.gd:75)
         [3] _run (res://tests/dark_fantasy_scene_preview.gd:166)
WARNING: Adding 'FJ3334' as child to 'TorsoPivot' will make owner 'AnatomicalSkeleton3D' inconsistent. Consider unsetting the owner beforehand.
     at: add_child (scene/main/node.cpp:1728)
     GDScript backtrace (most recent call first):
         [0] _build_reference_skeleton_rig (res://scripts/enemy.gd:235)
         [1] _build_body (res://scripts/enemy.gd:121)
         [2] populate_viewport (res://tests/dark_fantasy_scene_preview.gd:75)
         [3] _run (res://tests/dark_fantasy_scene_preview.gd:166)
WARNING: Adding 'FJ3336' as child to 'TorsoPivot' will make owner 'AnatomicalSkeleton3D' inconsistent. Consider unsetting the owner beforehand.
     at: add_child (scene/main/node.cpp:1728)
     GDScript backtrace (most recent call first):
         [0] _build_reference_skeleton_rig (res://scripts/enemy.gd:235)
         [1] _build_body (res://scripts/enemy.gd:121)
         [2] populate_viewport (res://tests/dark_fantasy_scene_preview.gd:75)
         [3] _run (res://tests/dark_fantasy_scene_preview.gd:166)
WARNING: Adding 'FJ3338' as child to 'TorsoPivot' will make owner 'AnatomicalSkeleton3D' inconsistent. Consider unsetting the owner beforehand.
     at: add_child (scene/main/node.cpp:1728)
     GDScript backtrace (most recent call first):
         [0] _build_reference_skeleton_rig (res://scripts/enemy.gd:235)
         [1] _build_body (res://scripts/enemy.gd:121)
         [2] populate_viewport (res://tests/dark_fantasy_scene_preview.gd:75)
         [3] _run (res://tests/dark_fantasy_scene_preview.gd:166)
WARNING: Adding 'FJ3340' as child to 'TorsoPivot' will make owner 'AnatomicalSkeleton3D' inconsistent. Consider unsetting the owner beforehand.
     at: add_child (scene/main/node.cpp:1728)
     GDScript backtrace (most recent call first):
         [0] _build_reference_skeleton_rig (res://scripts/enemy.gd:235)
         [1] _build_body (res://scripts/enemy.gd:121)
         [2] populate_viewport (res://tests/dark_fantasy_scene_preview.gd:75)
         [3] _run (res://tests/dark_fantasy_scene_preview.gd:166)
WARNING: Adding 'FJ3342' as child to 'TorsoPivot' will make owner 'AnatomicalSkeleton3D' inconsistent. Consider unsetting the owner beforehand.
     at: add_child (scene/main/node.cpp:1728)
     GDScript backtrace (most recent call first):
         [0] _build_reference_skeleton_rig (res://scripts/enemy.gd:235)
         [1] _build_body (res://scripts/enemy.gd:121)
         [2] populate_viewport (res://tests/dark_fantasy_scene_preview.gd:75)
         [3] _run (res://tests/dark_fantasy_scene_preview.gd:166)
WARNING: Adding 'FJ3344' as child to 'TorsoPivot' will make owner 'AnatomicalSkeleton3D' inconsistent. Consider unsetting the owner beforehand.
     at: add_child (scene/main/node.cpp:1728)
     GDScript backtrace (most recent call first):
         [0] _build_reference_skeleton_rig (res://scripts/enemy.gd:235)
         [1] _build_body (res://scripts/enemy.gd:121)
         [2] populate_viewport (res://tests/dark_fantasy_scene_preview.gd:75)
         [3] _run (res://tests/dark_fantasy_scene_preview.gd:166)
WARNING: Adding 'FJ3346' as child to 'TorsoPivot' will make owner 'AnatomicalSkeleton3D' inconsistent. Consider unsetting the owner beforehand.
     at: add_child (scene/main/node.cpp:1728)
     GDScript backtrace (most recent call first):
         [0] _build_reference_skeleton_rig (res://scripts/enemy.gd:235)
         [1] _build_body (res://scripts/enemy.gd:121)
         [2] populate_viewport (res://tests/dark_fantasy_scene_preview.gd:75)
         [3] _run (res://tests/dark_fantasy_scene_preview.gd:166)
WARNING: Adding 'FJ3347' as child to 'TorsoPivot' will make owner 'AnatomicalSkeleton3D' inconsistent. Consider unsetting the owner beforehand.
     at: add_child (scene/main/node.cpp:1728)
     GDScript backtrace (most recent call first):
         [0] _build_reference_skeleton_rig (res://scripts/enemy.gd:235)
         [1] _build_body (res://scripts/enemy.gd:121)
         [2] populate_viewport (res://tests/dark_fantasy_scene_preview.gd:75)
         [3] _run (res://tests/dark_fantasy_scene_preview.gd:166)
WARNING: Adding 'FJ3348' as child to 'TorsoPivot' will make owner 'AnatomicalSkeleton3D' inconsistent. Consider unsetting the owner beforehand.
     at: add_child (scene/main/node.cpp:1728)
     GDScript backtrace (most recent call first):
         [0] _build_reference_skeleton_rig (res://scripts/enemy.gd:235)
         [1] _build_body (res://scripts/enemy.gd:121)
         [2] populate_viewport (res://tests/dark_fantasy_scene_preview.gd:75)
         [3] _run (res://tests/dark_fantasy_scene_preview.gd:166)
WARNING: Adding 'FJ3349' as child to 'ElbowRPivot' will make owner 'AnatomicalSkeleton3D' inconsistent. Consider unsetting the owner beforehand.
     at: add_child (scene/main/node.cpp:1728)
     GDScript backtrace (most recent call first):
         [0] _build_reference_skeleton_rig (res://scripts/enemy.gd:235)
         [1] _build_body (res://scripts/enemy.gd:121)
         [2] populate_viewport (res://tests/dark_fantasy_scene_preview.gd:75)
         [3] _run (res://tests/dark_fantasy_scene_preview.gd:166)
WARNING: Adding 'FJ3350' as child to 'HandRPivot' will make owner 'AnatomicalSkeleton3D' inconsistent. Consider unsetting the owner beforehand.
     at: add_child (scene/main/node.cpp:1728)
     GDScript backtrace (most recent call first):
         [0] _build_reference_skeleton_rig (res://scripts/enemy.gd:235)
         [1] _build_body (res://scripts/enemy.gd:121)
         [2] populate_viewport (res://tests/dark_fantasy_scene_preview.gd:75)
         [3] _run (res://tests/dark_fantasy_scene_preview.gd:166)
WARNING: Adding 'FJ3351' as child to 'AnkleRPivot' will make owner 'AnatomicalSkeleton3D' inconsistent. Consider unsetting the owner beforehand.
     at: add_child (scene/main/node.cpp:1728)
     GDScript backtrace (most recent call first):
         [0] _build_reference_skeleton_rig (res://scripts/enemy.gd:235)
         [1] _build_body (res://scripts/enemy.gd:121)
         [2] populate_viewport (res://tests/dark_fantasy_scene_preview.gd:75)
         [3] _run (res://tests/dark_fantasy_scene_preview.gd:166)
WARNING: Adding 'FJ3352' as child to 'HandRPivot' will make owner 'AnatomicalSkeleton3D' inconsistent. Consider unsetting the owner beforehand.
     at: add_child (scene/main/node.cpp:1728)
     GDScript backtrace (most recent call first):
         [0] _build_reference_skeleton_rig (res://scripts/enemy.gd:235)
         [1] _build_body (res://scripts/enemy.gd:121)
         [2] populate_viewport (res://tests/dark_fantasy_scene_preview.gd:75)
         [3] _run (res://tests/dark_fantasy_scene_preview.gd:166)
WARNING: Adding 'FJ3353' as child to 'AnkleRPivot' will make owner 'AnatomicalSkeleton3D' inconsistent. Consider unsetting the owner beforehand.
     at: add_child (scene/main/node.cpp:1728)
     GDScript backtrace (most recent call first):
         [0] _build_reference_skeleton_rig (res://scripts/enemy.gd:235)
         [1] _build_body (res://scripts/enemy.gd:121)
         [2] populate_viewport (res://tests/dark_fantasy_scene_preview.gd:75)
         [3] _run (res://tests/dark_fantasy_scene_preview.gd:166)
WARNING: Adding 'FJ3354' as child to 'HandRPivot' will make owner 'AnatomicalSkeleton3D' inconsistent. Consider unsetting the owner beforehand.
     at: add_child (scene/main/node.cpp:1728)
     GDScript backtrace (most recent call first):
         [0] _build_reference_skeleton_rig (res://scripts/enemy.gd:235)
         [1] _build_body (res://scripts/enemy.gd:121)
         [2] populate_viewport (res://tests/dark_fantasy_scene_preview.gd:75)
         [3] _run (res://tests/dark_fantasy_scene_preview.gd:166)
WARNING: Adding 'FJ3355' as child to 'AnkleRPivot' will make owner 'AnatomicalSkeleton3D' inconsistent. Consider unsetting the owner beforehand.
     at: add_child (scene/main/node.cpp:1728)
     GDScript backtrace (most recent call first):
         [0] _build_reference_skeleton_rig (res://scripts/enemy.gd:235)
         [1] _build_body (res://scripts/enemy.gd:121)
         [2] populate_viewport (res://tests/dark_fantasy_scene_preview.gd:75)
         [3] _run (res://tests/dark_fantasy_scene_preview.gd:166)
WARNING: Adding 'FJ3356' as child to 'HandRPivot' will make owner 'AnatomicalSkeleton3D' inconsistent. Consider unsetting the owner beforehand.
     at: add_child (scene/main/node.cpp:1728)
     GDScript backtrace (most recent call first):
         [0] _build_reference_skeleton_rig (res://scripts/enemy.gd:235)
         [1] _build_body (res://scripts/enemy.gd:121)
         [2] populate_viewport (res://tests/dark_fantasy_scene_preview.gd:75)
         [3] _run (res://tests/dark_fantasy_scene_preview.gd:166)
WARNING: Adding 'FJ3357' as child to 'AnkleRPivot' will make owner 'AnatomicalSkeleton3D' inconsistent. Consider unsetting the owner beforehand.
     at: add_child (scene/main/node.cpp:1728)
     GDScript backtrace (most recent call first):
         [0] _build_reference_skeleton_rig (res://scripts/enemy.gd:235)
         [1] _build_body (res://scripts/enemy.gd:121)
         [2] populate_viewport (res://tests/dark_fantasy_scene_preview.gd:75)
         [3] _run (res://tests/dark_fantasy_scene_preview.gd:166)
WARNING: Adding 'FJ3358' as child to 'HandRPivot' will make owner 'AnatomicalSkeleton3D' inconsistent. Consider unsetting the owner beforehand.
     at: add_child (scene/main/node.cpp:1728)
     GDScript backtrace (most recent call first):
         [0] _build_reference_skeleton_rig (res://scripts/enemy.gd:235)
         [1] _build_body (res://scripts/enemy.gd:121)
         [2] populate_viewport (res://tests/dark_fantasy_scene_preview.gd:75)
         [3] _run (res://tests/dark_fantasy_scene_preview.gd:166)
WARNING: Adding 'FJ3359' as child to 'AnkleRPivot' will make owner 'AnatomicalSkeleton3D' inconsistent. Consider unsetting the owner beforehand.
     at: add_child (scene/main/node.cpp:1728)
     GDScript backtrace (most recent call first):
         [0] _build_reference_skeleton_rig (res://scripts/enemy.gd:235)
         [1] _build_body (res://scripts/enemy.gd:121)
         [2] populate_viewport (res://tests/dark_fantasy_scene_preview.gd:75)
         [3] _run (res://tests/dark_fantasy_scene_preview.gd:166)
WARNING: Adding 'FJ3360' as child to 'AnkleRPivot' will make owner 'AnatomicalSkeleton3D' inconsistent. Consider unsetting the owner beforehand.
     at: add_child (scene/main/node.cpp:1728)
     GDScript backtrace (most recent call first):
         [0] _build_reference_skeleton_rig (res://scripts/enemy.gd:235)
         [1] _build_body (res://scripts/enemy.gd:121)
         [2] populate_viewport (res://tests/dark_fantasy_scene_preview.gd:75)
         [3] _run (res://tests/dark_fantasy_scene_preview.gd:166)
WARNING: Adding 'FJ3361' as child to 'HandRPivot' will make owner 'AnatomicalSkeleton3D' inconsistent. Consider unsetting the owner beforehand.
     at: add_child (scene/main/node.cpp:1728)
     GDScript backtrace (most recent call first):
         [0] _build_reference_skeleton_rig (res://scripts/enemy.gd:235)
         [1] _build_body (res://scripts/enemy.gd:121)
         [2] populate_viewport (res://tests/dark_fantasy_scene_preview.gd:75)
         [3] _run (res://tests/dark_fantasy_scene_preview.gd:166)
WARNING: Adding 'FJ3362' as child to 'ShoulderRPivot' will make owner 'AnatomicalSkeleton3D' inconsistent. Consider unsetting the owner beforehand.
     at: add_child (scene/main/node.cpp:1728)
     GDScript backtrace (most recent call first):
         [0] _build_reference_skeleton_rig (res://scripts/enemy.gd:235)
         [1] _build_body (res://scripts/enemy.gd:121)
         [2] populate_viewport (res://tests/dark_fantasy_scene_preview.gd:75)
         [3] _run (res://tests/dark_fantasy_scene_preview.gd:166)
WARNING: Adding 'FJ3364' as child to 'AnkleRPivot' will make owner 'AnatomicalSkeleton3D' inconsistent. Consider unsetting the owner beforehand.
     at: add_child (scene/main/node.cpp:1728)
     GDScript backtrace (most recent call first):
         [0] _build_reference_skeleton_rig (res://scripts/enemy.gd:235)
         [1] _build_body (res://scripts/enemy.gd:121)
         [2] populate_viewport (res://tests/dark_fantasy_scene_preview.gd:75)
         [3] _run (res://tests/dark_fantasy_scene_preview.gd:166)
WARNING: Adding 'FJ3365' as child to 'LegRPivot' will make owner 'AnatomicalSkeleton3D' inconsistent. Consider unsetting the owner beforehand.
     at: add_child (scene/main/node.cpp:1728)
     GDScript backtrace (most recent call first):
         [0] _build_reference_skeleton_rig (res://scripts/enemy.gd:235)
         [1] _build_body (res://scripts/enemy.gd:121)
         [2] populate_viewport (res://tests/dark_fantasy_scene_preview.gd:75)
         [3] _run (res://tests/dark_fantasy_scene_preview.gd:166)
WARNING: Adding 'FJ3366' as child to 'KneeRPivot' will make owner 'AnatomicalSkeleton3D' inconsistent. Consider unsetting the owner beforehand.
     at: add_child (scene/main/node.cpp:1728)
     GDScript backtrace (most recent call first):
         [0] _build_reference_skeleton_rig (res://scripts/enemy.gd:235)
         [1] _build_body (res://scripts/enemy.gd:121)
         [2] populate_viewport (res://tests/dark_fantasy_scene_preview.gd:75)
         [3] _run (res://tests/dark_fantasy_scene_preview.gd:166)
WARNING: Adding 'FJ3367' as child to 'HandRPivot' will make owner 'AnatomicalSkeleton3D' inconsistent. Consider unsetting the owner beforehand.
     at: add_child (scene/main/node.cpp:1728)
     GDScript backtrace (most recent call first):
         [0] _build_reference_skeleton_rig (res://scripts/enemy.gd:235)
         [1] _build_body (res://scripts/enemy.gd:121)
         [2] populate_viewport (res://tests/dark_fantasy_scene_preview.gd:75)
         [3] _run (res://tests/dark_fantasy_scene_preview.gd:166)
WARNING: Adding 'FJ3368' as child to 'ArmRPivot' will make owner 'AnatomicalSkeleton3D' inconsistent. Consider unsetting the owner beforehand.
     at: add_child (scene/main/node.cpp:1728)
     GDScript backtrace (most recent call first):
         [0] _build_reference_skeleton_rig (res://scripts/enemy.gd:235)
         [1] _build_body (res://scripts/enemy.gd:121)
         [2] populate_viewport (res://tests/dark_fantasy_scene_preview.gd:75)
         [3] _run (res://tests/dark_fantasy_scene_preview.gd:166)
WARNING: Adding 'FJ3369' as child to 'HeadPivot' will make owner 'AnatomicalSkeleton3D' inconsistent. Consider unsetting the owner beforehand.
     at: add_child (scene/main/node.cpp:1728)
     GDScript backtrace (most recent call first):
         [0] _build_reference_skeleton_rig (res://scripts/enemy.gd:235)
         [1] _build_body (res://scripts/enemy.gd:121)
         [2] populate_viewport (res://tests/dark_fantasy_scene_preview.gd:75)
         [3] _run (res://tests/dark_fantasy_scene_preview.gd:166)
WARNING: Adding 'FJ3370' as child to 'AnkleRPivot' will make owner 'AnatomicalSkeleton3D' inconsistent. Consider unsetting the owner beforehand.
     at: add_child (scene/main/node.cpp:1728)
     GDScript backtrace (most recent call first):
         [0] _build_reference_skeleton_rig (res://scripts/enemy.gd:235)
         [1] _build_body (res://scripts/enemy.gd:121)
         [2] populate_viewport (res://tests/dark_fantasy_scene_preview.gd:75)
         [3] _run (res://tests/dark_fantasy_scene_preview.gd:166)
WARNING: Adding 'FJ3371' as child to 'HeadPivot' will make owner 'AnatomicalSkeleton3D' inconsistent. Consider unsetting the owner beforehand.
     at: add_child (scene/main/node.cpp:1728)
     GDScript backtrace (most recent call first):
         [0] _build_reference_skeleton_rig (res://scripts/enemy.gd:235)
         [1] _build_body (res://scripts/enemy.gd:121)
         [2] populate_viewport (res://tests/dark_fantasy_scene_preview.gd:75)
         [3] _run (res://tests/dark_fantasy_scene_preview.gd:166)
WARNING: Adding 'FJ3373' as child to 'AnkleRPivot' will make owner 'AnatomicalSkeleton3D' inconsistent. Consider unsetting the owner beforehand.
     at: add_child (scene/main/node.cpp:1728)
     GDScript backtrace (most recent call first):
         [0] _build_reference_skeleton_rig (res://scripts/enemy.gd:235)
         [1] _build_body (res://scripts/enemy.gd:121)
         [2] populate_viewport (res://tests/dark_fantasy_scene_preview.gd:75)
         [3] _run (res://tests/dark_fantasy_scene_preview.gd:166)
WARNING: Adding 'FJ3374' as child to 'HandRPivot' will make owner 'AnatomicalSkeleton3D' inconsistent. Consider unsetting the owner beforehand.
     at: add_child (scene/main/node.cpp:1728)
     GDScript backtrace (most recent call first):
         [0] _build_reference_skeleton_rig (res://scripts/enemy.gd:235)
         [1] _build_body (res://scripts/enemy.gd:121)
         [2] populate_viewport (res://tests/dark_fantasy_scene_preview.gd:75)
         [3] _run (res://tests/dark_fantasy_scene_preview.gd:166)
WARNING: Adding 'FJ3375' as child to 'HeadPivot' will make owner 'AnatomicalSkeleton3D' inconsistent. Consider unsetting the owner beforehand.
     at: add_child (scene/main/node.cpp:1728)
     GDScript backtrace (most recent call first):
         [0] _build_reference_skeleton_rig (res://scripts/enemy.gd:235)
         [1] _build_body (res://scripts/enemy.gd:121)
         [2] populate_viewport (res://tests/dark_fantasy_scene_preview.gd:75)
         [3] _run (res://tests/dark_fantasy_scene_preview.gd:166)
WARNING: Adding 'FJ3377' as child to 'AnkleRPivot' will make owner 'AnatomicalSkeleton3D' inconsistent. Consider unsetting the owner beforehand.
     at: add_child (scene/main/node.cpp:1728)
     GDScript backtrace (most recent call first):
         [0] _build_reference_skeleton_rig (res://scripts/enemy.gd:235)
         [1] _build_body (res://scripts/enemy.gd:121)
         [2] populate_viewport (res://tests/dark_fantasy_scene_preview.gd:75)
         [3] _run (res://tests/dark_fantasy_scene_preview.gd:166)
WARNING: Adding 'FJ3378' as child to 'HeadPivot' will make owner 'AnatomicalSkeleton3D' inconsistent. Consider unsetting the owner beforehand.
     at: add_child (scene/main/node.cpp:1728)
     GDScript backtrace (most recent call first):
         [0] _build_reference_skeleton_rig (res://scripts/enemy.gd:235)
         [1] _build_body (res://scripts/enemy.gd:121)
         [2] populate_viewport (res://tests/dark_fantasy_scene_preview.gd:75)
         [3] _run (res://tests/dark_fantasy_scene_preview.gd:166)
WARNING: Adding 'FJ3379' as child to 'HeadPivot' will make owner 'AnatomicalSkeleton3D' inconsistent. Consider unsetting the owner beforehand.
     at: add_child (scene/main/node.cpp:1728)
     GDScript backtrace (most recent call first):
         [0] _build_reference_skeleton_rig (res://scripts/enemy.gd:235)
         [1] _build_body (res://scripts/enemy.gd:121)
         [2] populate_viewport (res://tests/dark_fantasy_scene_preview.gd:75)
         [3] _run (res://tests/dark_fantasy_scene_preview.gd:166)
WARNING: Adding 'FJ3380' as child to 'HeadPivot' will make owner 'AnatomicalSkeleton3D' inconsistent. Consider unsetting the owner beforehand.
     at: add_child (scene/main/node.cpp:1728)
     GDScript backtrace (most recent call first):
         [0] _build_reference_skeleton_rig (res://scripts/enemy.gd:235)
         [1] _build_body (res://scripts/enemy.gd:121)
         [2] populate_viewport (res://tests/dark_fantasy_scene_preview.gd:75)
         [3] _run (res://tests/dark_fantasy_scene_preview.gd:166)
WARNING: Adding 'FJ3381' as child to 'KneeRPivot' will make owner 'AnatomicalSkeleton3D' inconsistent. Consider unsetting the owner beforehand.
     at: add_child (scene/main/node.cpp:1728)
     GDScript backtrace (most recent call first):
         [0] _build_reference_skeleton_rig (res://scripts/enemy.gd:235)
         [1] _build_body (res://scripts/enemy.gd:121)
         [2] populate_viewport (res://tests/dark_fantasy_scene_preview.gd:75)
         [3] _run (res://tests/dark_fantasy_scene_preview.gd:166)
WARNING: Adding 'FJ3382' as child to 'HandRPivot' will make owner 'AnatomicalSkeleton3D' inconsistent. Consider unsetting the owner beforehand.
     at: add_child (scene/main/node.cpp:1728)
     GDScript backtrace (most recent call first):
         [0] _build_reference_skeleton_rig (res://scripts/enemy.gd:235)
         [1] _build_body (res://scripts/enemy.gd:121)
         [2] populate_viewport (res://tests/dark_fantasy_scene_preview.gd:75)
         [3] _run (res://tests/dark_fantasy_scene_preview.gd:166)
WARNING: Adding 'FJ3383' as child to 'HandRPivot' will make owner 'AnatomicalSkeleton3D' inconsistent. Consider unsetting the owner beforehand.
     at: add_child (scene/main/node.cpp:1728)
     GDScript backtrace (most recent call first):
         [0] _build_reference_skeleton_rig (res://scripts/enemy.gd:235)
         [1] _build_body (res://scripts/enemy.gd:121)
         [2] populate_viewport (res://tests/dark_fantasy_scene_preview.gd:75)
         [3] _run (res://tests/dark_fantasy_scene_preview.gd:166)
WARNING: Adding 'FJ3384' as child to 'ShoulderRPivot' will make owner 'AnatomicalSkeleton3D' inconsistent. Consider unsetting the owner beforehand.
     at: add_child (scene/main/node.cpp:1728)
     GDScript backtrace (most recent call first):
         [0] _build_reference_skeleton_rig (res://scripts/enemy.gd:235)
         [1] _build_body (res://scripts/enemy.gd:121)
         [2] populate_viewport (res://tests/dark_fantasy_scene_preview.gd:75)
         [3] _run (res://tests/dark_fantasy_scene_preview.gd:166)
WARNING: Adding 'FJ3385' as child to 'AnkleRPivot' will make owner 'AnatomicalSkeleton3D' inconsistent. Consider unsetting the owner beforehand.
     at: add_child (scene/main/node.cpp:1728)
     GDScript backtrace (most recent call first):
         [0] _build_reference_skeleton_rig (res://scripts/enemy.gd:235)
         [1] _build_body (res://scripts/enemy.gd:121)
         [2] populate_viewport (res://tests/dark_fantasy_scene_preview.gd:75)
         [3] _run (res://tests/dark_fantasy_scene_preview.gd:166)
WARNING: Adding 'FJ3386' as child to 'HeadPivot' will make owner 'AnatomicalSkeleton3D' inconsistent. Consider unsetting the owner beforehand.
     at: add_child (scene/main/node.cpp:1728)
     GDScript backtrace (most recent call first):
         [0] _build_reference_skeleton_rig (res://scripts/enemy.gd:235)
         [1] _build_body (res://scripts/enemy.gd:121)
         [2] populate_viewport (res://tests/dark_fantasy_scene_preview.gd:75)
         [3] _run (res://tests/dark_fantasy_scene_preview.gd:166)
WARNING: Adding 'FJ3387' as child to 'KneeRPivot' will make owner 'AnatomicalSkeleton3D' inconsistent. Consider unsetting the owner beforehand.
     at: add_child (scene/main/node.cpp:1728)
     GDScript backtrace (most recent call first):
         [0] _build_reference_skeleton_rig (res://scripts/enemy.gd:235)
         [1] _build_body (res://scripts/enemy.gd:121)
         [2] populate_viewport (res://tests/dark_fantasy_scene_preview.gd:75)
         [3] _run (res://tests/dark_fantasy_scene_preview.gd:166)
WARNING: Adding 'FJ3388' as child to 'HandRPivot' will make owner 'AnatomicalSkeleton3D' inconsistent. Consider unsetting the owner beforehand.
     at: add_child (scene/main/node.cpp:1728)
     GDScript backtrace (most recent call first):
         [0] _build_reference_skeleton_rig (res://scripts/enemy.gd:235)
         [1] _build_body (res://scripts/enemy.gd:121)
         [2] populate_viewport (res://tests/dark_fantasy_scene_preview.gd:75)
         [3] _run (res://tests/dark_fantasy_scene_preview.gd:166)
WARNING: Adding 'FJ3389' as child to 'HandRPivot' will make owner 'AnatomicalSkeleton3D' inconsistent. Consider unsetting the owner beforehand.
     at: add_child (scene/main/node.cpp:1728)
     GDScript backtrace (most recent call first):
         [0] _build_reference_skeleton_rig (res://scripts/enemy.gd:235)
         [1] _build_body (res://scripts/enemy.gd:121)
         [2] populate_viewport (res://tests/dark_fantasy_scene_preview.gd:75)
         [3] _run (res://tests/dark_fantasy_scene_preview.gd:166)
WARNING: Adding 'FJ3390' as child to 'HandRPivot' will make owner 'AnatomicalSkeleton3D' inconsistent. Consider unsetting the owner beforehand.
     at: add_child (scene/main/node.cpp:1728)
     GDScript backtrace (most recent call first):
         [0] _build_reference_skeleton_rig (res://scripts/enemy.gd:235)
         [1] _build_body (res://scripts/enemy.gd:121)
         [2] populate_viewport (res://tests/dark_fantasy_scene_preview.gd:75)
         [3] _run (res://tests/dark_fantasy_scene_preview.gd:166)
WARNING: Adding 'FJ3391' as child to 'ElbowRPivot' will make owner 'AnatomicalSkeleton3D' inconsistent. Consider unsetting the owner beforehand.
     at: add_child (scene/main/node.cpp:1728)
     GDScript backtrace (most recent call first):
         [0] _build_reference_skeleton_rig (res://scripts/enemy.gd:235)
         [1] _build_body (res://scripts/enemy.gd:121)
         [2] populate_viewport (res://tests/dark_fantasy_scene_preview.gd:75)
         [3] _run (res://tests/dark_fantasy_scene_preview.gd:166)
WARNING: Adding 'FJ3392' as child to 'HeadPivot' will make owner 'AnatomicalSkeleton3D' inconsistent. Consider unsetting the owner beforehand.
     at: add_child (scene/main/node.cpp:1728)
     GDScript backtrace (most recent call first):
         [0] _build_reference_skeleton_rig (res://scripts/enemy.gd:235)
         [1] _build_body (res://scripts/enemy.gd:121)
         [2] populate_viewport (res://tests/dark_fantasy_scene_preview.gd:75)
         [3] _run (res://tests/dark_fantasy_scene_preview.gd:166)
WARNING: Adding 'FJ3393' as child to 'PelvisPivot' will make owner 'AnatomicalSkeleton3D' inconsistent. Consider unsetting the owner beforehand.
     at: add_child (scene/main/node.cpp:1728)
     GDScript backtrace (most recent call first):
         [0] _build_reference_skeleton_rig (res://scripts/enemy.gd:235)
         [1] _build_body (res://scripts/enemy.gd:121)
         [2] populate_viewport (res://tests/dark_fantasy_scene_preview.gd:75)
         [3] _run (res://tests/dark_fantasy_scene_preview.gd:166)
WARNING: Adding 'FJ3394' as child to 'HeadPivot' will make owner 'AnatomicalSkeleton3D' inconsistent. Consider unsetting the owner beforehand.
     at: add_child (scene/main/node.cpp:1728)
     GDScript backtrace (most recent call first):
         [0] _build_reference_skeleton_rig (res://scripts/enemy.gd:235)
         [1] _build_body (res://scripts/enemy.gd:121)
         [2] populate_viewport (res://tests/dark_fantasy_scene_preview.gd:75)
         [3] _run (res://tests/dark_fantasy_scene_preview.gd:166)
WARNING: Adding 'FJ3395' as child to 'HeadPivot' will make owner 'AnatomicalSkeleton3D' inconsistent. Consider unsetting the owner beforehand.
     at: add_child (scene/main/node.cpp:1728)
     GDScript backtrace (most recent call first):
         [0] _build_reference_skeleton_rig (res://scripts/enemy.gd:235)
         [1] _build_body (res://scripts/enemy.gd:121)
         [2] populate_viewport (res://tests/dark_fantasy_scene_preview.gd:75)
         [3] _run (res://tests/dark_fantasy_scene_preview.gd:166)
PRODUCTION SCENE CAPTURE: dungeon_entry.png
PRODUCTION SCENE CAPTURE: dungeon_chest.png
PRODUCTION SCENE CAPTURE: dungeon_sanctum.png
WARNING: The variable "floor" has the same name as a built-in function.
     at: GDScript::reload (res://scripts/cave_art_details.gd:349)
     GDScript backtrace (most recent call first):
         [0] populate_viewport (res://tests/contact_visual_preview.gd:61)
         [1] populate_viewport (res://tests/mine_naturalism_preview.gd:53)
         [2] populate_viewport (res://tests/art_direction_preview.gd:75)
         [3] populate_viewport (res://tests/dark_fantasy_scene_preview.gd:49)
         [4] _run (res://tests/dark_fantasy_scene_preview.gd:166)
WARNING: The local variable "position" is shadowing an already-declared property in the base class "Node3D".
     at: GDScript::reload (res://scripts/cave_art_details.gd:457)
     GDScript backtrace (most recent call first):
         [0] populate_viewport (res://tests/contact_visual_preview.gd:61)
         [1] populate_viewport (res://tests/mine_naturalism_preview.gd:53)
         [2] populate_viewport (res://tests/art_direction_preview.gd:75)
         [3] populate_viewport (res://tests/dark_fantasy_scene_preview.gd:49)
         [4] _run (res://tests/dark_fantasy_scene_preview.gd:166)
WARNING: The local variable "rotate" is shadowing an already-declared method in the base class "Node3D".
     at: GDScript::reload (res://scripts/cave_art_lighting.gd:80)
     GDScript backtrace (most recent call first):
         [0] populate_viewport (res://tests/contact_visual_preview.gd:61)
         [1] populate_viewport (res://tests/mine_naturalism_preview.gd:53)
         [2] populate_viewport (res://tests/art_direction_preview.gd:75)
         [3] populate_viewport (res://tests/dark_fantasy_scene_preview.gd:49)
         [4] _run (res://tests/dark_fantasy_scene_preview.gd:166)
PRODUCTION SCENE CAPTURE: mine_entrance.png
PRODUCTION SCENE CAPTURE: mine_timber.png
PRODUCTION SCENE CAPTURE: mine_water_shore.png
DARK FANTASY SCENE PREVIEW PASS: 10 actual production location images; /Users/duq711gmail.com/Documents/ChatGPT/무시무시한 rpg/asset-staging/dark_fantasy_all_objects/baseline_project/artifacts/visual_qa/dark_fantasy_scenes/baseline_torch_idle_04
