Godot Engine v4.7.stable.official.5b4e0cb0f - https://godotengine.org
Vulkan 1.2.334 - Forward+ - Using Device #0: Apple - Apple M4

WARNING: Integer division. Decimal part will be discarded.
     at: GDScript::reload (res://tests/dark_fantasy_gallery_preview.gd:82)
WARNING: The variable "wrap" has the same name as a built-in function.
     at: GDScript::reload (res://scripts/flail_visuals.gd:19)
WARNING: The local function parameter "owner" is shadowing an already-declared property in the base class "Node".
     at: GDScript::reload (res://scripts/player.gd:848)
Embedded window can't be resized.
WARNING: The local variable "target" is shadowing an already-declared variable at line 30 in the current class.
     at: GDScript::reload (res://scripts/enemy.gd:232)
     GDScript backtrace (most recent call first):
         [0] build_object (res://scripts/dark_fantasy_object_catalog.gd:38)
         [1] select_object (res://scripts/dark_fantasy_gallery.gd:158)
         [2] _ready (res://scripts/dark_fantasy_gallery.gd:35)
         [3] _run (res://tests/dark_fantasy_gallery_preview.gd:42)
OBJECT CAPTURE: mine_stone_pillar_12 (1/126)
OBJECT CAPTURE: mine_stone_pillar_11 (2/126)
OBJECT CAPTURE: mine_stone_pillar_10 (3/126)
OBJECT CAPTURE: mine_stone_pillar_09 (4/126)
OBJECT CAPTURE: mine_stone_pillar_08 (5/126)
OBJECT CAPTURE: mine_stone_pillar_07 (6/126)
OBJECT CAPTURE: mine_stone_pillar_06 (7/126)
OBJECT CAPTURE: mine_stone_pillar_05 (8/126)
OBJECT CAPTURE: mine_stone_pillar_04 (9/126)
OBJECT CAPTURE: mine_stone_pillar_03 (10/126)
OBJECT CAPTURE: mine_stone_pillar_02 (11/126)
OBJECT CAPTURE: mine_stone_pillar_01 (12/126)
OBJECT CAPTURE: mine_short_disused_rail (13/126)
OBJECT CAPTURE: mine_overturned_ore_cart (14/126)
OBJECT CAPTURE: mine_supported_oil_lantern (15/126)
OBJECT CAPTURE: mine_foreman_bench (16/126)
OBJECT CAPTURE: mine_timber_support_05 (17/126)
OBJECT CAPTURE: mine_timber_support_04 (18/126)
OBJECT CAPTURE: mine_timber_support_03 (19/126)
OBJECT CAPTURE: mine_timber_support_02 (20/126)
OBJECT CAPTURE: mine_timber_support_01 (21/126)
OBJECT CAPTURE: mine_abandoned_hand_tools (22/126)
OBJECT CAPTURE: mine_weathered_footbridge_02 (23/126)
OBJECT CAPTURE: mine_weathered_footbridge_01 (24/126)
OBJECT CAPTURE: mine_torn_canvas_rack (25/126)
OBJECT CAPTURE: mine_barrels_and_rope (26/126)
OBJECT CAPTURE: mine_abandoned_crate_stack_05 (27/126)
OBJECT CAPTURE: mine_abandoned_crate_stack_04 (28/126)
OBJECT CAPTURE: mine_abandoned_crate_stack_03 (29/126)
OBJECT CAPTURE: mine_abandoned_crate_stack_02 (30/126)
OBJECT CAPTURE: mine_monster_skeleton (31/126)
OBJECT CAPTURE: mine_abandoned_crate_stack_01 (32/126)
OBJECT CAPTURE: mine_mineral_cluster (33/126)
WARNING: The variable "floor" has the same name as a built-in function.
     at: GDScript::reload (res://scripts/cave_art_details.gd:349)
     GDScript backtrace (most recent call first):
         [0] _mine_water (res://scripts/dark_fantasy_object_catalog.gd:306)
         [1] build_object (res://scripts/dark_fantasy_object_catalog.gd:89)
         [2] select_object (res://scripts/dark_fantasy_gallery.gd:158)
         [3] _run (res://tests/dark_fantasy_gallery_preview.gd:58)
WARNING: The local variable "position" is shadowing an already-declared property in the base class "Node3D".
     at: GDScript::reload (res://scripts/cave_art_details.gd:457)
     GDScript backtrace (most recent call first):
         [0] _mine_water (res://scripts/dark_fantasy_object_catalog.gd:306)
         [1] build_object (res://scripts/dark_fantasy_object_catalog.gd:89)
         [2] select_object (res://scripts/dark_fantasy_gallery.gd:158)
         [3] _run (res://tests/dark_fantasy_gallery_preview.gd:58)
WARNING: The local variable "rotate" is shadowing an already-declared method in the base class "Node3D".
     at: GDScript::reload (res://scripts/cave_art_lighting.gd:80)
     GDScript backtrace (most recent call first):
         [0] _mine_water (res://scripts/dark_fantasy_object_catalog.gd:306)
         [1] build_object (res://scripts/dark_fantasy_object_catalog.gd:89)
         [2] select_object (res://scripts/dark_fantasy_gallery.gd:158)
         [3] _run (res://tests/dark_fantasy_gallery_preview.gd:58)
OBJECT CAPTURE: mine_water (34/126)
OBJECT CAPTURE: mine_icosphere_rock (35/126)
OBJECT CAPTURE: mine_detail_rock (36/126)
OBJECT CAPTURE: mine_surface_rock (37/126)
OBJECT CAPTURE: mine_rock_formation (38/126)
OBJECT CAPTURE: mine_calcite (39/126)
OBJECT CAPTURE: mine_terrain (40/126)
OBJECT CAPTURE: aged_board_02 (41/126)
OBJECT CAPTURE: aged_board_01 (42/126)
OBJECT CAPTURE: aged_board_00 (43/126)
OBJECT CAPTURE: eroded_bedrock_11 (44/126)
OBJECT CAPTURE: eroded_bedrock_10 (45/126)
OBJECT CAPTURE: eroded_bedrock_09 (46/126)
OBJECT CAPTURE: eroded_bedrock_08 (47/126)
OBJECT CAPTURE: eroded_bedrock_07 (48/126)
OBJECT CAPTURE: eroded_bedrock_06 (49/126)
OBJECT CAPTURE: eroded_bedrock_05 (50/126)
OBJECT CAPTURE: eroded_bedrock_04 (51/126)
OBJECT CAPTURE: eroded_bedrock_03 (52/126)
OBJECT CAPTURE: eroded_bedrock_02 (53/126)
OBJECT CAPTURE: eroded_bedrock_01 (54/126)
OBJECT CAPTURE: eroded_bedrock_00 (55/126)
OBJECT CAPTURE: mine_workbench (56/126)
OBJECT CAPTURE: mine_ruined_shrine (57/126)
OBJECT CAPTURE: mine_ore_cart (58/126)
OBJECT CAPTURE: mine_manual_hoist (59/126)
OBJECT CAPTURE: stone_shard (60/126)
OBJECT CAPTURE: peripheral_afterimage (61/126)
WARNING: The variable "log" has the same name as a built-in function.
     at: GDScript::reload (res://scripts/camp_visuals.gd:31)
     GDScript backtrace (most recent call first):
         [0] build_object (res://scripts/dark_fantasy_object_catalog.gd:79)
         [1] select_object (res://scripts/dark_fantasy_gallery.gd:158)
         [2] _run (res://tests/dark_fantasy_gallery_preview.gd:58)
WARNING: The local variable "reference" is shadowing an already-declared method in the base class "RefCounted".
     at: GDScript::reload (res://scripts/camp_visuals.gd:337)
     GDScript backtrace (most recent call first):
         [0] build_object (res://scripts/dark_fantasy_object_catalog.gd:79)
         [1] select_object (res://scripts/dark_fantasy_gallery.gd:158)
         [2] _run (res://tests/dark_fantasy_gallery_preview.gd:58)
WARNING: The variable "sign" has the same name as a built-in function.
     at: GDScript::reload (res://scripts/test_room.gd:60)
     GDScript backtrace (most recent call first):
         [0] build_object (res://scripts/dark_fantasy_object_catalog.gd:79)
         [1] select_object (res://scripts/dark_fantasy_gallery.gd:158)
         [2] _run (res://tests/dark_fantasy_gallery_preview.gd:58)
WARNING: The variable "sign" has the same name as a built-in function.
     at: GDScript::reload (res://scripts/test_room.gd:115)
     GDScript backtrace (most recent call first):
         [0] build_object (res://scripts/dark_fantasy_object_catalog.gd:79)
         [1] select_object (res://scripts/dark_fantasy_gallery.gd:158)
         [2] _run (res://tests/dark_fantasy_gallery_preview.gd:58)
WARNING: The variable "sign" has the same name as a built-in function.
     at: GDScript::reload (res://scripts/test_room.gd:800)
     GDScript backtrace (most recent call first):
         [0] build_object (res://scripts/dark_fantasy_object_catalog.gd:79)
         [1] select_object (res://scripts/dark_fantasy_gallery.gd:158)
         [2] _run (res://tests/dark_fantasy_gallery_preview.gd:58)
WARNING: The variable "sign" has the same name as a built-in function.
     at: GDScript::reload (res://scripts/test_room.gd:847)
     GDScript backtrace (most recent call first):
         [0] build_object (res://scripts/dark_fantasy_object_catalog.gd:79)
         [1] select_object (res://scripts/dark_fantasy_gallery.gd:158)
         [2] _run (res://tests/dark_fantasy_gallery_preview.gd:58)
WARNING: The variable "sign" has the same name as a built-in function.
     at: GDScript::reload (res://scripts/test_room.gd:885)
     GDScript backtrace (most recent call first):
         [0] build_object (res://scripts/dark_fantasy_object_catalog.gd:79)
         [1] select_object (res://scripts/dark_fantasy_gallery.gd:158)
         [2] _run (res://tests/dark_fantasy_gallery_preview.gd:58)
WARNING: The variable "sign" has the same name as a built-in function.
     at: GDScript::reload (res://scripts/test_room.gd:982)
     GDScript backtrace (most recent call first):
         [0] build_object (res://scripts/dark_fantasy_object_catalog.gd:79)
         [1] select_object (res://scripts/dark_fantasy_gallery.gd:158)
         [2] _run (res://tests/dark_fantasy_gallery_preview.gd:58)
WARNING: The variable "sign" has the same name as a built-in function.
     at: GDScript::reload (res://scripts/test_room.gd:1008)
     GDScript backtrace (most recent call first):
         [0] build_object (res://scripts/dark_fantasy_object_catalog.gd:79)
         [1] select_object (res://scripts/dark_fantasy_gallery.gd:158)
         [2] _run (res://tests/dark_fantasy_gallery_preview.gd:58)
WARNING: The variable "sign" has the same name as a built-in function.
     at: GDScript::reload (res://scripts/test_room.gd:1051)
     GDScript backtrace (most recent call first):
         [0] build_object (res://scripts/dark_fantasy_object_catalog.gd:79)
         [1] select_object (res://scripts/dark_fantasy_gallery.gd:158)
         [2] _run (res://tests/dark_fantasy_gallery_preview.gd:58)
OBJECT CAPTURE: archery_accuracy_target (62/126)
OBJECT CAPTURE: flail_station_markers (63/126)
WARNING: The local function parameter "material" is shadowing an already-declared property in the base class "CanvasItem".
     at: GDScript::reload (res://scripts/hideout.gd:627)
     GDScript backtrace (most recent call first):
         [0] _hideout (res://scripts/dark_fantasy_object_catalog.gd:174)
         [1] build_object (res://scripts/dark_fantasy_object_catalog.gd:62)
         [2] select_object (res://scripts/dark_fantasy_gallery.gd:158)
         [3] _run (res://tests/dark_fantasy_gallery_preview.gd:58)
WARNING: The local function parameter "material" is shadowing an already-declared property in the base class "CanvasItem".
     at: GDScript::reload (res://scripts/hideout.gd:652)
     GDScript backtrace (most recent call first):
         [0] _hideout (res://scripts/dark_fantasy_object_catalog.gd:174)
         [1] build_object (res://scripts/dark_fantasy_object_catalog.gd:62)
         [2] select_object (res://scripts/dark_fantasy_gallery.gd:158)
         [3] _run (res://tests/dark_fantasy_gallery_preview.gd:58)
WARNING: The local function parameter "material" is shadowing an already-declared property in the base class "CanvasItem".
     at: GDScript::reload (res://scripts/hideout.gd:665)
     GDScript backtrace (most recent call first):
         [0] _hideout (res://scripts/dark_fantasy_object_catalog.gd:174)
         [1] build_object (res://scripts/dark_fantasy_object_catalog.gd:62)
         [2] select_object (res://scripts/dark_fantasy_gallery.gd:158)
         [3] _run (res://tests/dark_fantasy_gallery_preview.gd:58)
WARNING: The local function parameter "material" is shadowing an already-declared property in the base class "CanvasItem".
     at: GDScript::reload (res://scripts/hideout.gd:681)
     GDScript backtrace (most recent call first):
         [0] _hideout (res://scripts/dark_fantasy_object_catalog.gd:174)
         [1] build_object (res://scripts/dark_fantasy_object_catalog.gd:62)
         [2] select_object (res://scripts/dark_fantasy_gallery.gd:158)
         [3] _run (res://tests/dark_fantasy_gallery_preview.gd:58)
WARNING: The local variable "material" is shadowing an already-declared property in the base class "CanvasItem".
     at: GDScript::reload (res://scripts/hideout.gd:793)
     GDScript backtrace (most recent call first):
         [0] _hideout (res://scripts/dark_fantasy_object_catalog.gd:174)
         [1] build_object (res://scripts/dark_fantasy_object_catalog.gd:62)
         [2] select_object (res://scripts/dark_fantasy_gallery.gd:158)
         [3] _run (res://tests/dark_fantasy_gallery_preview.gd:58)
WARNING: The local variable "material" is shadowing an already-declared property in the base class "CanvasItem".
     at: GDScript::reload (res://scripts/hideout.gd:843)
     GDScript backtrace (most recent call first):
         [0] _hideout (res://scripts/dark_fantasy_object_catalog.gd:174)
         [1] build_object (res://scripts/dark_fantasy_object_catalog.gd:62)
         [2] select_object (res://scripts/dark_fantasy_gallery.gd:158)
         [3] _run (res://tests/dark_fantasy_gallery_preview.gd:58)
WARNING: The local variable "material" is shadowing an already-declared property in the base class "CanvasItem".
     at: GDScript::reload (res://scripts/hideout.gd:871)
     GDScript backtrace (most recent call first):
         [0] _hideout (res://scripts/dark_fantasy_object_catalog.gd:174)
         [1] build_object (res://scripts/dark_fantasy_object_catalog.gd:62)
         [2] select_object (res://scripts/dark_fantasy_gallery.gd:158)
         [3] _run (res://tests/dark_fantasy_gallery_preview.gd:58)
WARNING: Integer division. Decimal part will be discarded.
     at: GDScript::reload (res://scripts/hideout.gd:953)
     GDScript backtrace (most recent call first):
         [0] _hideout (res://scripts/dark_fantasy_object_catalog.gd:174)
         [1] build_object (res://scripts/dark_fantasy_object_catalog.gd:62)
         [2] select_object (res://scripts/dark_fantasy_gallery.gd:158)
         [3] _run (res://tests/dark_fantasy_gallery_preview.gd:58)
WARNING: The local variable "material" is shadowing an already-declared property in the base class "CanvasItem".
     at: GDScript::reload (res://scripts/hideout.gd:1024)
     GDScript backtrace (most recent call first):
         [0] _hideout (res://scripts/dark_fantasy_object_catalog.gd:174)
         [1] build_object (res://scripts/dark_fantasy_object_catalog.gd:62)
         [2] select_object (res://scripts/dark_fantasy_gallery.gd:158)
         [3] _run (res://tests/dark_fantasy_gallery_preview.gd:58)
WARNING: The local variable "owner" is shadowing an already-declared property in the base class "Node".
     at: GDScript::reload (res://scripts/hideout.gd:1160)
     GDScript backtrace (most recent call first):
         [0] _hideout (res://scripts/dark_fantasy_object_catalog.gd:174)
         [1] build_object (res://scripts/dark_fantasy_object_catalog.gd:62)
         [2] select_object (res://scripts/dark_fantasy_gallery.gd:158)
         [3] _run (res://tests/dark_fantasy_gallery_preview.gd:58)
WARNING: The local function parameter "material" is shadowing an already-declared property in the base class "CanvasItem".
     at: GDScript::reload (res://scripts/hideout.gd:1449)
     GDScript backtrace (most recent call first):
         [0] _hideout (res://scripts/dark_fantasy_object_catalog.gd:174)
         [1] build_object (res://scripts/dark_fantasy_object_catalog.gd:62)
         [2] select_object (res://scripts/dark_fantasy_gallery.gd:158)
         [3] _run (res://tests/dark_fantasy_gallery_preview.gd:58)
WARNING: The local function parameter "material" is shadowing an already-declared property in the base class "CanvasItem".
     at: GDScript::reload (res://scripts/hideout.gd:1456)
     GDScript backtrace (most recent call first):
         [0] _hideout (res://scripts/dark_fantasy_object_catalog.gd:174)
         [1] build_object (res://scripts/dark_fantasy_object_catalog.gd:62)
         [2] select_object (res://scripts/dark_fantasy_gallery.gd:158)
         [3] _run (res://tests/dark_fantasy_gallery_preview.gd:58)
WARNING: The local variable "material" is shadowing an already-declared property in the base class "CanvasItem".
     at: GDScript::reload (res://scripts/hideout.gd:1479)
     GDScript backtrace (most recent call first):
         [0] _hideout (res://scripts/dark_fantasy_object_catalog.gd:174)
         [1] build_object (res://scripts/dark_fantasy_object_catalog.gd:62)
         [2] select_object (res://scripts/dark_fantasy_gallery.gd:158)
         [3] _run (res://tests/dark_fantasy_gallery_preview.gd:58)
WARNING: The local variable "material" is shadowing an already-declared property in the base class "CanvasItem".
     at: GDScript::reload (res://scripts/hideout.gd:1493)
     GDScript backtrace (most recent call first):
         [0] _hideout (res://scripts/dark_fantasy_object_catalog.gd:174)
         [1] build_object (res://scripts/dark_fantasy_object_catalog.gd:62)
         [2] select_object (res://scripts/dark_fantasy_gallery.gd:158)
         [3] _run (res://tests/dark_fantasy_gallery_preview.gd:58)
OBJECT CAPTURE: ossuary_niches (64/126)
OBJECT CAPTURE: drain_gate (65/126)
OBJECT CAPTURE: ossuary_gate (66/126)
OBJECT CAPTURE: used_candles (67/126)
OBJECT CAPTURE: drying_herbs (68/126)
OBJECT CAPTURE: hanging_cloak (69/126)
OBJECT CAPTURE: rain_bucket (70/126)
OBJECT CAPTURE: hideout_barrel (71/126)
OBJECT CAPTURE: hideout_crate (72/126)
OBJECT CAPTURE: weapon_rack (73/126)
OBJECT CAPTURE: storage_shelf (74/126)
OBJECT CAPTURE: wooden_stool (75/126)
OBJECT CAPTURE: hideout_hearth (76/126)
OBJECT CAPTURE: headless_saint (77/126)
OBJECT CAPTURE: extraction_portal (78/126)
OBJECT CAPTURE: dungeon_stairs (79/126)
OBJECT CAPTURE: dungeon_pillar (80/126)
OBJECT CAPTURE: dungeon_archway (81/126)
OBJECT CAPTURE: blood_rune_trap (82/126)
OBJECT CAPTURE: reliquary_chest (83/126)
OBJECT CAPTURE: flail_chain (84/126)
OBJECT CAPTURE: flail_head (85/126)
OBJECT CAPTURE: chain_flail (86/126)
OBJECT CAPTURE: hunting_arrow (87/126)
OBJECT CAPTURE: hunting_bow (88/126)
OBJECT CAPTURE: weathered_staff (89/126)
OBJECT CAPTURE: iron_cage_torch (90/126)
OBJECT CAPTURE: weathered_round_shield (91/126)
OBJECT CAPTURE: rusted_longsword (92/126)
WARNING: Adding 'FJ2772' as child to 'HeadPivot' will make owner 'AnatomicalSkeleton3D' inconsistent. Consider unsetting the owner beforehand.
     at: add_child (scene/main/node.cpp:1728)
     GDScript backtrace (most recent call first):
         [0] _build_reference_skeleton_rig (res://scripts/enemy.gd:235)
         [1] _build_body (res://scripts/enemy.gd:121)
         [2] build_object (res://scripts/dark_fantasy_object_catalog.gd:40)
         [3] select_object (res://scripts/dark_fantasy_gallery.gd:158)
         [4] _run (res://tests/dark_fantasy_gallery_preview.gd:58)
WARNING: Adding 'FJ3152' as child to 'PelvisPivot' will make owner 'AnatomicalSkeleton3D' inconsistent. Consider unsetting the owner beforehand.
     at: add_child (scene/main/node.cpp:1728)
     GDScript backtrace (most recent call first):
         [0] _build_reference_skeleton_rig (res://scripts/enemy.gd:235)
         [1] _build_body (res://scripts/enemy.gd:121)
         [2] build_object (res://scripts/dark_fantasy_object_catalog.gd:40)
         [3] select_object (res://scripts/dark_fantasy_gallery.gd:158)
         [4] _run (res://tests/dark_fantasy_gallery_preview.gd:58)
WARNING: Adding 'FJ3153' as child to 'TorsoPivot' will make owner 'AnatomicalSkeleton3D' inconsistent. Consider unsetting the owner beforehand.
     at: add_child (scene/main/node.cpp:1728)
     GDScript backtrace (most recent call first):
         [0] _build_reference_skeleton_rig (res://scripts/enemy.gd:235)
         [1] _build_body (res://scripts/enemy.gd:121)
         [2] build_object (res://scripts/dark_fantasy_object_catalog.gd:40)
         [3] select_object (res://scripts/dark_fantasy_gallery.gd:158)
         [4] _run (res://tests/dark_fantasy_gallery_preview.gd:58)
WARNING: Adding 'FJ3154' as child to 'TorsoPivot' will make owner 'AnatomicalSkeleton3D' inconsistent. Consider unsetting the owner beforehand.
     at: add_child (scene/main/node.cpp:1728)
     GDScript backtrace (most recent call first):
         [0] _build_reference_skeleton_rig (res://scripts/enemy.gd:235)
         [1] _build_body (res://scripts/enemy.gd:121)
         [2] build_object (res://scripts/dark_fantasy_object_catalog.gd:40)
         [3] select_object (res://scripts/dark_fantasy_gallery.gd:158)
         [4] _run (res://tests/dark_fantasy_gallery_preview.gd:58)
WARNING: Adding 'FJ3155' as child to 'TorsoPivot' will make owner 'AnatomicalSkeleton3D' inconsistent. Consider unsetting the owner beforehand.
     at: add_child (scene/main/node.cpp:1728)
     GDScript backtrace (most recent call first):
         [0] _build_reference_skeleton_rig (res://scripts/enemy.gd:235)
         [1] _build_body (res://scripts/enemy.gd:121)
         [2] build_object (res://scripts/dark_fantasy_object_catalog.gd:40)
         [3] select_object (res://scripts/dark_fantasy_gallery.gd:158)
         [4] _run (res://tests/dark_fantasy_gallery_preview.gd:58)
WARNING: Adding 'FJ3156' as child to 'TorsoPivot' will make owner 'AnatomicalSkeleton3D' inconsistent. Consider unsetting the owner beforehand.
     at: add_child (scene/main/node.cpp:1728)
     GDScript backtrace (most recent call first):
         [0] _build_reference_skeleton_rig (res://scripts/enemy.gd:235)
         [1] _build_body (res://scripts/enemy.gd:121)
         [2] build_object (res://scripts/dark_fantasy_object_catalog.gd:40)
         [3] select_object (res://scripts/dark_fantasy_gallery.gd:158)
         [4] _run (res://tests/dark_fantasy_gallery_preview.gd:58)
WARNING: Adding 'FJ3157' as child to 'TorsoPivot' will make owner 'AnatomicalSkeleton3D' inconsistent. Consider unsetting the owner beforehand.
     at: add_child (scene/main/node.cpp:1728)
     GDScript backtrace (most recent call first):
         [0] _build_reference_skeleton_rig (res://scripts/enemy.gd:235)
         [1] _build_body (res://scripts/enemy.gd:121)
         [2] build_object (res://scripts/dark_fantasy_object_catalog.gd:40)
         [3] select_object (res://scripts/dark_fantasy_gallery.gd:158)
         [4] _run (res://tests/dark_fantasy_gallery_preview.gd:58)
WARNING: Adding 'FJ3158' as child to 'TorsoPivot' will make owner 'AnatomicalSkeleton3D' inconsistent. Consider unsetting the owner beforehand.
     at: add_child (scene/main/node.cpp:1728)
     GDScript backtrace (most recent call first):
         [0] _build_reference_skeleton_rig (res://scripts/enemy.gd:235)
         [1] _build_body (res://scripts/enemy.gd:121)
         [2] build_object (res://scripts/dark_fantasy_object_catalog.gd:40)
         [3] select_object (res://scripts/dark_fantasy_gallery.gd:158)
         [4] _run (res://tests/dark_fantasy_gallery_preview.gd:58)
WARNING: Adding 'FJ3159' as child to 'TorsoPivot' will make owner 'AnatomicalSkeleton3D' inconsistent. Consider unsetting the owner beforehand.
     at: add_child (scene/main/node.cpp:1728)
     GDScript backtrace (most recent call first):
         [0] _build_reference_skeleton_rig (res://scripts/enemy.gd:235)
         [1] _build_body (res://scripts/enemy.gd:121)
         [2] build_object (res://scripts/dark_fantasy_object_catalog.gd:40)
         [3] select_object (res://scripts/dark_fantasy_gallery.gd:158)
         [4] _run (res://tests/dark_fantasy_gallery_preview.gd:58)
WARNING: Adding 'FJ3160' as child to 'TorsoPivot' will make owner 'AnatomicalSkeleton3D' inconsistent. Consider unsetting the owner beforehand.
     at: add_child (scene/main/node.cpp:1728)
     GDScript backtrace (most recent call first):
         [0] _build_reference_skeleton_rig (res://scripts/enemy.gd:235)
         [1] _build_body (res://scripts/enemy.gd:121)
         [2] build_object (res://scripts/dark_fantasy_object_catalog.gd:40)
         [3] select_object (res://scripts/dark_fantasy_gallery.gd:158)
         [4] _run (res://tests/dark_fantasy_gallery_preview.gd:58)
WARNING: Adding 'FJ3161' as child to 'TorsoPivot' will make owner 'AnatomicalSkeleton3D' inconsistent. Consider unsetting the owner beforehand.
     at: add_child (scene/main/node.cpp:1728)
     GDScript backtrace (most recent call first):
         [0] _build_reference_skeleton_rig (res://scripts/enemy.gd:235)
         [1] _build_body (res://scripts/enemy.gd:121)
         [2] build_object (res://scripts/dark_fantasy_object_catalog.gd:40)
         [3] select_object (res://scripts/dark_fantasy_gallery.gd:158)
         [4] _run (res://tests/dark_fantasy_gallery_preview.gd:58)
WARNING: Adding 'FJ3162' as child to 'TorsoPivot' will make owner 'AnatomicalSkeleton3D' inconsistent. Consider unsetting the owner beforehand.
     at: add_child (scene/main/node.cpp:1728)
     GDScript backtrace (most recent call first):
         [0] _build_reference_skeleton_rig (res://scripts/enemy.gd:235)
         [1] _build_body (res://scripts/enemy.gd:121)
         [2] build_object (res://scripts/dark_fantasy_object_catalog.gd:40)
         [3] select_object (res://scripts/dark_fantasy_gallery.gd:158)
         [4] _run (res://tests/dark_fantasy_gallery_preview.gd:58)
WARNING: Adding 'FJ3163' as child to 'TorsoPivot' will make owner 'AnatomicalSkeleton3D' inconsistent. Consider unsetting the owner beforehand.
     at: add_child (scene/main/node.cpp:1728)
     GDScript backtrace (most recent call first):
         [0] _build_reference_skeleton_rig (res://scripts/enemy.gd:235)
         [1] _build_body (res://scripts/enemy.gd:121)
         [2] build_object (res://scripts/dark_fantasy_object_catalog.gd:40)
         [3] select_object (res://scripts/dark_fantasy_gallery.gd:158)
         [4] _run (res://tests/dark_fantasy_gallery_preview.gd:58)
WARNING: Adding 'FJ3164' as child to 'TorsoPivot' will make owner 'AnatomicalSkeleton3D' inconsistent. Consider unsetting the owner beforehand.
     at: add_child (scene/main/node.cpp:1728)
     GDScript backtrace (most recent call first):
         [0] _build_reference_skeleton_rig (res://scripts/enemy.gd:235)
         [1] _build_body (res://scripts/enemy.gd:121)
         [2] build_object (res://scripts/dark_fantasy_object_catalog.gd:40)
         [3] select_object (res://scripts/dark_fantasy_gallery.gd:158)
         [4] _run (res://tests/dark_fantasy_gallery_preview.gd:58)
WARNING: Adding 'FJ3165' as child to 'TorsoPivot' will make owner 'AnatomicalSkeleton3D' inconsistent. Consider unsetting the owner beforehand.
     at: add_child (scene/main/node.cpp:1728)
     GDScript backtrace (most recent call first):
         [0] _build_reference_skeleton_rig (res://scripts/enemy.gd:235)
         [1] _build_body (res://scripts/enemy.gd:121)
         [2] build_object (res://scripts/dark_fantasy_object_catalog.gd:40)
         [3] select_object (res://scripts/dark_fantasy_gallery.gd:158)
         [4] _run (res://tests/dark_fantasy_gallery_preview.gd:58)
WARNING: Adding 'FJ3166' as child to 'TorsoPivot' will make owner 'AnatomicalSkeleton3D' inconsistent. Consider unsetting the owner beforehand.
     at: add_child (scene/main/node.cpp:1728)
     GDScript backtrace (most recent call first):
         [0] _build_reference_skeleton_rig (res://scripts/enemy.gd:235)
         [1] _build_body (res://scripts/enemy.gd:121)
         [2] build_object (res://scripts/dark_fantasy_object_catalog.gd:40)
         [3] select_object (res://scripts/dark_fantasy_gallery.gd:158)
         [4] _run (res://tests/dark_fantasy_gallery_preview.gd:58)
WARNING: Adding 'FJ3167' as child to 'TorsoPivot' will make owner 'AnatomicalSkeleton3D' inconsistent. Consider unsetting the owner beforehand.
     at: add_child (scene/main/node.cpp:1728)
     GDScript backtrace (most recent call first):
         [0] _build_reference_skeleton_rig (res://scripts/enemy.gd:235)
         [1] _build_body (res://scripts/enemy.gd:121)
         [2] build_object (res://scripts/dark_fantasy_object_catalog.gd:40)
         [3] select_object (res://scripts/dark_fantasy_gallery.gd:158)
         [4] _run (res://tests/dark_fantasy_gallery_preview.gd:58)
WARNING: Adding 'FJ3168' as child to 'TorsoPivot' will make owner 'AnatomicalSkeleton3D' inconsistent. Consider unsetting the owner beforehand.
     at: add_child (scene/main/node.cpp:1728)
     GDScript backtrace (most recent call first):
         [0] _build_reference_skeleton_rig (res://scripts/enemy.gd:235)
         [1] _build_body (res://scripts/enemy.gd:121)
         [2] build_object (res://scripts/dark_fantasy_object_catalog.gd:40)
         [3] select_object (res://scripts/dark_fantasy_gallery.gd:158)
         [4] _run (res://tests/dark_fantasy_gallery_preview.gd:58)
WARNING: Adding 'FJ3169' as child to 'TorsoPivot' will make owner 'AnatomicalSkeleton3D' inconsistent. Consider unsetting the owner beforehand.
     at: add_child (scene/main/node.cpp:1728)
     GDScript backtrace (most recent call first):
         [0] _build_reference_skeleton_rig (res://scripts/enemy.gd:235)
         [1] _build_body (res://scripts/enemy.gd:121)
         [2] build_object (res://scripts/dark_fantasy_object_catalog.gd:40)
         [3] select_object (res://scripts/dark_fantasy_gallery.gd:158)
         [4] _run (res://tests/dark_fantasy_gallery_preview.gd:58)
WARNING: Adding 'FJ3170' as child to 'TorsoPivot' will make owner 'AnatomicalSkeleton3D' inconsistent. Consider unsetting the owner beforehand.
     at: add_child (scene/main/node.cpp:1728)
     GDScript backtrace (most recent call first):
         [0] _build_reference_skeleton_rig (res://scripts/enemy.gd:235)
         [1] _build_body (res://scripts/enemy.gd:121)
         [2] build_object (res://scripts/dark_fantasy_object_catalog.gd:40)
         [3] select_object (res://scripts/dark_fantasy_gallery.gd:158)
         [4] _run (res://tests/dark_fantasy_gallery_preview.gd:58)
WARNING: Adding 'FJ3171' as child to 'TorsoPivot' will make owner 'AnatomicalSkeleton3D' inconsistent. Consider unsetting the owner beforehand.
     at: add_child (scene/main/node.cpp:1728)
     GDScript backtrace (most recent call first):
         [0] _build_reference_skeleton_rig (res://scripts/enemy.gd:235)
         [1] _build_body (res://scripts/enemy.gd:121)
         [2] build_object (res://scripts/dark_fantasy_object_catalog.gd:40)
         [3] select_object (res://scripts/dark_fantasy_gallery.gd:158)
         [4] _run (res://tests/dark_fantasy_gallery_preview.gd:58)
WARNING: Adding 'FJ3172' as child to 'TorsoPivot' will make owner 'AnatomicalSkeleton3D' inconsistent. Consider unsetting the owner beforehand.
     at: add_child (scene/main/node.cpp:1728)
     GDScript backtrace (most recent call first):
         [0] _build_reference_skeleton_rig (res://scripts/enemy.gd:235)
         [1] _build_body (res://scripts/enemy.gd:121)
         [2] build_object (res://scripts/dark_fantasy_object_catalog.gd:40)
         [3] select_object (res://scripts/dark_fantasy_gallery.gd:158)
         [4] _run (res://tests/dark_fantasy_gallery_preview.gd:58)
WARNING: Adding 'FJ3173' as child to 'TorsoPivot' will make owner 'AnatomicalSkeleton3D' inconsistent. Consider unsetting the owner beforehand.
     at: add_child (scene/main/node.cpp:1728)
     GDScript backtrace (most recent call first):
         [0] _build_reference_skeleton_rig (res://scripts/enemy.gd:235)
         [1] _build_body (res://scripts/enemy.gd:121)
         [2] build_object (res://scripts/dark_fantasy_object_catalog.gd:40)
         [3] select_object (res://scripts/dark_fantasy_gallery.gd:158)
         [4] _run (res://tests/dark_fantasy_gallery_preview.gd:58)
WARNING: Adding 'FJ3174' as child to 'TorsoPivot' will make owner 'AnatomicalSkeleton3D' inconsistent. Consider unsetting the owner beforehand.
     at: add_child (scene/main/node.cpp:1728)
     GDScript backtrace (most recent call first):
         [0] _build_reference_skeleton_rig (res://scripts/enemy.gd:235)
         [1] _build_body (res://scripts/enemy.gd:121)
         [2] build_object (res://scripts/dark_fantasy_object_catalog.gd:40)
         [3] select_object (res://scripts/dark_fantasy_gallery.gd:158)
         [4] _run (res://tests/dark_fantasy_gallery_preview.gd:58)
WARNING: Adding 'FJ3175' as child to 'TorsoPivot' will make owner 'AnatomicalSkeleton3D' inconsistent. Consider unsetting the owner beforehand.
     at: add_child (scene/main/node.cpp:1728)
     GDScript backtrace (most recent call first):
         [0] _build_reference_skeleton_rig (res://scripts/enemy.gd:235)
         [1] _build_body (res://scripts/enemy.gd:121)
         [2] build_object (res://scripts/dark_fantasy_object_catalog.gd:40)
         [3] select_object (res://scripts/dark_fantasy_gallery.gd:158)
         [4] _run (res://tests/dark_fantasy_gallery_preview.gd:58)
WARNING: Adding 'FJ3176' as child to 'TorsoPivot' will make owner 'AnatomicalSkeleton3D' inconsistent. Consider unsetting the owner beforehand.
     at: add_child (scene/main/node.cpp:1728)
     GDScript backtrace (most recent call first):
         [0] _build_reference_skeleton_rig (res://scripts/enemy.gd:235)
         [1] _build_body (res://scripts/enemy.gd:121)
         [2] build_object (res://scripts/dark_fantasy_object_catalog.gd:40)
         [3] select_object (res://scripts/dark_fantasy_gallery.gd:158)
         [4] _run (res://tests/dark_fantasy_gallery_preview.gd:58)
WARNING: Adding 'FJ3177' as child to 'TorsoPivot' will make owner 'AnatomicalSkeleton3D' inconsistent. Consider unsetting the owner beforehand.
     at: add_child (scene/main/node.cpp:1728)
     GDScript backtrace (most recent call first):
         [0] _build_reference_skeleton_rig (res://scripts/enemy.gd:235)
         [1] _build_body (res://scripts/enemy.gd:121)
         [2] build_object (res://scripts/dark_fantasy_object_catalog.gd:40)
         [3] select_object (res://scripts/dark_fantasy_gallery.gd:158)
         [4] _run (res://tests/dark_fantasy_gallery_preview.gd:58)
WARNING: Adding 'FJ3178' as child to 'TorsoPivot' will make owner 'AnatomicalSkeleton3D' inconsistent. Consider unsetting the owner beforehand.
     at: add_child (scene/main/node.cpp:1728)
     GDScript backtrace (most recent call first):
         [0] _build_reference_skeleton_rig (res://scripts/enemy.gd:235)
         [1] _build_body (res://scripts/enemy.gd:121)
         [2] build_object (res://scripts/dark_fantasy_object_catalog.gd:40)
         [3] select_object (res://scripts/dark_fantasy_gallery.gd:158)
         [4] _run (res://tests/dark_fantasy_gallery_preview.gd:58)
WARNING: Adding 'FJ3179' as child to 'AnkleLPivot' will make owner 'AnatomicalSkeleton3D' inconsistent. Consider unsetting the owner beforehand.
     at: add_child (scene/main/node.cpp:1728)
     GDScript backtrace (most recent call first):
         [0] _build_reference_skeleton_rig (res://scripts/enemy.gd:235)
         [1] _build_body (res://scripts/enemy.gd:121)
         [2] build_object (res://scripts/dark_fantasy_object_catalog.gd:40)
         [3] select_object (res://scripts/dark_fantasy_gallery.gd:158)
         [4] _run (res://tests/dark_fantasy_gallery_preview.gd:58)
WARNING: Adding 'FJ3180' as child to 'AnkleLPivot' will make owner 'AnatomicalSkeleton3D' inconsistent. Consider unsetting the owner beforehand.
     at: add_child (scene/main/node.cpp:1728)
     GDScript backtrace (most recent call first):
         [0] _build_reference_skeleton_rig (res://scripts/enemy.gd:235)
         [1] _build_body (res://scripts/enemy.gd:121)
         [2] build_object (res://scripts/dark_fantasy_object_catalog.gd:40)
         [3] select_object (res://scripts/dark_fantasy_gallery.gd:158)
         [4] _run (res://tests/dark_fantasy_gallery_preview.gd:58)
WARNING: Adding 'FJ3181' as child to 'AnkleLPivot' will make owner 'AnatomicalSkeleton3D' inconsistent. Consider unsetting the owner beforehand.
     at: add_child (scene/main/node.cpp:1728)
     GDScript backtrace (most recent call first):
         [0] _build_reference_skeleton_rig (res://scripts/enemy.gd:235)
         [1] _build_body (res://scripts/enemy.gd:121)
         [2] build_object (res://scripts/dark_fantasy_object_catalog.gd:40)
         [3] select_object (res://scripts/dark_fantasy_gallery.gd:158)
         [4] _run (res://tests/dark_fantasy_gallery_preview.gd:58)
WARNING: Adding 'FJ3182' as child to 'AnkleLPivot' will make owner 'AnatomicalSkeleton3D' inconsistent. Consider unsetting the owner beforehand.
     at: add_child (scene/main/node.cpp:1728)
     GDScript backtrace (most recent call first):
         [0] _build_reference_skeleton_rig (res://scripts/enemy.gd:235)
         [1] _build_body (res://scripts/enemy.gd:121)
         [2] build_object (res://scripts/dark_fantasy_object_catalog.gd:40)
         [3] select_object (res://scripts/dark_fantasy_gallery.gd:158)
         [4] _run (res://tests/dark_fantasy_gallery_preview.gd:58)
WARNING: Adding 'FJ3183' as child to 'HandLPivot' will make owner 'AnatomicalSkeleton3D' inconsistent. Consider unsetting the owner beforehand.
     at: add_child (scene/main/node.cpp:1728)
     GDScript backtrace (most recent call first):
         [0] _build_reference_skeleton_rig (res://scripts/enemy.gd:235)
         [1] _build_body (res://scripts/enemy.gd:121)
         [2] build_object (res://scripts/dark_fantasy_object_catalog.gd:40)
         [3] select_object (res://scripts/dark_fantasy_gallery.gd:158)
         [4] _run (res://tests/dark_fantasy_gallery_preview.gd:58)
WARNING: Adding 'FJ3184' as child to 'HandLPivot' will make owner 'AnatomicalSkeleton3D' inconsistent. Consider unsetting the owner beforehand.
     at: add_child (scene/main/node.cpp:1728)
     GDScript backtrace (most recent call first):
         [0] _build_reference_skeleton_rig (res://scripts/enemy.gd:235)
         [1] _build_body (res://scripts/enemy.gd:121)
         [2] build_object (res://scripts/dark_fantasy_object_catalog.gd:40)
         [3] select_object (res://scripts/dark_fantasy_gallery.gd:158)
         [4] _run (res://tests/dark_fantasy_gallery_preview.gd:58)
WARNING: Adding 'FJ3185' as child to 'AnkleLPivot' will make owner 'AnatomicalSkeleton3D' inconsistent. Consider unsetting the owner beforehand.
     at: add_child (scene/main/node.cpp:1728)
     GDScript backtrace (most recent call first):
         [0] _build_reference_skeleton_rig (res://scripts/enemy.gd:235)
         [1] _build_body (res://scripts/enemy.gd:121)
         [2] build_object (res://scripts/dark_fantasy_object_catalog.gd:40)
         [3] select_object (res://scripts/dark_fantasy_gallery.gd:158)
         [4] _run (res://tests/dark_fantasy_gallery_preview.gd:58)
WARNING: Adding 'FJ3186' as child to 'HandLPivot' will make owner 'AnatomicalSkeleton3D' inconsistent. Consider unsetting the owner beforehand.
     at: add_child (scene/main/node.cpp:1728)
     GDScript backtrace (most recent call first):
         [0] _build_reference_skeleton_rig (res://scripts/enemy.gd:235)
         [1] _build_body (res://scripts/enemy.gd:121)
         [2] build_object (res://scripts/dark_fantasy_object_catalog.gd:40)
         [3] select_object (res://scripts/dark_fantasy_gallery.gd:158)
         [4] _run (res://tests/dark_fantasy_gallery_preview.gd:58)
WARNING: Adding 'FJ3187' as child to 'HandLPivot' will make owner 'AnatomicalSkeleton3D' inconsistent. Consider unsetting the owner beforehand.
     at: add_child (scene/main/node.cpp:1728)
     GDScript backtrace (most recent call first):
         [0] _build_reference_skeleton_rig (res://scripts/enemy.gd:235)
         [1] _build_body (res://scripts/enemy.gd:121)
         [2] build_object (res://scripts/dark_fantasy_object_catalog.gd:40)
         [3] select_object (res://scripts/dark_fantasy_gallery.gd:158)
         [4] _run (res://tests/dark_fantasy_gallery_preview.gd:58)
WARNING: Adding 'FJ3188' as child to 'HandLPivot' will make owner 'AnatomicalSkeleton3D' inconsistent. Consider unsetting the owner beforehand.
     at: add_child (scene/main/node.cpp:1728)
     GDScript backtrace (most recent call first):
         [0] _build_reference_skeleton_rig (res://scripts/enemy.gd:235)
         [1] _build_body (res://scripts/enemy.gd:121)
         [2] build_object (res://scripts/dark_fantasy_object_catalog.gd:40)
         [3] select_object (res://scripts/dark_fantasy_gallery.gd:158)
         [4] _run (res://tests/dark_fantasy_gallery_preview.gd:58)
WARNING: Adding 'FJ3189' as child to 'AnkleRPivot' will make owner 'AnatomicalSkeleton3D' inconsistent. Consider unsetting the owner beforehand.
     at: add_child (scene/main/node.cpp:1728)
     GDScript backtrace (most recent call first):
         [0] _build_reference_skeleton_rig (res://scripts/enemy.gd:235)
         [1] _build_body (res://scripts/enemy.gd:121)
         [2] build_object (res://scripts/dark_fantasy_object_catalog.gd:40)
         [3] select_object (res://scripts/dark_fantasy_gallery.gd:158)
         [4] _run (res://tests/dark_fantasy_gallery_preview.gd:58)
WARNING: Adding 'FJ3190' as child to 'AnkleRPivot' will make owner 'AnatomicalSkeleton3D' inconsistent. Consider unsetting the owner beforehand.
     at: add_child (scene/main/node.cpp:1728)
     GDScript backtrace (most recent call first):
         [0] _build_reference_skeleton_rig (res://scripts/enemy.gd:235)
         [1] _build_body (res://scripts/enemy.gd:121)
         [2] build_object (res://scripts/dark_fantasy_object_catalog.gd:40)
         [3] select_object (res://scripts/dark_fantasy_gallery.gd:158)
         [4] _run (res://tests/dark_fantasy_gallery_preview.gd:58)
WARNING: Adding 'FJ3191' as child to 'AnkleRPivot' will make owner 'AnatomicalSkeleton3D' inconsistent. Consider unsetting the owner beforehand.
     at: add_child (scene/main/node.cpp:1728)
     GDScript backtrace (most recent call first):
         [0] _build_reference_skeleton_rig (res://scripts/enemy.gd:235)
         [1] _build_body (res://scripts/enemy.gd:121)
         [2] build_object (res://scripts/dark_fantasy_object_catalog.gd:40)
         [3] select_object (res://scripts/dark_fantasy_gallery.gd:158)
         [4] _run (res://tests/dark_fantasy_gallery_preview.gd:58)
WARNING: Adding 'FJ3192' as child to 'AnkleRPivot' will make owner 'AnatomicalSkeleton3D' inconsistent. Consider unsetting the owner beforehand.
     at: add_child (scene/main/node.cpp:1728)
     GDScript backtrace (most recent call first):
         [0] _build_reference_skeleton_rig (res://scripts/enemy.gd:235)
         [1] _build_body (res://scripts/enemy.gd:121)
         [2] build_object (res://scripts/dark_fantasy_object_catalog.gd:40)
         [3] select_object (res://scripts/dark_fantasy_gallery.gd:158)
         [4] _run (res://tests/dark_fantasy_gallery_preview.gd:58)
WARNING: Adding 'FJ3193' as child to 'HandRPivot' will make owner 'AnatomicalSkeleton3D' inconsistent. Consider unsetting the owner beforehand.
     at: add_child (scene/main/node.cpp:1728)
     GDScript backtrace (most recent call first):
         [0] _build_reference_skeleton_rig (res://scripts/enemy.gd:235)
         [1] _build_body (res://scripts/enemy.gd:121)
         [2] build_object (res://scripts/dark_fantasy_object_catalog.gd:40)
         [3] select_object (res://scripts/dark_fantasy_gallery.gd:158)
         [4] _run (res://tests/dark_fantasy_gallery_preview.gd:58)
WARNING: Adding 'FJ3194' as child to 'HandRPivot' will make owner 'AnatomicalSkeleton3D' inconsistent. Consider unsetting the owner beforehand.
     at: add_child (scene/main/node.cpp:1728)
     GDScript backtrace (most recent call first):
         [0] _build_reference_skeleton_rig (res://scripts/enemy.gd:235)
         [1] _build_body (res://scripts/enemy.gd:121)
         [2] build_object (res://scripts/dark_fantasy_object_catalog.gd:40)
         [3] select_object (res://scripts/dark_fantasy_gallery.gd:158)
         [4] _run (res://tests/dark_fantasy_gallery_preview.gd:58)
WARNING: Adding 'FJ3195' as child to 'AnkleRPivot' will make owner 'AnatomicalSkeleton3D' inconsistent. Consider unsetting the owner beforehand.
     at: add_child (scene/main/node.cpp:1728)
     GDScript backtrace (most recent call first):
         [0] _build_reference_skeleton_rig (res://scripts/enemy.gd:235)
         [1] _build_body (res://scripts/enemy.gd:121)
         [2] build_object (res://scripts/dark_fantasy_object_catalog.gd:40)
         [3] select_object (res://scripts/dark_fantasy_gallery.gd:158)
         [4] _run (res://tests/dark_fantasy_gallery_preview.gd:58)
WARNING: Adding 'FJ3196' as child to 'HandRPivot' will make owner 'AnatomicalSkeleton3D' inconsistent. Consider unsetting the owner beforehand.
     at: add_child (scene/main/node.cpp:1728)
     GDScript backtrace (most recent call first):
         [0] _build_reference_skeleton_rig (res://scripts/enemy.gd:235)
         [1] _build_body (res://scripts/enemy.gd:121)
         [2] build_object (res://scripts/dark_fantasy_object_catalog.gd:40)
         [3] select_object (res://scripts/dark_fantasy_gallery.gd:158)
         [4] _run (res://tests/dark_fantasy_gallery_preview.gd:58)
WARNING: Adding 'FJ3197' as child to 'HandRPivot' will make owner 'AnatomicalSkeleton3D' inconsistent. Consider unsetting the owner beforehand.
     at: add_child (scene/main/node.cpp:1728)
     GDScript backtrace (most recent call first):
         [0] _build_reference_skeleton_rig (res://scripts/enemy.gd:235)
         [1] _build_body (res://scripts/enemy.gd:121)
         [2] build_object (res://scripts/dark_fantasy_object_catalog.gd:40)
         [3] select_object (res://scripts/dark_fantasy_gallery.gd:158)
         [4] _run (res://tests/dark_fantasy_gallery_preview.gd:58)
WARNING: Adding 'FJ3198' as child to 'HandRPivot' will make owner 'AnatomicalSkeleton3D' inconsistent. Consider unsetting the owner beforehand.
     at: add_child (scene/main/node.cpp:1728)
     GDScript backtrace (most recent call first):
         [0] _build_reference_skeleton_rig (res://scripts/enemy.gd:235)
         [1] _build_body (res://scripts/enemy.gd:121)
         [2] build_object (res://scripts/dark_fantasy_object_catalog.gd:40)
         [3] select_object (res://scripts/dark_fantasy_gallery.gd:158)
         [4] _run (res://tests/dark_fantasy_gallery_preview.gd:58)
WARNING: Adding 'FJ3199' as child to 'HeadPivot' will make owner 'AnatomicalSkeleton3D' inconsistent. Consider unsetting the owner beforehand.
     at: add_child (scene/main/node.cpp:1728)
     GDScript backtrace (most recent call first):
         [0] _build_reference_skeleton_rig (res://scripts/enemy.gd:235)
         [1] _build_body (res://scripts/enemy.gd:121)
         [2] build_object (res://scripts/dark_fantasy_object_catalog.gd:40)
         [3] select_object (res://scripts/dark_fantasy_gallery.gd:158)
         [4] _run (res://tests/dark_fantasy_gallery_preview.gd:58)
WARNING: Adding 'FJ3200' as child to 'HeadPivot' will make owner 'AnatomicalSkeleton3D' inconsistent. Consider unsetting the owner beforehand.
     at: add_child (scene/main/node.cpp:1728)
     GDScript backtrace (most recent call first):
         [0] _build_reference_skeleton_rig (res://scripts/enemy.gd:235)
         [1] _build_body (res://scripts/enemy.gd:121)
         [2] build_object (res://scripts/dark_fantasy_object_catalog.gd:40)
         [3] select_object (res://scripts/dark_fantasy_gallery.gd:158)
         [4] _run (res://tests/dark_fantasy_gallery_preview.gd:58)
WARNING: Adding 'FJ3201' as child to 'HeadPivot' will make owner 'AnatomicalSkeleton3D' inconsistent. Consider unsetting the owner beforehand.
     at: add_child (scene/main/node.cpp:1728)
     GDScript backtrace (most recent call first):
         [0] _build_reference_skeleton_rig (res://scripts/enemy.gd:235)
         [1] _build_body (res://scripts/enemy.gd:121)
         [2] build_object (res://scripts/dark_fantasy_object_catalog.gd:40)
         [3] select_object (res://scripts/dark_fantasy_gallery.gd:158)
         [4] _run (res://tests/dark_fantasy_gallery_preview.gd:58)
WARNING: Adding 'FJ3225' as child to 'TorsoPivot' will make owner 'AnatomicalSkeleton3D' inconsistent. Consider unsetting the owner beforehand.
     at: add_child (scene/main/node.cpp:1728)
     GDScript backtrace (most recent call first):
         [0] _build_reference_skeleton_rig (res://scripts/enemy.gd:235)
         [1] _build_body (res://scripts/enemy.gd:121)
         [2] build_object (res://scripts/dark_fantasy_object_catalog.gd:40)
         [3] select_object (res://scripts/dark_fantasy_gallery.gd:158)
         [4] _run (res://tests/dark_fantasy_gallery_preview.gd:58)
WARNING: Adding 'FJ3226' as child to 'TorsoPivot' will make owner 'AnatomicalSkeleton3D' inconsistent. Consider unsetting the owner beforehand.
     at: add_child (scene/main/node.cpp:1728)
     GDScript backtrace (most recent call first):
         [0] _build_reference_skeleton_rig (res://scripts/enemy.gd:235)
         [1] _build_body (res://scripts/enemy.gd:121)
         [2] build_object (res://scripts/dark_fantasy_object_catalog.gd:40)
         [3] select_object (res://scripts/dark_fantasy_gallery.gd:158)
         [4] _run (res://tests/dark_fantasy_gallery_preview.gd:58)
WARNING: Adding 'FJ3227' as child to 'TorsoPivot' will make owner 'AnatomicalSkeleton3D' inconsistent. Consider unsetting the owner beforehand.
     at: add_child (scene/main/node.cpp:1728)
     GDScript backtrace (most recent call first):
         [0] _build_reference_skeleton_rig (res://scripts/enemy.gd:235)
         [1] _build_body (res://scripts/enemy.gd:121)
         [2] build_object (res://scripts/dark_fantasy_object_catalog.gd:40)
         [3] select_object (res://scripts/dark_fantasy_gallery.gd:158)
         [4] _run (res://tests/dark_fantasy_gallery_preview.gd:58)
WARNING: Adding 'FJ3228' as child to 'TorsoPivot' will make owner 'AnatomicalSkeleton3D' inconsistent. Consider unsetting the owner beforehand.
     at: add_child (scene/main/node.cpp:1728)
     GDScript backtrace (most recent call first):
         [0] _build_reference_skeleton_rig (res://scripts/enemy.gd:235)
         [1] _build_body (res://scripts/enemy.gd:121)
         [2] build_object (res://scripts/dark_fantasy_object_catalog.gd:40)
         [3] select_object (res://scripts/dark_fantasy_gallery.gd:158)
         [4] _run (res://tests/dark_fantasy_gallery_preview.gd:58)
WARNING: Adding 'FJ3229' as child to 'TorsoPivot' will make owner 'AnatomicalSkeleton3D' inconsistent. Consider unsetting the owner beforehand.
     at: add_child (scene/main/node.cpp:1728)
     GDScript backtrace (most recent call first):
         [0] _build_reference_skeleton_rig (res://scripts/enemy.gd:235)
         [1] _build_body (res://scripts/enemy.gd:121)
         [2] build_object (res://scripts/dark_fantasy_object_catalog.gd:40)
         [3] select_object (res://scripts/dark_fantasy_gallery.gd:158)
         [4] _run (res://tests/dark_fantasy_gallery_preview.gd:58)
WARNING: Adding 'FJ3230' as child to 'TorsoPivot' will make owner 'AnatomicalSkeleton3D' inconsistent. Consider unsetting the owner beforehand.
     at: add_child (scene/main/node.cpp:1728)
     GDScript backtrace (most recent call first):
         [0] _build_reference_skeleton_rig (res://scripts/enemy.gd:235)
         [1] _build_body (res://scripts/enemy.gd:121)
         [2] build_object (res://scripts/dark_fantasy_object_catalog.gd:40)
         [3] select_object (res://scripts/dark_fantasy_gallery.gd:158)
         [4] _run (res://tests/dark_fantasy_gallery_preview.gd:58)
WARNING: Adding 'FJ3231' as child to 'TorsoPivot' will make owner 'AnatomicalSkeleton3D' inconsistent. Consider unsetting the owner beforehand.
     at: add_child (scene/main/node.cpp:1728)
     GDScript backtrace (most recent call first):
         [0] _build_reference_skeleton_rig (res://scripts/enemy.gd:235)
         [1] _build_body (res://scripts/enemy.gd:121)
         [2] build_object (res://scripts/dark_fantasy_object_catalog.gd:40)
         [3] select_object (res://scripts/dark_fantasy_gallery.gd:158)
         [4] _run (res://tests/dark_fantasy_gallery_preview.gd:58)
WARNING: Adding 'FJ3232' as child to 'TorsoPivot' will make owner 'AnatomicalSkeleton3D' inconsistent. Consider unsetting the owner beforehand.
     at: add_child (scene/main/node.cpp:1728)
     GDScript backtrace (most recent call first):
         [0] _build_reference_skeleton_rig (res://scripts/enemy.gd:235)
         [1] _build_body (res://scripts/enemy.gd:121)
         [2] build_object (res://scripts/dark_fantasy_object_catalog.gd:40)
         [3] select_object (res://scripts/dark_fantasy_gallery.gd:158)
         [4] _run (res://tests/dark_fantasy_gallery_preview.gd:58)
WARNING: Adding 'FJ3233' as child to 'TorsoPivot' will make owner 'AnatomicalSkeleton3D' inconsistent. Consider unsetting the owner beforehand.
     at: add_child (scene/main/node.cpp:1728)
     GDScript backtrace (most recent call first):
         [0] _build_reference_skeleton_rig (res://scripts/enemy.gd:235)
         [1] _build_body (res://scripts/enemy.gd:121)
         [2] build_object (res://scripts/dark_fantasy_object_catalog.gd:40)
         [3] select_object (res://scripts/dark_fantasy_gallery.gd:158)
         [4] _run (res://tests/dark_fantasy_gallery_preview.gd:58)
WARNING: Adding 'FJ3234' as child to 'TorsoPivot' will make owner 'AnatomicalSkeleton3D' inconsistent. Consider unsetting the owner beforehand.
     at: add_child (scene/main/node.cpp:1728)
     GDScript backtrace (most recent call first):
         [0] _build_reference_skeleton_rig (res://scripts/enemy.gd:235)
         [1] _build_body (res://scripts/enemy.gd:121)
         [2] build_object (res://scripts/dark_fantasy_object_catalog.gd:40)
         [3] select_object (res://scripts/dark_fantasy_gallery.gd:158)
         [4] _run (res://tests/dark_fantasy_gallery_preview.gd:58)
WARNING: Adding 'FJ3235' as child to 'TorsoPivot' will make owner 'AnatomicalSkeleton3D' inconsistent. Consider unsetting the owner beforehand.
     at: add_child (scene/main/node.cpp:1728)
     GDScript backtrace (most recent call first):
         [0] _build_reference_skeleton_rig (res://scripts/enemy.gd:235)
         [1] _build_body (res://scripts/enemy.gd:121)
         [2] build_object (res://scripts/dark_fantasy_object_catalog.gd:40)
         [3] select_object (res://scripts/dark_fantasy_gallery.gd:158)
         [4] _run (res://tests/dark_fantasy_gallery_preview.gd:58)
WARNING: Adding 'FJ3236' as child to 'TorsoPivot' will make owner 'AnatomicalSkeleton3D' inconsistent. Consider unsetting the owner beforehand.
     at: add_child (scene/main/node.cpp:1728)
     GDScript backtrace (most recent call first):
         [0] _build_reference_skeleton_rig (res://scripts/enemy.gd:235)
         [1] _build_body (res://scripts/enemy.gd:121)
         [2] build_object (res://scripts/dark_fantasy_object_catalog.gd:40)
         [3] select_object (res://scripts/dark_fantasy_gallery.gd:158)
         [4] _run (res://tests/dark_fantasy_gallery_preview.gd:58)
WARNING: Adding 'FJ3237' as child to 'ShoulderLPivot' will make owner 'AnatomicalSkeleton3D' inconsistent. Consider unsetting the owner beforehand.
     at: add_child (scene/main/node.cpp:1728)
     GDScript backtrace (most recent call first):
         [0] _build_reference_skeleton_rig (res://scripts/enemy.gd:235)
         [1] _build_body (res://scripts/enemy.gd:121)
         [2] build_object (res://scripts/dark_fantasy_object_catalog.gd:40)
         [3] select_object (res://scripts/dark_fantasy_gallery.gd:158)
         [4] _run (res://tests/dark_fantasy_gallery_preview.gd:58)
WARNING: Adding 'FJ3240' as child to 'HandLPivot' will make owner 'AnatomicalSkeleton3D' inconsistent. Consider unsetting the owner beforehand.
     at: add_child (scene/main/node.cpp:1728)
     GDScript backtrace (most recent call first):
         [0] _build_reference_skeleton_rig (res://scripts/enemy.gd:235)
         [1] _build_body (res://scripts/enemy.gd:121)
         [2] build_object (res://scripts/dark_fantasy_object_catalog.gd:40)
         [3] select_object (res://scripts/dark_fantasy_gallery.gd:158)
         [4] _run (res://tests/dark_fantasy_gallery_preview.gd:58)
WARNING: Adding 'FJ3241' as child to 'AnkleLPivot' will make owner 'AnatomicalSkeleton3D' inconsistent. Consider unsetting the owner beforehand.
     at: add_child (scene/main/node.cpp:1728)
     GDScript backtrace (most recent call first):
         [0] _build_reference_skeleton_rig (res://scripts/enemy.gd:235)
         [1] _build_body (res://scripts/enemy.gd:121)
         [2] build_object (res://scripts/dark_fantasy_object_catalog.gd:40)
         [3] select_object (res://scripts/dark_fantasy_gallery.gd:158)
         [4] _run (res://tests/dark_fantasy_gallery_preview.gd:58)
WARNING: Adding 'FJ3243' as child to 'HandLPivot' will make owner 'AnatomicalSkeleton3D' inconsistent. Consider unsetting the owner beforehand.
     at: add_child (scene/main/node.cpp:1728)
     GDScript backtrace (most recent call first):
         [0] _build_reference_skeleton_rig (res://scripts/enemy.gd:235)
         [1] _build_body (res://scripts/enemy.gd:121)
         [2] build_object (res://scripts/dark_fantasy_object_catalog.gd:40)
         [3] select_object (res://scripts/dark_fantasy_gallery.gd:158)
         [4] _run (res://tests/dark_fantasy_gallery_preview.gd:58)
WARNING: Adding 'FJ3244' as child to 'AnkleLPivot' will make owner 'AnatomicalSkeleton3D' inconsistent. Consider unsetting the owner beforehand.
     at: add_child (scene/main/node.cpp:1728)
     GDScript backtrace (most recent call first):
         [0] _build_reference_skeleton_rig (res://scripts/enemy.gd:235)
         [1] _build_body (res://scripts/enemy.gd:121)
         [2] build_object (res://scripts/dark_fantasy_object_catalog.gd:40)
         [3] select_object (res://scripts/dark_fantasy_gallery.gd:158)
         [4] _run (res://tests/dark_fantasy_gallery_preview.gd:58)
WARNING: Adding 'FJ3246' as child to 'HandLPivot' will make owner 'AnatomicalSkeleton3D' inconsistent. Consider unsetting the owner beforehand.
     at: add_child (scene/main/node.cpp:1728)
     GDScript backtrace (most recent call first):
         [0] _build_reference_skeleton_rig (res://scripts/enemy.gd:235)
         [1] _build_body (res://scripts/enemy.gd:121)
         [2] build_object (res://scripts/dark_fantasy_object_catalog.gd:40)
         [3] select_object (res://scripts/dark_fantasy_gallery.gd:158)
         [4] _run (res://tests/dark_fantasy_gallery_preview.gd:58)
WARNING: Adding 'FJ3247' as child to 'AnkleLPivot' will make owner 'AnatomicalSkeleton3D' inconsistent. Consider unsetting the owner beforehand.
     at: add_child (scene/main/node.cpp:1728)
     GDScript backtrace (most recent call first):
         [0] _build_reference_skeleton_rig (res://scripts/enemy.gd:235)
         [1] _build_body (res://scripts/enemy.gd:121)
         [2] build_object (res://scripts/dark_fantasy_object_catalog.gd:40)
         [3] select_object (res://scripts/dark_fantasy_gallery.gd:158)
         [4] _run (res://tests/dark_fantasy_gallery_preview.gd:58)
WARNING: Adding 'FJ3249' as child to 'HandLPivot' will make owner 'AnatomicalSkeleton3D' inconsistent. Consider unsetting the owner beforehand.
     at: add_child (scene/main/node.cpp:1728)
     GDScript backtrace (most recent call first):
         [0] _build_reference_skeleton_rig (res://scripts/enemy.gd:235)
         [1] _build_body (res://scripts/enemy.gd:121)
         [2] build_object (res://scripts/dark_fantasy_object_catalog.gd:40)
         [3] select_object (res://scripts/dark_fantasy_gallery.gd:158)
         [4] _run (res://tests/dark_fantasy_gallery_preview.gd:58)
WARNING: Adding 'FJ3250' as child to 'AnkleLPivot' will make owner 'AnatomicalSkeleton3D' inconsistent. Consider unsetting the owner beforehand.
     at: add_child (scene/main/node.cpp:1728)
     GDScript backtrace (most recent call first):
         [0] _build_reference_skeleton_rig (res://scripts/enemy.gd:235)
         [1] _build_body (res://scripts/enemy.gd:121)
         [2] build_object (res://scripts/dark_fantasy_object_catalog.gd:40)
         [3] select_object (res://scripts/dark_fantasy_gallery.gd:158)
         [4] _run (res://tests/dark_fantasy_gallery_preview.gd:58)
WARNING: Adding 'FJ3252' as child to 'HandLPivot' will make owner 'AnatomicalSkeleton3D' inconsistent. Consider unsetting the owner beforehand.
     at: add_child (scene/main/node.cpp:1728)
     GDScript backtrace (most recent call first):
         [0] _build_reference_skeleton_rig (res://scripts/enemy.gd:235)
         [1] _build_body (res://scripts/enemy.gd:121)
         [2] build_object (res://scripts/dark_fantasy_object_catalog.gd:40)
         [3] select_object (res://scripts/dark_fantasy_gallery.gd:158)
         [4] _run (res://tests/dark_fantasy_gallery_preview.gd:58)
WARNING: Adding 'FJ3253' as child to 'AnkleLPivot' will make owner 'AnatomicalSkeleton3D' inconsistent. Consider unsetting the owner beforehand.
     at: add_child (scene/main/node.cpp:1728)
     GDScript backtrace (most recent call first):
         [0] _build_reference_skeleton_rig (res://scripts/enemy.gd:235)
         [1] _build_body (res://scripts/enemy.gd:121)
         [2] build_object (res://scripts/dark_fantasy_object_catalog.gd:40)
         [3] select_object (res://scripts/dark_fantasy_gallery.gd:158)
         [4] _run (res://tests/dark_fantasy_gallery_preview.gd:58)
WARNING: Adding 'FJ3256' as child to 'AnkleLPivot' will make owner 'AnatomicalSkeleton3D' inconsistent. Consider unsetting the owner beforehand.
     at: add_child (scene/main/node.cpp:1728)
     GDScript backtrace (most recent call first):
         [0] _build_reference_skeleton_rig (res://scripts/enemy.gd:235)
         [1] _build_body (res://scripts/enemy.gd:121)
         [2] build_object (res://scripts/dark_fantasy_object_catalog.gd:40)
         [3] select_object (res://scripts/dark_fantasy_gallery.gd:158)
         [4] _run (res://tests/dark_fantasy_gallery_preview.gd:58)
WARNING: Adding 'FJ3257' as child to 'HandLPivot' will make owner 'AnatomicalSkeleton3D' inconsistent. Consider unsetting the owner beforehand.
     at: add_child (scene/main/node.cpp:1728)
     GDScript backtrace (most recent call first):
         [0] _build_reference_skeleton_rig (res://scripts/enemy.gd:235)
         [1] _build_body (res://scripts/enemy.gd:121)
         [2] build_object (res://scripts/dark_fantasy_object_catalog.gd:40)
         [3] select_object (res://scripts/dark_fantasy_gallery.gd:158)
         [4] _run (res://tests/dark_fantasy_gallery_preview.gd:58)
WARNING: Adding 'FJ3258' as child to 'AnkleLPivot' will make owner 'AnatomicalSkeleton3D' inconsistent. Consider unsetting the owner beforehand.
     at: add_child (scene/main/node.cpp:1728)
     GDScript backtrace (most recent call first):
         [0] _build_reference_skeleton_rig (res://scripts/enemy.gd:235)
         [1] _build_body (res://scripts/enemy.gd:121)
         [2] build_object (res://scripts/dark_fantasy_object_catalog.gd:40)
         [3] select_object (res://scripts/dark_fantasy_gallery.gd:158)
         [4] _run (res://tests/dark_fantasy_gallery_preview.gd:58)
WARNING: Adding 'FJ3259' as child to 'LegLPivot' will make owner 'AnatomicalSkeleton3D' inconsistent. Consider unsetting the owner beforehand.
     at: add_child (scene/main/node.cpp:1728)
     GDScript backtrace (most recent call first):
         [0] _build_reference_skeleton_rig (res://scripts/enemy.gd:235)
         [1] _build_body (res://scripts/enemy.gd:121)
         [2] build_object (res://scripts/dark_fantasy_object_catalog.gd:40)
         [3] select_object (res://scripts/dark_fantasy_gallery.gd:158)
         [4] _run (res://tests/dark_fantasy_gallery_preview.gd:58)
WARNING: Adding 'FJ3260' as child to 'KneeLPivot' will make owner 'AnatomicalSkeleton3D' inconsistent. Consider unsetting the owner beforehand.
     at: add_child (scene/main/node.cpp:1728)
     GDScript backtrace (most recent call first):
         [0] _build_reference_skeleton_rig (res://scripts/enemy.gd:235)
         [1] _build_body (res://scripts/enemy.gd:121)
         [2] build_object (res://scripts/dark_fantasy_object_catalog.gd:40)
         [3] select_object (res://scripts/dark_fantasy_gallery.gd:158)
         [4] _run (res://tests/dark_fantasy_gallery_preview.gd:58)
WARNING: Adding 'FJ3261' as child to 'HandLPivot' will make owner 'AnatomicalSkeleton3D' inconsistent. Consider unsetting the owner beforehand.
     at: add_child (scene/main/node.cpp:1728)
     GDScript backtrace (most recent call first):
         [0] _build_reference_skeleton_rig (res://scripts/enemy.gd:235)
         [1] _build_body (res://scripts/enemy.gd:121)
         [2] build_object (res://scripts/dark_fantasy_object_catalog.gd:40)
         [3] select_object (res://scripts/dark_fantasy_gallery.gd:158)
         [4] _run (res://tests/dark_fantasy_gallery_preview.gd:58)
WARNING: Adding 'FJ3262' as child to 'ArmLPivot' will make owner 'AnatomicalSkeleton3D' inconsistent. Consider unsetting the owner beforehand.
     at: add_child (scene/main/node.cpp:1728)
     GDScript backtrace (most recent call first):
         [0] _build_reference_skeleton_rig (res://scripts/enemy.gd:235)
         [1] _build_body (res://scripts/enemy.gd:121)
         [2] build_object (res://scripts/dark_fantasy_object_catalog.gd:40)
         [3] select_object (res://scripts/dark_fantasy_gallery.gd:158)
         [4] _run (res://tests/dark_fantasy_gallery_preview.gd:58)
WARNING: Adding 'FJ3263' as child to 'HeadPivot' will make owner 'AnatomicalSkeleton3D' inconsistent. Consider unsetting the owner beforehand.
     at: add_child (scene/main/node.cpp:1728)
     GDScript backtrace (most recent call first):
         [0] _build_reference_skeleton_rig (res://scripts/enemy.gd:235)
         [1] _build_body (res://scripts/enemy.gd:121)
         [2] build_object (res://scripts/dark_fantasy_object_catalog.gd:40)
         [3] select_object (res://scripts/dark_fantasy_gallery.gd:158)
         [4] _run (res://tests/dark_fantasy_gallery_preview.gd:58)
WARNING: Adding 'FJ3264' as child to 'AnkleLPivot' will make owner 'AnatomicalSkeleton3D' inconsistent. Consider unsetting the owner beforehand.
     at: add_child (scene/main/node.cpp:1728)
     GDScript backtrace (most recent call first):
         [0] _build_reference_skeleton_rig (res://scripts/enemy.gd:235)
         [1] _build_body (res://scripts/enemy.gd:121)
         [2] build_object (res://scripts/dark_fantasy_object_catalog.gd:40)
         [3] select_object (res://scripts/dark_fantasy_gallery.gd:158)
         [4] _run (res://tests/dark_fantasy_gallery_preview.gd:58)
WARNING: Adding 'FJ3265' as child to 'HeadPivot' will make owner 'AnatomicalSkeleton3D' inconsistent. Consider unsetting the owner beforehand.
     at: add_child (scene/main/node.cpp:1728)
     GDScript backtrace (most recent call first):
         [0] _build_reference_skeleton_rig (res://scripts/enemy.gd:235)
         [1] _build_body (res://scripts/enemy.gd:121)
         [2] build_object (res://scripts/dark_fantasy_object_catalog.gd:40)
         [3] select_object (res://scripts/dark_fantasy_gallery.gd:158)
         [4] _run (res://tests/dark_fantasy_gallery_preview.gd:58)
WARNING: Adding 'FJ3267' as child to 'AnkleLPivot' will make owner 'AnatomicalSkeleton3D' inconsistent. Consider unsetting the owner beforehand.
     at: add_child (scene/main/node.cpp:1728)
     GDScript backtrace (most recent call first):
         [0] _build_reference_skeleton_rig (res://scripts/enemy.gd:235)
         [1] _build_body (res://scripts/enemy.gd:121)
         [2] build_object (res://scripts/dark_fantasy_object_catalog.gd:40)
         [3] select_object (res://scripts/dark_fantasy_gallery.gd:158)
         [4] _run (res://tests/dark_fantasy_gallery_preview.gd:58)
WARNING: Adding 'FJ3268' as child to 'HandLPivot' will make owner 'AnatomicalSkeleton3D' inconsistent. Consider unsetting the owner beforehand.
     at: add_child (scene/main/node.cpp:1728)
     GDScript backtrace (most recent call first):
         [0] _build_reference_skeleton_rig (res://scripts/enemy.gd:235)
         [1] _build_body (res://scripts/enemy.gd:121)
         [2] build_object (res://scripts/dark_fantasy_object_catalog.gd:40)
         [3] select_object (res://scripts/dark_fantasy_gallery.gd:158)
         [4] _run (res://tests/dark_fantasy_gallery_preview.gd:58)
WARNING: Adding 'FJ3269' as child to 'HeadPivot' will make owner 'AnatomicalSkeleton3D' inconsistent. Consider unsetting the owner beforehand.
     at: add_child (scene/main/node.cpp:1728)
     GDScript backtrace (most recent call first):
         [0] _build_reference_skeleton_rig (res://scripts/enemy.gd:235)
         [1] _build_body (res://scripts/enemy.gd:121)
         [2] build_object (res://scripts/dark_fantasy_object_catalog.gd:40)
         [3] select_object (res://scripts/dark_fantasy_gallery.gd:158)
         [4] _run (res://tests/dark_fantasy_gallery_preview.gd:58)
WARNING: Adding 'FJ3271' as child to 'AnkleLPivot' will make owner 'AnatomicalSkeleton3D' inconsistent. Consider unsetting the owner beforehand.
     at: add_child (scene/main/node.cpp:1728)
     GDScript backtrace (most recent call first):
         [0] _build_reference_skeleton_rig (res://scripts/enemy.gd:235)
         [1] _build_body (res://scripts/enemy.gd:121)
         [2] build_object (res://scripts/dark_fantasy_object_catalog.gd:40)
         [3] select_object (res://scripts/dark_fantasy_gallery.gd:158)
         [4] _run (res://tests/dark_fantasy_gallery_preview.gd:58)
WARNING: Adding 'FJ3272' as child to 'HeadPivot' will make owner 'AnatomicalSkeleton3D' inconsistent. Consider unsetting the owner beforehand.
     at: add_child (scene/main/node.cpp:1728)
     GDScript backtrace (most recent call first):
         [0] _build_reference_skeleton_rig (res://scripts/enemy.gd:235)
         [1] _build_body (res://scripts/enemy.gd:121)
         [2] build_object (res://scripts/dark_fantasy_object_catalog.gd:40)
         [3] select_object (res://scripts/dark_fantasy_gallery.gd:158)
         [4] _run (res://tests/dark_fantasy_gallery_preview.gd:58)
WARNING: Adding 'FJ3273' as child to 'HeadPivot' will make owner 'AnatomicalSkeleton3D' inconsistent. Consider unsetting the owner beforehand.
     at: add_child (scene/main/node.cpp:1728)
     GDScript backtrace (most recent call first):
         [0] _build_reference_skeleton_rig (res://scripts/enemy.gd:235)
         [1] _build_body (res://scripts/enemy.gd:121)
         [2] build_object (res://scripts/dark_fantasy_object_catalog.gd:40)
         [3] select_object (res://scripts/dark_fantasy_gallery.gd:158)
         [4] _run (res://tests/dark_fantasy_gallery_preview.gd:58)
WARNING: Adding 'FJ3274' as child to 'HeadPivot' will make owner 'AnatomicalSkeleton3D' inconsistent. Consider unsetting the owner beforehand.
     at: add_child (scene/main/node.cpp:1728)
     GDScript backtrace (most recent call first):
         [0] _build_reference_skeleton_rig (res://scripts/enemy.gd:235)
         [1] _build_body (res://scripts/enemy.gd:121)
         [2] build_object (res://scripts/dark_fantasy_object_catalog.gd:40)
         [3] select_object (res://scripts/dark_fantasy_gallery.gd:158)
         [4] _run (res://tests/dark_fantasy_gallery_preview.gd:58)
WARNING: Adding 'FJ3275' as child to 'KneeLPivot' will make owner 'AnatomicalSkeleton3D' inconsistent. Consider unsetting the owner beforehand.
     at: add_child (scene/main/node.cpp:1728)
     GDScript backtrace (most recent call first):
         [0] _build_reference_skeleton_rig (res://scripts/enemy.gd:235)
         [1] _build_body (res://scripts/enemy.gd:121)
         [2] build_object (res://scripts/dark_fantasy_object_catalog.gd:40)
         [3] select_object (res://scripts/dark_fantasy_gallery.gd:158)
         [4] _run (res://tests/dark_fantasy_gallery_preview.gd:58)
WARNING: Adding 'FJ3276' as child to 'HandLPivot' will make owner 'AnatomicalSkeleton3D' inconsistent. Consider unsetting the owner beforehand.
     at: add_child (scene/main/node.cpp:1728)
     GDScript backtrace (most recent call first):
         [0] _build_reference_skeleton_rig (res://scripts/enemy.gd:235)
         [1] _build_body (res://scripts/enemy.gd:121)
         [2] build_object (res://scripts/dark_fantasy_object_catalog.gd:40)
         [3] select_object (res://scripts/dark_fantasy_gallery.gd:158)
         [4] _run (res://tests/dark_fantasy_gallery_preview.gd:58)
WARNING: Adding 'FJ3277' as child to 'ElbowLPivot' will make owner 'AnatomicalSkeleton3D' inconsistent. Consider unsetting the owner beforehand.
     at: add_child (scene/main/node.cpp:1728)
     GDScript backtrace (most recent call first):
         [0] _build_reference_skeleton_rig (res://scripts/enemy.gd:235)
         [1] _build_body (res://scripts/enemy.gd:121)
         [2] build_object (res://scripts/dark_fantasy_object_catalog.gd:40)
         [3] select_object (res://scripts/dark_fantasy_gallery.gd:158)
         [4] _run (res://tests/dark_fantasy_gallery_preview.gd:58)
WARNING: Adding 'FJ3278' as child to 'HandLPivot' will make owner 'AnatomicalSkeleton3D' inconsistent. Consider unsetting the owner beforehand.
     at: add_child (scene/main/node.cpp:1728)
     GDScript backtrace (most recent call first):
         [0] _build_reference_skeleton_rig (res://scripts/enemy.gd:235)
         [1] _build_body (res://scripts/enemy.gd:121)
         [2] build_object (res://scripts/dark_fantasy_object_catalog.gd:40)
         [3] select_object (res://scripts/dark_fantasy_gallery.gd:158)
         [4] _run (res://tests/dark_fantasy_gallery_preview.gd:58)
WARNING: Adding 'FJ3279' as child to 'ShoulderLPivot' will make owner 'AnatomicalSkeleton3D' inconsistent. Consider unsetting the owner beforehand.
     at: add_child (scene/main/node.cpp:1728)
     GDScript backtrace (most recent call first):
         [0] _build_reference_skeleton_rig (res://scripts/enemy.gd:235)
         [1] _build_body (res://scripts/enemy.gd:121)
         [2] build_object (res://scripts/dark_fantasy_object_catalog.gd:40)
         [3] select_object (res://scripts/dark_fantasy_gallery.gd:158)
         [4] _run (res://tests/dark_fantasy_gallery_preview.gd:58)
WARNING: Adding 'FJ3280' as child to 'AnkleLPivot' will make owner 'AnatomicalSkeleton3D' inconsistent. Consider unsetting the owner beforehand.
     at: add_child (scene/main/node.cpp:1728)
     GDScript backtrace (most recent call first):
         [0] _build_reference_skeleton_rig (res://scripts/enemy.gd:235)
         [1] _build_body (res://scripts/enemy.gd:121)
         [2] build_object (res://scripts/dark_fantasy_object_catalog.gd:40)
         [3] select_object (res://scripts/dark_fantasy_gallery.gd:158)
         [4] _run (res://tests/dark_fantasy_gallery_preview.gd:58)
WARNING: Adding 'FJ3281' as child to 'HeadPivot' will make owner 'AnatomicalSkeleton3D' inconsistent. Consider unsetting the owner beforehand.
     at: add_child (scene/main/node.cpp:1728)
     GDScript backtrace (most recent call first):
         [0] _build_reference_skeleton_rig (res://scripts/enemy.gd:235)
         [1] _build_body (res://scripts/enemy.gd:121)
         [2] build_object (res://scripts/dark_fantasy_object_catalog.gd:40)
         [3] select_object (res://scripts/dark_fantasy_gallery.gd:158)
         [4] _run (res://tests/dark_fantasy_gallery_preview.gd:58)
WARNING: Adding 'FJ3282' as child to 'KneeLPivot' will make owner 'AnatomicalSkeleton3D' inconsistent. Consider unsetting the owner beforehand.
     at: add_child (scene/main/node.cpp:1728)
     GDScript backtrace (most recent call first):
         [0] _build_reference_skeleton_rig (res://scripts/enemy.gd:235)
         [1] _build_body (res://scripts/enemy.gd:121)
         [2] build_object (res://scripts/dark_fantasy_object_catalog.gd:40)
         [3] select_object (res://scripts/dark_fantasy_gallery.gd:158)
         [4] _run (res://tests/dark_fantasy_gallery_preview.gd:58)
WARNING: Adding 'FJ3283' as child to 'HandLPivot' will make owner 'AnatomicalSkeleton3D' inconsistent. Consider unsetting the owner beforehand.
     at: add_child (scene/main/node.cpp:1728)
     GDScript backtrace (most recent call first):
         [0] _build_reference_skeleton_rig (res://scripts/enemy.gd:235)
         [1] _build_body (res://scripts/enemy.gd:121)
         [2] build_object (res://scripts/dark_fantasy_object_catalog.gd:40)
         [3] select_object (res://scripts/dark_fantasy_gallery.gd:158)
         [4] _run (res://tests/dark_fantasy_gallery_preview.gd:58)
WARNING: Adding 'FJ3284' as child to 'HandLPivot' will make owner 'AnatomicalSkeleton3D' inconsistent. Consider unsetting the owner beforehand.
     at: add_child (scene/main/node.cpp:1728)
     GDScript backtrace (most recent call first):
         [0] _build_reference_skeleton_rig (res://scripts/enemy.gd:235)
         [1] _build_body (res://scripts/enemy.gd:121)
         [2] build_object (res://scripts/dark_fantasy_object_catalog.gd:40)
         [3] select_object (res://scripts/dark_fantasy_gallery.gd:158)
         [4] _run (res://tests/dark_fantasy_gallery_preview.gd:58)
WARNING: Adding 'FJ3285' as child to 'HandLPivot' will make owner 'AnatomicalSkeleton3D' inconsistent. Consider unsetting the owner beforehand.
     at: add_child (scene/main/node.cpp:1728)
     GDScript backtrace (most recent call first):
         [0] _build_reference_skeleton_rig (res://scripts/enemy.gd:235)
         [1] _build_body (res://scripts/enemy.gd:121)
         [2] build_object (res://scripts/dark_fantasy_object_catalog.gd:40)
         [3] select_object (res://scripts/dark_fantasy_gallery.gd:158)
         [4] _run (res://tests/dark_fantasy_gallery_preview.gd:58)
WARNING: Adding 'FJ3286' as child to 'ElbowLPivot' will make owner 'AnatomicalSkeleton3D' inconsistent. Consider unsetting the owner beforehand.
     at: add_child (scene/main/node.cpp:1728)
     GDScript backtrace (most recent call first):
         [0] _build_reference_skeleton_rig (res://scripts/enemy.gd:235)
         [1] _build_body (res://scripts/enemy.gd:121)
         [2] build_object (res://scripts/dark_fantasy_object_catalog.gd:40)
         [3] select_object (res://scripts/dark_fantasy_gallery.gd:158)
         [4] _run (res://tests/dark_fantasy_gallery_preview.gd:58)
WARNING: Adding 'FJ3287' as child to 'HeadPivot' will make owner 'AnatomicalSkeleton3D' inconsistent. Consider unsetting the owner beforehand.
     at: add_child (scene/main/node.cpp:1728)
     GDScript backtrace (most recent call first):
         [0] _build_reference_skeleton_rig (res://scripts/enemy.gd:235)
         [1] _build_body (res://scripts/enemy.gd:121)
         [2] build_object (res://scripts/dark_fantasy_object_catalog.gd:40)
         [3] select_object (res://scripts/dark_fantasy_gallery.gd:158)
         [4] _run (res://tests/dark_fantasy_gallery_preview.gd:58)
WARNING: Adding 'FJ3288' as child to 'PelvisPivot' will make owner 'AnatomicalSkeleton3D' inconsistent. Consider unsetting the owner beforehand.
     at: add_child (scene/main/node.cpp:1728)
     GDScript backtrace (most recent call first):
         [0] _build_reference_skeleton_rig (res://scripts/enemy.gd:235)
         [1] _build_body (res://scripts/enemy.gd:121)
         [2] build_object (res://scripts/dark_fantasy_object_catalog.gd:40)
         [3] select_object (res://scripts/dark_fantasy_gallery.gd:158)
         [4] _run (res://tests/dark_fantasy_gallery_preview.gd:58)
WARNING: Adding 'FJ3289' as child to 'HeadPivot' will make owner 'AnatomicalSkeleton3D' inconsistent. Consider unsetting the owner beforehand.
     at: add_child (scene/main/node.cpp:1728)
     GDScript backtrace (most recent call first):
         [0] _build_reference_skeleton_rig (res://scripts/enemy.gd:235)
         [1] _build_body (res://scripts/enemy.gd:121)
         [2] build_object (res://scripts/dark_fantasy_object_catalog.gd:40)
         [3] select_object (res://scripts/dark_fantasy_gallery.gd:158)
         [4] _run (res://tests/dark_fantasy_gallery_preview.gd:58)
WARNING: Adding 'FJ3290' as child to 'TorsoPivot' will make owner 'AnatomicalSkeleton3D' inconsistent. Consider unsetting the owner beforehand.
     at: add_child (scene/main/node.cpp:1728)
     GDScript backtrace (most recent call first):
         [0] _build_reference_skeleton_rig (res://scripts/enemy.gd:235)
         [1] _build_body (res://scripts/enemy.gd:121)
         [2] build_object (res://scripts/dark_fantasy_object_catalog.gd:40)
         [3] select_object (res://scripts/dark_fantasy_gallery.gd:158)
         [4] _run (res://tests/dark_fantasy_gallery_preview.gd:58)
WARNING: Adding 'FJ3291' as child to 'HandLPivot' will make owner 'AnatomicalSkeleton3D' inconsistent. Consider unsetting the owner beforehand.
     at: add_child (scene/main/node.cpp:1728)
     GDScript backtrace (most recent call first):
         [0] _build_reference_skeleton_rig (res://scripts/enemy.gd:235)
         [1] _build_body (res://scripts/enemy.gd:121)
         [2] build_object (res://scripts/dark_fantasy_object_catalog.gd:40)
         [3] select_object (res://scripts/dark_fantasy_gallery.gd:158)
         [4] _run (res://tests/dark_fantasy_gallery_preview.gd:58)
WARNING: Adding 'FJ3292' as child to 'HandRPivot' will make owner 'AnatomicalSkeleton3D' inconsistent. Consider unsetting the owner beforehand.
     at: add_child (scene/main/node.cpp:1728)
     GDScript backtrace (most recent call first):
         [0] _build_reference_skeleton_rig (res://scripts/enemy.gd:235)
         [1] _build_body (res://scripts/enemy.gd:121)
         [2] build_object (res://scripts/dark_fantasy_object_catalog.gd:40)
         [3] select_object (res://scripts/dark_fantasy_gallery.gd:158)
         [4] _run (res://tests/dark_fantasy_gallery_preview.gd:58)
WARNING: Adding 'FJ3293' as child to 'AnkleLPivot' will make owner 'AnatomicalSkeleton3D' inconsistent. Consider unsetting the owner beforehand.
     at: add_child (scene/main/node.cpp:1728)
     GDScript backtrace (most recent call first):
         [0] _build_reference_skeleton_rig (res://scripts/enemy.gd:235)
         [1] _build_body (res://scripts/enemy.gd:121)
         [2] build_object (res://scripts/dark_fantasy_object_catalog.gd:40)
         [3] select_object (res://scripts/dark_fantasy_gallery.gd:158)
         [4] _run (res://tests/dark_fantasy_gallery_preview.gd:58)
WARNING: Adding 'FJ3294' as child to 'AnkleLPivot' will make owner 'AnatomicalSkeleton3D' inconsistent. Consider unsetting the owner beforehand.
     at: add_child (scene/main/node.cpp:1728)
     GDScript backtrace (most recent call first):
         [0] _build_reference_skeleton_rig (res://scripts/enemy.gd:235)
         [1] _build_body (res://scripts/enemy.gd:121)
         [2] build_object (res://scripts/dark_fantasy_object_catalog.gd:40)
         [3] select_object (res://scripts/dark_fantasy_gallery.gd:158)
         [4] _run (res://tests/dark_fantasy_gallery_preview.gd:58)
WARNING: Adding 'FJ3295' as child to 'AnkleLPivot' will make owner 'AnatomicalSkeleton3D' inconsistent. Consider unsetting the owner beforehand.
     at: add_child (scene/main/node.cpp:1728)
     GDScript backtrace (most recent call first):
         [0] _build_reference_skeleton_rig (res://scripts/enemy.gd:235)
         [1] _build_body (res://scripts/enemy.gd:121)
         [2] build_object (res://scripts/dark_fantasy_object_catalog.gd:40)
         [3] select_object (res://scripts/dark_fantasy_gallery.gd:158)
         [4] _run (res://tests/dark_fantasy_gallery_preview.gd:58)
WARNING: Adding 'FJ3296' as child to 'HandLPivot' will make owner 'AnatomicalSkeleton3D' inconsistent. Consider unsetting the owner beforehand.
     at: add_child (scene/main/node.cpp:1728)
     GDScript backtrace (most recent call first):
         [0] _build_reference_skeleton_rig (res://scripts/enemy.gd:235)
         [1] _build_body (res://scripts/enemy.gd:121)
         [2] build_object (res://scripts/dark_fantasy_object_catalog.gd:40)
         [3] select_object (res://scripts/dark_fantasy_gallery.gd:158)
         [4] _run (res://tests/dark_fantasy_gallery_preview.gd:58)
WARNING: Adding 'FJ3297' as child to 'HandLPivot' will make owner 'AnatomicalSkeleton3D' inconsistent. Consider unsetting the owner beforehand.
     at: add_child (scene/main/node.cpp:1728)
     GDScript backtrace (most recent call first):
         [0] _build_reference_skeleton_rig (res://scripts/enemy.gd:235)
         [1] _build_body (res://scripts/enemy.gd:121)
         [2] build_object (res://scripts/dark_fantasy_object_catalog.gd:40)
         [3] select_object (res://scripts/dark_fantasy_gallery.gd:158)
         [4] _run (res://tests/dark_fantasy_gallery_preview.gd:58)
WARNING: Adding 'FJ3298' as child to 'AnkleLPivot' will make owner 'AnatomicalSkeleton3D' inconsistent. Consider unsetting the owner beforehand.
     at: add_child (scene/main/node.cpp:1728)
     GDScript backtrace (most recent call first):
         [0] _build_reference_skeleton_rig (res://scripts/enemy.gd:235)
         [1] _build_body (res://scripts/enemy.gd:121)
         [2] build_object (res://scripts/dark_fantasy_object_catalog.gd:40)
         [3] select_object (res://scripts/dark_fantasy_gallery.gd:158)
         [4] _run (res://tests/dark_fantasy_gallery_preview.gd:58)
WARNING: Adding 'FJ3299' as child to 'HandLPivot' will make owner 'AnatomicalSkeleton3D' inconsistent. Consider unsetting the owner beforehand.
     at: add_child (scene/main/node.cpp:1728)
     GDScript backtrace (most recent call first):
         [0] _build_reference_skeleton_rig (res://scripts/enemy.gd:235)
         [1] _build_body (res://scripts/enemy.gd:121)
         [2] build_object (res://scripts/dark_fantasy_object_catalog.gd:40)
         [3] select_object (res://scripts/dark_fantasy_gallery.gd:158)
         [4] _run (res://tests/dark_fantasy_gallery_preview.gd:58)
WARNING: Adding 'FJ3300' as child to 'AnkleRPivot' will make owner 'AnatomicalSkeleton3D' inconsistent. Consider unsetting the owner beforehand.
     at: add_child (scene/main/node.cpp:1728)
     GDScript backtrace (most recent call first):
         [0] _build_reference_skeleton_rig (res://scripts/enemy.gd:235)
         [1] _build_body (res://scripts/enemy.gd:121)
         [2] build_object (res://scripts/dark_fantasy_object_catalog.gd:40)
         [3] select_object (res://scripts/dark_fantasy_gallery.gd:158)
         [4] _run (res://tests/dark_fantasy_gallery_preview.gd:58)
WARNING: Adding 'FJ3301' as child to 'AnkleRPivot' will make owner 'AnatomicalSkeleton3D' inconsistent. Consider unsetting the owner beforehand.
     at: add_child (scene/main/node.cpp:1728)
     GDScript backtrace (most recent call first):
         [0] _build_reference_skeleton_rig (res://scripts/enemy.gd:235)
         [1] _build_body (res://scripts/enemy.gd:121)
         [2] build_object (res://scripts/dark_fantasy_object_catalog.gd:40)
         [3] select_object (res://scripts/dark_fantasy_gallery.gd:158)
         [4] _run (res://tests/dark_fantasy_gallery_preview.gd:58)
WARNING: Adding 'FJ3302' as child to 'AnkleRPivot' will make owner 'AnatomicalSkeleton3D' inconsistent. Consider unsetting the owner beforehand.
     at: add_child (scene/main/node.cpp:1728)
     GDScript backtrace (most recent call first):
         [0] _build_reference_skeleton_rig (res://scripts/enemy.gd:235)
         [1] _build_body (res://scripts/enemy.gd:121)
         [2] build_object (res://scripts/dark_fantasy_object_catalog.gd:40)
         [3] select_object (res://scripts/dark_fantasy_gallery.gd:158)
         [4] _run (res://tests/dark_fantasy_gallery_preview.gd:58)
WARNING: Adding 'FJ3303' as child to 'HandRPivot' will make owner 'AnatomicalSkeleton3D' inconsistent. Consider unsetting the owner beforehand.
     at: add_child (scene/main/node.cpp:1728)
     GDScript backtrace (most recent call first):
         [0] _build_reference_skeleton_rig (res://scripts/enemy.gd:235)
         [1] _build_body (res://scripts/enemy.gd:121)
         [2] build_object (res://scripts/dark_fantasy_object_catalog.gd:40)
         [3] select_object (res://scripts/dark_fantasy_gallery.gd:158)
         [4] _run (res://tests/dark_fantasy_gallery_preview.gd:58)
WARNING: Adding 'FJ3304' as child to 'HandRPivot' will make owner 'AnatomicalSkeleton3D' inconsistent. Consider unsetting the owner beforehand.
     at: add_child (scene/main/node.cpp:1728)
     GDScript backtrace (most recent call first):
         [0] _build_reference_skeleton_rig (res://scripts/enemy.gd:235)
         [1] _build_body (res://scripts/enemy.gd:121)
         [2] build_object (res://scripts/dark_fantasy_object_catalog.gd:40)
         [3] select_object (res://scripts/dark_fantasy_gallery.gd:158)
         [4] _run (res://tests/dark_fantasy_gallery_preview.gd:58)
WARNING: Adding 'FJ3305' as child to 'AnkleRPivot' will make owner 'AnatomicalSkeleton3D' inconsistent. Consider unsetting the owner beforehand.
     at: add_child (scene/main/node.cpp:1728)
     GDScript backtrace (most recent call first):
         [0] _build_reference_skeleton_rig (res://scripts/enemy.gd:235)
         [1] _build_body (res://scripts/enemy.gd:121)
         [2] build_object (res://scripts/dark_fantasy_object_catalog.gd:40)
         [3] select_object (res://scripts/dark_fantasy_gallery.gd:158)
         [4] _run (res://tests/dark_fantasy_gallery_preview.gd:58)
WARNING: Adding 'FJ3306' as child to 'HandRPivot' will make owner 'AnatomicalSkeleton3D' inconsistent. Consider unsetting the owner beforehand.
     at: add_child (scene/main/node.cpp:1728)
     GDScript backtrace (most recent call first):
         [0] _build_reference_skeleton_rig (res://scripts/enemy.gd:235)
         [1] _build_body (res://scripts/enemy.gd:121)
         [2] build_object (res://scripts/dark_fantasy_object_catalog.gd:40)
         [3] select_object (res://scripts/dark_fantasy_gallery.gd:158)
         [4] _run (res://tests/dark_fantasy_gallery_preview.gd:58)
WARNING: Adding 'FJ3307' as child to 'AnkleLPivot' will make owner 'AnatomicalSkeleton3D' inconsistent. Consider unsetting the owner beforehand.
     at: add_child (scene/main/node.cpp:1728)
     GDScript backtrace (most recent call first):
         [0] _build_reference_skeleton_rig (res://scripts/enemy.gd:235)
         [1] _build_body (res://scripts/enemy.gd:121)
         [2] build_object (res://scripts/dark_fantasy_object_catalog.gd:40)
         [3] select_object (res://scripts/dark_fantasy_gallery.gd:158)
         [4] _run (res://tests/dark_fantasy_gallery_preview.gd:58)
WARNING: Adding 'FJ3308' as child to 'AnkleRPivot' will make owner 'AnatomicalSkeleton3D' inconsistent. Consider unsetting the owner beforehand.
     at: add_child (scene/main/node.cpp:1728)
     GDScript backtrace (most recent call first):
         [0] _build_reference_skeleton_rig (res://scripts/enemy.gd:235)
         [1] _build_body (res://scripts/enemy.gd:121)
         [2] build_object (res://scripts/dark_fantasy_object_catalog.gd:40)
         [3] select_object (res://scripts/dark_fantasy_gallery.gd:158)
         [4] _run (res://tests/dark_fantasy_gallery_preview.gd:58)
WARNING: Adding 'FJ3309' as child to 'HeadPivot' will make owner 'AnatomicalSkeleton3D' inconsistent. Consider unsetting the owner beforehand.
     at: add_child (scene/main/node.cpp:1728)
     GDScript backtrace (most recent call first):
         [0] _build_reference_skeleton_rig (res://scripts/enemy.gd:235)
         [1] _build_body (res://scripts/enemy.gd:121)
         [2] build_object (res://scripts/dark_fantasy_object_catalog.gd:40)
         [3] select_object (res://scripts/dark_fantasy_gallery.gd:158)
         [4] _run (res://tests/dark_fantasy_gallery_preview.gd:58)
WARNING: Adding 'FJ3310' as child to 'AnkleRPivot' will make owner 'AnatomicalSkeleton3D' inconsistent. Consider unsetting the owner beforehand.
     at: add_child (scene/main/node.cpp:1728)
     GDScript backtrace (most recent call first):
         [0] _build_reference_skeleton_rig (res://scripts/enemy.gd:235)
         [1] _build_body (res://scripts/enemy.gd:121)
         [2] build_object (res://scripts/dark_fantasy_object_catalog.gd:40)
         [3] select_object (res://scripts/dark_fantasy_gallery.gd:158)
         [4] _run (res://tests/dark_fantasy_gallery_preview.gd:58)
WARNING: Adding 'FJ3311' as child to 'AnkleLPivot' will make owner 'AnatomicalSkeleton3D' inconsistent. Consider unsetting the owner beforehand.
     at: add_child (scene/main/node.cpp:1728)
     GDScript backtrace (most recent call first):
         [0] _build_reference_skeleton_rig (res://scripts/enemy.gd:235)
         [1] _build_body (res://scripts/enemy.gd:121)
         [2] build_object (res://scripts/dark_fantasy_object_catalog.gd:40)
         [3] select_object (res://scripts/dark_fantasy_gallery.gd:158)
         [4] _run (res://tests/dark_fantasy_gallery_preview.gd:58)
WARNING: Adding 'FJ3312' as child to 'AnkleLPivot' will make owner 'AnatomicalSkeleton3D' inconsistent. Consider unsetting the owner beforehand.
     at: add_child (scene/main/node.cpp:1728)
     GDScript backtrace (most recent call first):
         [0] _build_reference_skeleton_rig (res://scripts/enemy.gd:235)
         [1] _build_body (res://scripts/enemy.gd:121)
         [2] build_object (res://scripts/dark_fantasy_object_catalog.gd:40)
         [3] select_object (res://scripts/dark_fantasy_gallery.gd:158)
         [4] _run (res://tests/dark_fantasy_gallery_preview.gd:58)
WARNING: Adding 'FJ3313' as child to 'HandLPivot' will make owner 'AnatomicalSkeleton3D' inconsistent. Consider unsetting the owner beforehand.
     at: add_child (scene/main/node.cpp:1728)
     GDScript backtrace (most recent call first):
         [0] _build_reference_skeleton_rig (res://scripts/enemy.gd:235)
         [1] _build_body (res://scripts/enemy.gd:121)
         [2] build_object (res://scripts/dark_fantasy_object_catalog.gd:40)
         [3] select_object (res://scripts/dark_fantasy_gallery.gd:158)
         [4] _run (res://tests/dark_fantasy_gallery_preview.gd:58)
WARNING: Adding 'FJ3314' as child to 'HandLPivot' will make owner 'AnatomicalSkeleton3D' inconsistent. Consider unsetting the owner beforehand.
     at: add_child (scene/main/node.cpp:1728)
     GDScript backtrace (most recent call first):
         [0] _build_reference_skeleton_rig (res://scripts/enemy.gd:235)
         [1] _build_body (res://scripts/enemy.gd:121)
         [2] build_object (res://scripts/dark_fantasy_object_catalog.gd:40)
         [3] select_object (res://scripts/dark_fantasy_gallery.gd:158)
         [4] _run (res://tests/dark_fantasy_gallery_preview.gd:58)
WARNING: Adding 'FJ3315' as child to 'AnkleLPivot' will make owner 'AnatomicalSkeleton3D' inconsistent. Consider unsetting the owner beforehand.
     at: add_child (scene/main/node.cpp:1728)
     GDScript backtrace (most recent call first):
         [0] _build_reference_skeleton_rig (res://scripts/enemy.gd:235)
         [1] _build_body (res://scripts/enemy.gd:121)
         [2] build_object (res://scripts/dark_fantasy_object_catalog.gd:40)
         [3] select_object (res://scripts/dark_fantasy_gallery.gd:158)
         [4] _run (res://tests/dark_fantasy_gallery_preview.gd:58)
WARNING: Adding 'FJ3316' as child to 'HandLPivot' will make owner 'AnatomicalSkeleton3D' inconsistent. Consider unsetting the owner beforehand.
     at: add_child (scene/main/node.cpp:1728)
     GDScript backtrace (most recent call first):
         [0] _build_reference_skeleton_rig (res://scripts/enemy.gd:235)
         [1] _build_body (res://scripts/enemy.gd:121)
         [2] build_object (res://scripts/dark_fantasy_object_catalog.gd:40)
         [3] select_object (res://scripts/dark_fantasy_gallery.gd:158)
         [4] _run (res://tests/dark_fantasy_gallery_preview.gd:58)
WARNING: Adding 'FJ3317' as child to 'HandLPivot' will make owner 'AnatomicalSkeleton3D' inconsistent. Consider unsetting the owner beforehand.
     at: add_child (scene/main/node.cpp:1728)
     GDScript backtrace (most recent call first):
         [0] _build_reference_skeleton_rig (res://scripts/enemy.gd:235)
         [1] _build_body (res://scripts/enemy.gd:121)
         [2] build_object (res://scripts/dark_fantasy_object_catalog.gd:40)
         [3] select_object (res://scripts/dark_fantasy_gallery.gd:158)
         [4] _run (res://tests/dark_fantasy_gallery_preview.gd:58)
WARNING: Adding 'FJ3318' as child to 'HandLPivot' will make owner 'AnatomicalSkeleton3D' inconsistent. Consider unsetting the owner beforehand.
     at: add_child (scene/main/node.cpp:1728)
     GDScript backtrace (most recent call first):
         [0] _build_reference_skeleton_rig (res://scripts/enemy.gd:235)
         [1] _build_body (res://scripts/enemy.gd:121)
         [2] build_object (res://scripts/dark_fantasy_object_catalog.gd:40)
         [3] select_object (res://scripts/dark_fantasy_gallery.gd:158)
         [4] _run (res://tests/dark_fantasy_gallery_preview.gd:58)
WARNING: Adding 'FJ3319' as child to 'AnkleRPivot' will make owner 'AnatomicalSkeleton3D' inconsistent. Consider unsetting the owner beforehand.
     at: add_child (scene/main/node.cpp:1728)
     GDScript backtrace (most recent call first):
         [0] _build_reference_skeleton_rig (res://scripts/enemy.gd:235)
         [1] _build_body (res://scripts/enemy.gd:121)
         [2] build_object (res://scripts/dark_fantasy_object_catalog.gd:40)
         [3] select_object (res://scripts/dark_fantasy_gallery.gd:158)
         [4] _run (res://tests/dark_fantasy_gallery_preview.gd:58)
WARNING: Adding 'FJ3320' as child to 'AnkleRPivot' will make owner 'AnatomicalSkeleton3D' inconsistent. Consider unsetting the owner beforehand.
     at: add_child (scene/main/node.cpp:1728)
     GDScript backtrace (most recent call first):
         [0] _build_reference_skeleton_rig (res://scripts/enemy.gd:235)
         [1] _build_body (res://scripts/enemy.gd:121)
         [2] build_object (res://scripts/dark_fantasy_object_catalog.gd:40)
         [3] select_object (res://scripts/dark_fantasy_gallery.gd:158)
         [4] _run (res://tests/dark_fantasy_gallery_preview.gd:58)
WARNING: Adding 'FJ3321' as child to 'AnkleRPivot' will make owner 'AnatomicalSkeleton3D' inconsistent. Consider unsetting the owner beforehand.
     at: add_child (scene/main/node.cpp:1728)
     GDScript backtrace (most recent call first):
         [0] _build_reference_skeleton_rig (res://scripts/enemy.gd:235)
         [1] _build_body (res://scripts/enemy.gd:121)
         [2] build_object (res://scripts/dark_fantasy_object_catalog.gd:40)
         [3] select_object (res://scripts/dark_fantasy_gallery.gd:158)
         [4] _run (res://tests/dark_fantasy_gallery_preview.gd:58)
WARNING: Adding 'FJ3322' as child to 'HandRPivot' will make owner 'AnatomicalSkeleton3D' inconsistent. Consider unsetting the owner beforehand.
     at: add_child (scene/main/node.cpp:1728)
     GDScript backtrace (most recent call first):
         [0] _build_reference_skeleton_rig (res://scripts/enemy.gd:235)
         [1] _build_body (res://scripts/enemy.gd:121)
         [2] build_object (res://scripts/dark_fantasy_object_catalog.gd:40)
         [3] select_object (res://scripts/dark_fantasy_gallery.gd:158)
         [4] _run (res://tests/dark_fantasy_gallery_preview.gd:58)
WARNING: Adding 'FJ3323' as child to 'HandRPivot' will make owner 'AnatomicalSkeleton3D' inconsistent. Consider unsetting the owner beforehand.
     at: add_child (scene/main/node.cpp:1728)
     GDScript backtrace (most recent call first):
         [0] _build_reference_skeleton_rig (res://scripts/enemy.gd:235)
         [1] _build_body (res://scripts/enemy.gd:121)
         [2] build_object (res://scripts/dark_fantasy_object_catalog.gd:40)
         [3] select_object (res://scripts/dark_fantasy_gallery.gd:158)
         [4] _run (res://tests/dark_fantasy_gallery_preview.gd:58)
WARNING: Adding 'FJ3324' as child to 'AnkleRPivot' will make owner 'AnatomicalSkeleton3D' inconsistent. Consider unsetting the owner beforehand.
     at: add_child (scene/main/node.cpp:1728)
     GDScript backtrace (most recent call first):
         [0] _build_reference_skeleton_rig (res://scripts/enemy.gd:235)
         [1] _build_body (res://scripts/enemy.gd:121)
         [2] build_object (res://scripts/dark_fantasy_object_catalog.gd:40)
         [3] select_object (res://scripts/dark_fantasy_gallery.gd:158)
         [4] _run (res://tests/dark_fantasy_gallery_preview.gd:58)
WARNING: Adding 'FJ3325' as child to 'HandRPivot' will make owner 'AnatomicalSkeleton3D' inconsistent. Consider unsetting the owner beforehand.
     at: add_child (scene/main/node.cpp:1728)
     GDScript backtrace (most recent call first):
         [0] _build_reference_skeleton_rig (res://scripts/enemy.gd:235)
         [1] _build_body (res://scripts/enemy.gd:121)
         [2] build_object (res://scripts/dark_fantasy_object_catalog.gd:40)
         [3] select_object (res://scripts/dark_fantasy_gallery.gd:158)
         [4] _run (res://tests/dark_fantasy_gallery_preview.gd:58)
WARNING: Adding 'FJ3326' as child to 'HandRPivot' will make owner 'AnatomicalSkeleton3D' inconsistent. Consider unsetting the owner beforehand.
     at: add_child (scene/main/node.cpp:1728)
     GDScript backtrace (most recent call first):
         [0] _build_reference_skeleton_rig (res://scripts/enemy.gd:235)
         [1] _build_body (res://scripts/enemy.gd:121)
         [2] build_object (res://scripts/dark_fantasy_object_catalog.gd:40)
         [3] select_object (res://scripts/dark_fantasy_gallery.gd:158)
         [4] _run (res://tests/dark_fantasy_gallery_preview.gd:58)
WARNING: Adding 'FJ3327' as child to 'HandRPivot' will make owner 'AnatomicalSkeleton3D' inconsistent. Consider unsetting the owner beforehand.
     at: add_child (scene/main/node.cpp:1728)
     GDScript backtrace (most recent call first):
         [0] _build_reference_skeleton_rig (res://scripts/enemy.gd:235)
         [1] _build_body (res://scripts/enemy.gd:121)
         [2] build_object (res://scripts/dark_fantasy_object_catalog.gd:40)
         [3] select_object (res://scripts/dark_fantasy_gallery.gd:158)
         [4] _run (res://tests/dark_fantasy_gallery_preview.gd:58)
WARNING: Adding 'FJ3328' as child to 'AnkleLPivot' will make owner 'AnatomicalSkeleton3D' inconsistent. Consider unsetting the owner beforehand.
     at: add_child (scene/main/node.cpp:1728)
     GDScript backtrace (most recent call first):
         [0] _build_reference_skeleton_rig (res://scripts/enemy.gd:235)
         [1] _build_body (res://scripts/enemy.gd:121)
         [2] build_object (res://scripts/dark_fantasy_object_catalog.gd:40)
         [3] select_object (res://scripts/dark_fantasy_gallery.gd:158)
         [4] _run (res://tests/dark_fantasy_gallery_preview.gd:58)
WARNING: Adding 'FJ3329' as child to 'AnkleLPivot' will make owner 'AnatomicalSkeleton3D' inconsistent. Consider unsetting the owner beforehand.
     at: add_child (scene/main/node.cpp:1728)
     GDScript backtrace (most recent call first):
         [0] _build_reference_skeleton_rig (res://scripts/enemy.gd:235)
         [1] _build_body (res://scripts/enemy.gd:121)
         [2] build_object (res://scripts/dark_fantasy_object_catalog.gd:40)
         [3] select_object (res://scripts/dark_fantasy_gallery.gd:158)
         [4] _run (res://tests/dark_fantasy_gallery_preview.gd:58)
WARNING: Adding 'FJ3330' as child to 'TorsoPivot' will make owner 'AnatomicalSkeleton3D' inconsistent. Consider unsetting the owner beforehand.
     at: add_child (scene/main/node.cpp:1728)
     GDScript backtrace (most recent call first):
         [0] _build_reference_skeleton_rig (res://scripts/enemy.gd:235)
         [1] _build_body (res://scripts/enemy.gd:121)
         [2] build_object (res://scripts/dark_fantasy_object_catalog.gd:40)
         [3] select_object (res://scripts/dark_fantasy_gallery.gd:158)
         [4] _run (res://tests/dark_fantasy_gallery_preview.gd:58)
WARNING: Adding 'FJ3331' as child to 'TorsoPivot' will make owner 'AnatomicalSkeleton3D' inconsistent. Consider unsetting the owner beforehand.
     at: add_child (scene/main/node.cpp:1728)
     GDScript backtrace (most recent call first):
         [0] _build_reference_skeleton_rig (res://scripts/enemy.gd:235)
         [1] _build_body (res://scripts/enemy.gd:121)
         [2] build_object (res://scripts/dark_fantasy_object_catalog.gd:40)
         [3] select_object (res://scripts/dark_fantasy_gallery.gd:158)
         [4] _run (res://tests/dark_fantasy_gallery_preview.gd:58)
WARNING: Adding 'FJ3332' as child to 'TorsoPivot' will make owner 'AnatomicalSkeleton3D' inconsistent. Consider unsetting the owner beforehand.
     at: add_child (scene/main/node.cpp:1728)
     GDScript backtrace (most recent call first):
         [0] _build_reference_skeleton_rig (res://scripts/enemy.gd:235)
         [1] _build_body (res://scripts/enemy.gd:121)
         [2] build_object (res://scripts/dark_fantasy_object_catalog.gd:40)
         [3] select_object (res://scripts/dark_fantasy_gallery.gd:158)
         [4] _run (res://tests/dark_fantasy_gallery_preview.gd:58)
WARNING: Adding 'FJ3334' as child to 'TorsoPivot' will make owner 'AnatomicalSkeleton3D' inconsistent. Consider unsetting the owner beforehand.
     at: add_child (scene/main/node.cpp:1728)
     GDScript backtrace (most recent call first):
         [0] _build_reference_skeleton_rig (res://scripts/enemy.gd:235)
         [1] _build_body (res://scripts/enemy.gd:121)
         [2] build_object (res://scripts/dark_fantasy_object_catalog.gd:40)
         [3] select_object (res://scripts/dark_fantasy_gallery.gd:158)
         [4] _run (res://tests/dark_fantasy_gallery_preview.gd:58)
WARNING: Adding 'FJ3336' as child to 'TorsoPivot' will make owner 'AnatomicalSkeleton3D' inconsistent. Consider unsetting the owner beforehand.
     at: add_child (scene/main/node.cpp:1728)
     GDScript backtrace (most recent call first):
         [0] _build_reference_skeleton_rig (res://scripts/enemy.gd:235)
         [1] _build_body (res://scripts/enemy.gd:121)
         [2] build_object (res://scripts/dark_fantasy_object_catalog.gd:40)
         [3] select_object (res://scripts/dark_fantasy_gallery.gd:158)
         [4] _run (res://tests/dark_fantasy_gallery_preview.gd:58)
WARNING: Adding 'FJ3338' as child to 'TorsoPivot' will make owner 'AnatomicalSkeleton3D' inconsistent. Consider unsetting the owner beforehand.
     at: add_child (scene/main/node.cpp:1728)
     GDScript backtrace (most recent call first):
         [0] _build_reference_skeleton_rig (res://scripts/enemy.gd:235)
         [1] _build_body (res://scripts/enemy.gd:121)
         [2] build_object (res://scripts/dark_fantasy_object_catalog.gd:40)
         [3] select_object (res://scripts/dark_fantasy_gallery.gd:158)
         [4] _run (res://tests/dark_fantasy_gallery_preview.gd:58)
WARNING: Adding 'FJ3340' as child to 'TorsoPivot' will make owner 'AnatomicalSkeleton3D' inconsistent. Consider unsetting the owner beforehand.
     at: add_child (scene/main/node.cpp:1728)
     GDScript backtrace (most recent call first):
         [0] _build_reference_skeleton_rig (res://scripts/enemy.gd:235)
         [1] _build_body (res://scripts/enemy.gd:121)
         [2] build_object (res://scripts/dark_fantasy_object_catalog.gd:40)
         [3] select_object (res://scripts/dark_fantasy_gallery.gd:158)
         [4] _run (res://tests/dark_fantasy_gallery_preview.gd:58)
WARNING: Adding 'FJ3342' as child to 'TorsoPivot' will make owner 'AnatomicalSkeleton3D' inconsistent. Consider unsetting the owner beforehand.
     at: add_child (scene/main/node.cpp:1728)
     GDScript backtrace (most recent call first):
         [0] _build_reference_skeleton_rig (res://scripts/enemy.gd:235)
         [1] _build_body (res://scripts/enemy.gd:121)
         [2] build_object (res://scripts/dark_fantasy_object_catalog.gd:40)
         [3] select_object (res://scripts/dark_fantasy_gallery.gd:158)
         [4] _run (res://tests/dark_fantasy_gallery_preview.gd:58)
WARNING: Adding 'FJ3344' as child to 'TorsoPivot' will make owner 'AnatomicalSkeleton3D' inconsistent. Consider unsetting the owner beforehand.
     at: add_child (scene/main/node.cpp:1728)
     GDScript backtrace (most recent call first):
         [0] _build_reference_skeleton_rig (res://scripts/enemy.gd:235)
         [1] _build_body (res://scripts/enemy.gd:121)
         [2] build_object (res://scripts/dark_fantasy_object_catalog.gd:40)
         [3] select_object (res://scripts/dark_fantasy_gallery.gd:158)
         [4] _run (res://tests/dark_fantasy_gallery_preview.gd:58)
WARNING: Adding 'FJ3346' as child to 'TorsoPivot' will make owner 'AnatomicalSkeleton3D' inconsistent. Consider unsetting the owner beforehand.
     at: add_child (scene/main/node.cpp:1728)
     GDScript backtrace (most recent call first):
         [0] _build_reference_skeleton_rig (res://scripts/enemy.gd:235)
         [1] _build_body (res://scripts/enemy.gd:121)
         [2] build_object (res://scripts/dark_fantasy_object_catalog.gd:40)
         [3] select_object (res://scripts/dark_fantasy_gallery.gd:158)
         [4] _run (res://tests/dark_fantasy_gallery_preview.gd:58)
WARNING: Adding 'FJ3347' as child to 'TorsoPivot' will make owner 'AnatomicalSkeleton3D' inconsistent. Consider unsetting the owner beforehand.
     at: add_child (scene/main/node.cpp:1728)
     GDScript backtrace (most recent call first):
         [0] _build_reference_skeleton_rig (res://scripts/enemy.gd:235)
         [1] _build_body (res://scripts/enemy.gd:121)
         [2] build_object (res://scripts/dark_fantasy_object_catalog.gd:40)
         [3] select_object (res://scripts/dark_fantasy_gallery.gd:158)
         [4] _run (res://tests/dark_fantasy_gallery_preview.gd:58)
WARNING: Adding 'FJ3348' as child to 'TorsoPivot' will make owner 'AnatomicalSkeleton3D' inconsistent. Consider unsetting the owner beforehand.
     at: add_child (scene/main/node.cpp:1728)
     GDScript backtrace (most recent call first):
         [0] _build_reference_skeleton_rig (res://scripts/enemy.gd:235)
         [1] _build_body (res://scripts/enemy.gd:121)
         [2] build_object (res://scripts/dark_fantasy_object_catalog.gd:40)
         [3] select_object (res://scripts/dark_fantasy_gallery.gd:158)
         [4] _run (res://tests/dark_fantasy_gallery_preview.gd:58)
WARNING: Adding 'FJ3349' as child to 'ElbowRPivot' will make owner 'AnatomicalSkeleton3D' inconsistent. Consider unsetting the owner beforehand.
     at: add_child (scene/main/node.cpp:1728)
     GDScript backtrace (most recent call first):
         [0] _build_reference_skeleton_rig (res://scripts/enemy.gd:235)
         [1] _build_body (res://scripts/enemy.gd:121)
         [2] build_object (res://scripts/dark_fantasy_object_catalog.gd:40)
         [3] select_object (res://scripts/dark_fantasy_gallery.gd:158)
         [4] _run (res://tests/dark_fantasy_gallery_preview.gd:58)
WARNING: Adding 'FJ3350' as child to 'HandRPivot' will make owner 'AnatomicalSkeleton3D' inconsistent. Consider unsetting the owner beforehand.
     at: add_child (scene/main/node.cpp:1728)
     GDScript backtrace (most recent call first):
         [0] _build_reference_skeleton_rig (res://scripts/enemy.gd:235)
         [1] _build_body (res://scripts/enemy.gd:121)
         [2] build_object (res://scripts/dark_fantasy_object_catalog.gd:40)
         [3] select_object (res://scripts/dark_fantasy_gallery.gd:158)
         [4] _run (res://tests/dark_fantasy_gallery_preview.gd:58)
WARNING: Adding 'FJ3351' as child to 'AnkleRPivot' will make owner 'AnatomicalSkeleton3D' inconsistent. Consider unsetting the owner beforehand.
     at: add_child (scene/main/node.cpp:1728)
     GDScript backtrace (most recent call first):
         [0] _build_reference_skeleton_rig (res://scripts/enemy.gd:235)
         [1] _build_body (res://scripts/enemy.gd:121)
         [2] build_object (res://scripts/dark_fantasy_object_catalog.gd:40)
         [3] select_object (res://scripts/dark_fantasy_gallery.gd:158)
         [4] _run (res://tests/dark_fantasy_gallery_preview.gd:58)
WARNING: Adding 'FJ3352' as child to 'HandRPivot' will make owner 'AnatomicalSkeleton3D' inconsistent. Consider unsetting the owner beforehand.
     at: add_child (scene/main/node.cpp:1728)
     GDScript backtrace (most recent call first):
         [0] _build_reference_skeleton_rig (res://scripts/enemy.gd:235)
         [1] _build_body (res://scripts/enemy.gd:121)
         [2] build_object (res://scripts/dark_fantasy_object_catalog.gd:40)
         [3] select_object (res://scripts/dark_fantasy_gallery.gd:158)
         [4] _run (res://tests/dark_fantasy_gallery_preview.gd:58)
WARNING: Adding 'FJ3353' as child to 'AnkleRPivot' will make owner 'AnatomicalSkeleton3D' inconsistent. Consider unsetting the owner beforehand.
     at: add_child (scene/main/node.cpp:1728)
     GDScript backtrace (most recent call first):
         [0] _build_reference_skeleton_rig (res://scripts/enemy.gd:235)
         [1] _build_body (res://scripts/enemy.gd:121)
         [2] build_object (res://scripts/dark_fantasy_object_catalog.gd:40)
         [3] select_object (res://scripts/dark_fantasy_gallery.gd:158)
         [4] _run (res://tests/dark_fantasy_gallery_preview.gd:58)
WARNING: Adding 'FJ3354' as child to 'HandRPivot' will make owner 'AnatomicalSkeleton3D' inconsistent. Consider unsetting the owner beforehand.
     at: add_child (scene/main/node.cpp:1728)
     GDScript backtrace (most recent call first):
         [0] _build_reference_skeleton_rig (res://scripts/enemy.gd:235)
         [1] _build_body (res://scripts/enemy.gd:121)
         [2] build_object (res://scripts/dark_fantasy_object_catalog.gd:40)
         [3] select_object (res://scripts/dark_fantasy_gallery.gd:158)
         [4] _run (res://tests/dark_fantasy_gallery_preview.gd:58)
WARNING: Adding 'FJ3355' as child to 'AnkleRPivot' will make owner 'AnatomicalSkeleton3D' inconsistent. Consider unsetting the owner beforehand.
     at: add_child (scene/main/node.cpp:1728)
     GDScript backtrace (most recent call first):
         [0] _build_reference_skeleton_rig (res://scripts/enemy.gd:235)
         [1] _build_body (res://scripts/enemy.gd:121)
         [2] build_object (res://scripts/dark_fantasy_object_catalog.gd:40)
         [3] select_object (res://scripts/dark_fantasy_gallery.gd:158)
         [4] _run (res://tests/dark_fantasy_gallery_preview.gd:58)
WARNING: Adding 'FJ3356' as child to 'HandRPivot' will make owner 'AnatomicalSkeleton3D' inconsistent. Consider unsetting the owner beforehand.
     at: add_child (scene/main/node.cpp:1728)
     GDScript backtrace (most recent call first):
         [0] _build_reference_skeleton_rig (res://scripts/enemy.gd:235)
         [1] _build_body (res://scripts/enemy.gd:121)
         [2] build_object (res://scripts/dark_fantasy_object_catalog.gd:40)
         [3] select_object (res://scripts/dark_fantasy_gallery.gd:158)
         [4] _run (res://tests/dark_fantasy_gallery_preview.gd:58)
WARNING: Adding 'FJ3357' as child to 'AnkleRPivot' will make owner 'AnatomicalSkeleton3D' inconsistent. Consider unsetting the owner beforehand.
     at: add_child (scene/main/node.cpp:1728)
     GDScript backtrace (most recent call first):
         [0] _build_reference_skeleton_rig (res://scripts/enemy.gd:235)
         [1] _build_body (res://scripts/enemy.gd:121)
         [2] build_object (res://scripts/dark_fantasy_object_catalog.gd:40)
         [3] select_object (res://scripts/dark_fantasy_gallery.gd:158)
         [4] _run (res://tests/dark_fantasy_gallery_preview.gd:58)
WARNING: Adding 'FJ3358' as child to 'HandRPivot' will make owner 'AnatomicalSkeleton3D' inconsistent. Consider unsetting the owner beforehand.
     at: add_child (scene/main/node.cpp:1728)
     GDScript backtrace (most recent call first):
         [0] _build_reference_skeleton_rig (res://scripts/enemy.gd:235)
         [1] _build_body (res://scripts/enemy.gd:121)
         [2] build_object (res://scripts/dark_fantasy_object_catalog.gd:40)
         [3] select_object (res://scripts/dark_fantasy_gallery.gd:158)
         [4] _run (res://tests/dark_fantasy_gallery_preview.gd:58)
WARNING: Adding 'FJ3359' as child to 'AnkleRPivot' will make owner 'AnatomicalSkeleton3D' inconsistent. Consider unsetting the owner beforehand.
     at: add_child (scene/main/node.cpp:1728)
     GDScript backtrace (most recent call first):
         [0] _build_reference_skeleton_rig (res://scripts/enemy.gd:235)
         [1] _build_body (res://scripts/enemy.gd:121)
         [2] build_object (res://scripts/dark_fantasy_object_catalog.gd:40)
         [3] select_object (res://scripts/dark_fantasy_gallery.gd:158)
         [4] _run (res://tests/dark_fantasy_gallery_preview.gd:58)
WARNING: Adding 'FJ3360' as child to 'AnkleRPivot' will make owner 'AnatomicalSkeleton3D' inconsistent. Consider unsetting the owner beforehand.
     at: add_child (scene/main/node.cpp:1728)
     GDScript backtrace (most recent call first):
         [0] _build_reference_skeleton_rig (res://scripts/enemy.gd:235)
         [1] _build_body (res://scripts/enemy.gd:121)
         [2] build_object (res://scripts/dark_fantasy_object_catalog.gd:40)
         [3] select_object (res://scripts/dark_fantasy_gallery.gd:158)
         [4] _run (res://tests/dark_fantasy_gallery_preview.gd:58)
WARNING: Adding 'FJ3361' as child to 'HandRPivot' will make owner 'AnatomicalSkeleton3D' inconsistent. Consider unsetting the owner beforehand.
     at: add_child (scene/main/node.cpp:1728)
     GDScript backtrace (most recent call first):
         [0] _build_reference_skeleton_rig (res://scripts/enemy.gd:235)
         [1] _build_body (res://scripts/enemy.gd:121)
         [2] build_object (res://scripts/dark_fantasy_object_catalog.gd:40)
         [3] select_object (res://scripts/dark_fantasy_gallery.gd:158)
         [4] _run (res://tests/dark_fantasy_gallery_preview.gd:58)
WARNING: Adding 'FJ3362' as child to 'ShoulderRPivot' will make owner 'AnatomicalSkeleton3D' inconsistent. Consider unsetting the owner beforehand.
     at: add_child (scene/main/node.cpp:1728)
     GDScript backtrace (most recent call first):
         [0] _build_reference_skeleton_rig (res://scripts/enemy.gd:235)
         [1] _build_body (res://scripts/enemy.gd:121)
         [2] build_object (res://scripts/dark_fantasy_object_catalog.gd:40)
         [3] select_object (res://scripts/dark_fantasy_gallery.gd:158)
         [4] _run (res://tests/dark_fantasy_gallery_preview.gd:58)
WARNING: Adding 'FJ3364' as child to 'AnkleRPivot' will make owner 'AnatomicalSkeleton3D' inconsistent. Consider unsetting the owner beforehand.
     at: add_child (scene/main/node.cpp:1728)
     GDScript backtrace (most recent call first):
         [0] _build_reference_skeleton_rig (res://scripts/enemy.gd:235)
         [1] _build_body (res://scripts/enemy.gd:121)
         [2] build_object (res://scripts/dark_fantasy_object_catalog.gd:40)
         [3] select_object (res://scripts/dark_fantasy_gallery.gd:158)
         [4] _run (res://tests/dark_fantasy_gallery_preview.gd:58)
WARNING: Adding 'FJ3365' as child to 'LegRPivot' will make owner 'AnatomicalSkeleton3D' inconsistent. Consider unsetting the owner beforehand.
     at: add_child (scene/main/node.cpp:1728)
     GDScript backtrace (most recent call first):
         [0] _build_reference_skeleton_rig (res://scripts/enemy.gd:235)
         [1] _build_body (res://scripts/enemy.gd:121)
         [2] build_object (res://scripts/dark_fantasy_object_catalog.gd:40)
         [3] select_object (res://scripts/dark_fantasy_gallery.gd:158)
         [4] _run (res://tests/dark_fantasy_gallery_preview.gd:58)
WARNING: Adding 'FJ3366' as child to 'KneeRPivot' will make owner 'AnatomicalSkeleton3D' inconsistent. Consider unsetting the owner beforehand.
     at: add_child (scene/main/node.cpp:1728)
     GDScript backtrace (most recent call first):
         [0] _build_reference_skeleton_rig (res://scripts/enemy.gd:235)
         [1] _build_body (res://scripts/enemy.gd:121)
         [2] build_object (res://scripts/dark_fantasy_object_catalog.gd:40)
         [3] select_object (res://scripts/dark_fantasy_gallery.gd:158)
         [4] _run (res://tests/dark_fantasy_gallery_preview.gd:58)
WARNING: Adding 'FJ3367' as child to 'HandRPivot' will make owner 'AnatomicalSkeleton3D' inconsistent. Consider unsetting the owner beforehand.
     at: add_child (scene/main/node.cpp:1728)
     GDScript backtrace (most recent call first):
         [0] _build_reference_skeleton_rig (res://scripts/enemy.gd:235)
         [1] _build_body (res://scripts/enemy.gd:121)
         [2] build_object (res://scripts/dark_fantasy_object_catalog.gd:40)
         [3] select_object (res://scripts/dark_fantasy_gallery.gd:158)
         [4] _run (res://tests/dark_fantasy_gallery_preview.gd:58)
WARNING: Adding 'FJ3368' as child to 'ArmRPivot' will make owner 'AnatomicalSkeleton3D' inconsistent. Consider unsetting the owner beforehand.
     at: add_child (scene/main/node.cpp:1728)
     GDScript backtrace (most recent call first):
         [0] _build_reference_skeleton_rig (res://scripts/enemy.gd:235)
         [1] _build_body (res://scripts/enemy.gd:121)
         [2] build_object (res://scripts/dark_fantasy_object_catalog.gd:40)
         [3] select_object (res://scripts/dark_fantasy_gallery.gd:158)
         [4] _run (res://tests/dark_fantasy_gallery_preview.gd:58)
WARNING: Adding 'FJ3369' as child to 'HeadPivot' will make owner 'AnatomicalSkeleton3D' inconsistent. Consider unsetting the owner beforehand.
     at: add_child (scene/main/node.cpp:1728)
     GDScript backtrace (most recent call first):
         [0] _build_reference_skeleton_rig (res://scripts/enemy.gd:235)
         [1] _build_body (res://scripts/enemy.gd:121)
         [2] build_object (res://scripts/dark_fantasy_object_catalog.gd:40)
         [3] select_object (res://scripts/dark_fantasy_gallery.gd:158)
         [4] _run (res://tests/dark_fantasy_gallery_preview.gd:58)
WARNING: Adding 'FJ3370' as child to 'AnkleRPivot' will make owner 'AnatomicalSkeleton3D' inconsistent. Consider unsetting the owner beforehand.
     at: add_child (scene/main/node.cpp:1728)
     GDScript backtrace (most recent call first):
         [0] _build_reference_skeleton_rig (res://scripts/enemy.gd:235)
         [1] _build_body (res://scripts/enemy.gd:121)
         [2] build_object (res://scripts/dark_fantasy_object_catalog.gd:40)
         [3] select_object (res://scripts/dark_fantasy_gallery.gd:158)
         [4] _run (res://tests/dark_fantasy_gallery_preview.gd:58)
WARNING: Adding 'FJ3371' as child to 'HeadPivot' will make owner 'AnatomicalSkeleton3D' inconsistent. Consider unsetting the owner beforehand.
     at: add_child (scene/main/node.cpp:1728)
     GDScript backtrace (most recent call first):
         [0] _build_reference_skeleton_rig (res://scripts/enemy.gd:235)
         [1] _build_body (res://scripts/enemy.gd:121)
         [2] build_object (res://scripts/dark_fantasy_object_catalog.gd:40)
         [3] select_object (res://scripts/dark_fantasy_gallery.gd:158)
         [4] _run (res://tests/dark_fantasy_gallery_preview.gd:58)
WARNING: Adding 'FJ3373' as child to 'AnkleRPivot' will make owner 'AnatomicalSkeleton3D' inconsistent. Consider unsetting the owner beforehand.
     at: add_child (scene/main/node.cpp:1728)
     GDScript backtrace (most recent call first):
         [0] _build_reference_skeleton_rig (res://scripts/enemy.gd:235)
         [1] _build_body (res://scripts/enemy.gd:121)
         [2] build_object (res://scripts/dark_fantasy_object_catalog.gd:40)
         [3] select_object (res://scripts/dark_fantasy_gallery.gd:158)
         [4] _run (res://tests/dark_fantasy_gallery_preview.gd:58)
WARNING: Adding 'FJ3374' as child to 'HandRPivot' will make owner 'AnatomicalSkeleton3D' inconsistent. Consider unsetting the owner beforehand.
     at: add_child (scene/main/node.cpp:1728)
     GDScript backtrace (most recent call first):
         [0] _build_reference_skeleton_rig (res://scripts/enemy.gd:235)
         [1] _build_body (res://scripts/enemy.gd:121)
         [2] build_object (res://scripts/dark_fantasy_object_catalog.gd:40)
         [3] select_object (res://scripts/dark_fantasy_gallery.gd:158)
         [4] _run (res://tests/dark_fantasy_gallery_preview.gd:58)
WARNING: Adding 'FJ3375' as child to 'HeadPivot' will make owner 'AnatomicalSkeleton3D' inconsistent. Consider unsetting the owner beforehand.
     at: add_child (scene/main/node.cpp:1728)
     GDScript backtrace (most recent call first):
         [0] _build_reference_skeleton_rig (res://scripts/enemy.gd:235)
         [1] _build_body (res://scripts/enemy.gd:121)
         [2] build_object (res://scripts/dark_fantasy_object_catalog.gd:40)
         [3] select_object (res://scripts/dark_fantasy_gallery.gd:158)
         [4] _run (res://tests/dark_fantasy_gallery_preview.gd:58)
WARNING: Adding 'FJ3377' as child to 'AnkleRPivot' will make owner 'AnatomicalSkeleton3D' inconsistent. Consider unsetting the owner beforehand.
     at: add_child (scene/main/node.cpp:1728)
     GDScript backtrace (most recent call first):
         [0] _build_reference_skeleton_rig (res://scripts/enemy.gd:235)
         [1] _build_body (res://scripts/enemy.gd:121)
         [2] build_object (res://scripts/dark_fantasy_object_catalog.gd:40)
         [3] select_object (res://scripts/dark_fantasy_gallery.gd:158)
         [4] _run (res://tests/dark_fantasy_gallery_preview.gd:58)
WARNING: Adding 'FJ3378' as child to 'HeadPivot' will make owner 'AnatomicalSkeleton3D' inconsistent. Consider unsetting the owner beforehand.
     at: add_child (scene/main/node.cpp:1728)
     GDScript backtrace (most recent call first):
         [0] _build_reference_skeleton_rig (res://scripts/enemy.gd:235)
         [1] _build_body (res://scripts/enemy.gd:121)
         [2] build_object (res://scripts/dark_fantasy_object_catalog.gd:40)
         [3] select_object (res://scripts/dark_fantasy_gallery.gd:158)
         [4] _run (res://tests/dark_fantasy_gallery_preview.gd:58)
WARNING: Adding 'FJ3379' as child to 'HeadPivot' will make owner 'AnatomicalSkeleton3D' inconsistent. Consider unsetting the owner beforehand.
     at: add_child (scene/main/node.cpp:1728)
     GDScript backtrace (most recent call first):
         [0] _build_reference_skeleton_rig (res://scripts/enemy.gd:235)
         [1] _build_body (res://scripts/enemy.gd:121)
         [2] build_object (res://scripts/dark_fantasy_object_catalog.gd:40)
         [3] select_object (res://scripts/dark_fantasy_gallery.gd:158)
         [4] _run (res://tests/dark_fantasy_gallery_preview.gd:58)
WARNING: Adding 'FJ3380' as child to 'HeadPivot' will make owner 'AnatomicalSkeleton3D' inconsistent. Consider unsetting the owner beforehand.
     at: add_child (scene/main/node.cpp:1728)
     GDScript backtrace (most recent call first):
         [0] _build_reference_skeleton_rig (res://scripts/enemy.gd:235)
         [1] _build_body (res://scripts/enemy.gd:121)
         [2] build_object (res://scripts/dark_fantasy_object_catalog.gd:40)
         [3] select_object (res://scripts/dark_fantasy_gallery.gd:158)
         [4] _run (res://tests/dark_fantasy_gallery_preview.gd:58)
WARNING: Adding 'FJ3381' as child to 'KneeRPivot' will make owner 'AnatomicalSkeleton3D' inconsistent. Consider unsetting the owner beforehand.
     at: add_child (scene/main/node.cpp:1728)
     GDScript backtrace (most recent call first):
         [0] _build_reference_skeleton_rig (res://scripts/enemy.gd:235)
         [1] _build_body (res://scripts/enemy.gd:121)
         [2] build_object (res://scripts/dark_fantasy_object_catalog.gd:40)
         [3] select_object (res://scripts/dark_fantasy_gallery.gd:158)
         [4] _run (res://tests/dark_fantasy_gallery_preview.gd:58)
WARNING: Adding 'FJ3382' as child to 'HandRPivot' will make owner 'AnatomicalSkeleton3D' inconsistent. Consider unsetting the owner beforehand.
     at: add_child (scene/main/node.cpp:1728)
     GDScript backtrace (most recent call first):
         [0] _build_reference_skeleton_rig (res://scripts/enemy.gd:235)
         [1] _build_body (res://scripts/enemy.gd:121)
         [2] build_object (res://scripts/dark_fantasy_object_catalog.gd:40)
         [3] select_object (res://scripts/dark_fantasy_gallery.gd:158)
         [4] _run (res://tests/dark_fantasy_gallery_preview.gd:58)
WARNING: Adding 'FJ3383' as child to 'HandRPivot' will make owner 'AnatomicalSkeleton3D' inconsistent. Consider unsetting the owner beforehand.
     at: add_child (scene/main/node.cpp:1728)
     GDScript backtrace (most recent call first):
         [0] _build_reference_skeleton_rig (res://scripts/enemy.gd:235)
         [1] _build_body (res://scripts/enemy.gd:121)
         [2] build_object (res://scripts/dark_fantasy_object_catalog.gd:40)
         [3] select_object (res://scripts/dark_fantasy_gallery.gd:158)
         [4] _run (res://tests/dark_fantasy_gallery_preview.gd:58)
WARNING: Adding 'FJ3384' as child to 'ShoulderRPivot' will make owner 'AnatomicalSkeleton3D' inconsistent. Consider unsetting the owner beforehand.
     at: add_child (scene/main/node.cpp:1728)
     GDScript backtrace (most recent call first):
         [0] _build_reference_skeleton_rig (res://scripts/enemy.gd:235)
         [1] _build_body (res://scripts/enemy.gd:121)
         [2] build_object (res://scripts/dark_fantasy_object_catalog.gd:40)
         [3] select_object (res://scripts/dark_fantasy_gallery.gd:158)
         [4] _run (res://tests/dark_fantasy_gallery_preview.gd:58)
WARNING: Adding 'FJ3385' as child to 'AnkleRPivot' will make owner 'AnatomicalSkeleton3D' inconsistent. Consider unsetting the owner beforehand.
     at: add_child (scene/main/node.cpp:1728)
     GDScript backtrace (most recent call first):
         [0] _build_reference_skeleton_rig (res://scripts/enemy.gd:235)
         [1] _build_body (res://scripts/enemy.gd:121)
         [2] build_object (res://scripts/dark_fantasy_object_catalog.gd:40)
         [3] select_object (res://scripts/dark_fantasy_gallery.gd:158)
         [4] _run (res://tests/dark_fantasy_gallery_preview.gd:58)
WARNING: Adding 'FJ3386' as child to 'HeadPivot' will make owner 'AnatomicalSkeleton3D' inconsistent. Consider unsetting the owner beforehand.
     at: add_child (scene/main/node.cpp:1728)
     GDScript backtrace (most recent call first):
         [0] _build_reference_skeleton_rig (res://scripts/enemy.gd:235)
         [1] _build_body (res://scripts/enemy.gd:121)
         [2] build_object (res://scripts/dark_fantasy_object_catalog.gd:40)
         [3] select_object (res://scripts/dark_fantasy_gallery.gd:158)
         [4] _run (res://tests/dark_fantasy_gallery_preview.gd:58)
WARNING: Adding 'FJ3387' as child to 'KneeRPivot' will make owner 'AnatomicalSkeleton3D' inconsistent. Consider unsetting the owner beforehand.
     at: add_child (scene/main/node.cpp:1728)
     GDScript backtrace (most recent call first):
         [0] _build_reference_skeleton_rig (res://scripts/enemy.gd:235)
         [1] _build_body (res://scripts/enemy.gd:121)
         [2] build_object (res://scripts/dark_fantasy_object_catalog.gd:40)
         [3] select_object (res://scripts/dark_fantasy_gallery.gd:158)
         [4] _run (res://tests/dark_fantasy_gallery_preview.gd:58)
WARNING: Adding 'FJ3388' as child to 'HandRPivot' will make owner 'AnatomicalSkeleton3D' inconsistent. Consider unsetting the owner beforehand.
     at: add_child (scene/main/node.cpp:1728)
     GDScript backtrace (most recent call first):
         [0] _build_reference_skeleton_rig (res://scripts/enemy.gd:235)
         [1] _build_body (res://scripts/enemy.gd:121)
         [2] build_object (res://scripts/dark_fantasy_object_catalog.gd:40)
         [3] select_object (res://scripts/dark_fantasy_gallery.gd:158)
         [4] _run (res://tests/dark_fantasy_gallery_preview.gd:58)
WARNING: Adding 'FJ3389' as child to 'HandRPivot' will make owner 'AnatomicalSkeleton3D' inconsistent. Consider unsetting the owner beforehand.
     at: add_child (scene/main/node.cpp:1728)
     GDScript backtrace (most recent call first):
         [0] _build_reference_skeleton_rig (res://scripts/enemy.gd:235)
         [1] _build_body (res://scripts/enemy.gd:121)
         [2] build_object (res://scripts/dark_fantasy_object_catalog.gd:40)
         [3] select_object (res://scripts/dark_fantasy_gallery.gd:158)
         [4] _run (res://tests/dark_fantasy_gallery_preview.gd:58)
WARNING: Adding 'FJ3390' as child to 'HandRPivot' will make owner 'AnatomicalSkeleton3D' inconsistent. Consider unsetting the owner beforehand.
     at: add_child (scene/main/node.cpp:1728)
     GDScript backtrace (most recent call first):
         [0] _build_reference_skeleton_rig (res://scripts/enemy.gd:235)
         [1] _build_body (res://scripts/enemy.gd:121)
         [2] build_object (res://scripts/dark_fantasy_object_catalog.gd:40)
         [3] select_object (res://scripts/dark_fantasy_gallery.gd:158)
         [4] _run (res://tests/dark_fantasy_gallery_preview.gd:58)
WARNING: Adding 'FJ3391' as child to 'ElbowRPivot' will make owner 'AnatomicalSkeleton3D' inconsistent. Consider unsetting the owner beforehand.
     at: add_child (scene/main/node.cpp:1728)
     GDScript backtrace (most recent call first):
         [0] _build_reference_skeleton_rig (res://scripts/enemy.gd:235)
         [1] _build_body (res://scripts/enemy.gd:121)
         [2] build_object (res://scripts/dark_fantasy_object_catalog.gd:40)
         [3] select_object (res://scripts/dark_fantasy_gallery.gd:158)
         [4] _run (res://tests/dark_fantasy_gallery_preview.gd:58)
WARNING: Adding 'FJ3392' as child to 'HeadPivot' will make owner 'AnatomicalSkeleton3D' inconsistent. Consider unsetting the owner beforehand.
     at: add_child (scene/main/node.cpp:1728)
     GDScript backtrace (most recent call first):
         [0] _build_reference_skeleton_rig (res://scripts/enemy.gd:235)
         [1] _build_body (res://scripts/enemy.gd:121)
         [2] build_object (res://scripts/dark_fantasy_object_catalog.gd:40)
         [3] select_object (res://scripts/dark_fantasy_gallery.gd:158)
         [4] _run (res://tests/dark_fantasy_gallery_preview.gd:58)
WARNING: Adding 'FJ3393' as child to 'PelvisPivot' will make owner 'AnatomicalSkeleton3D' inconsistent. Consider unsetting the owner beforehand.
     at: add_child (scene/main/node.cpp:1728)
     GDScript backtrace (most recent call first):
         [0] _build_reference_skeleton_rig (res://scripts/enemy.gd:235)
         [1] _build_body (res://scripts/enemy.gd:121)
         [2] build_object (res://scripts/dark_fantasy_object_catalog.gd:40)
         [3] select_object (res://scripts/dark_fantasy_gallery.gd:158)
         [4] _run (res://tests/dark_fantasy_gallery_preview.gd:58)
WARNING: Adding 'FJ3394' as child to 'HeadPivot' will make owner 'AnatomicalSkeleton3D' inconsistent. Consider unsetting the owner beforehand.
     at: add_child (scene/main/node.cpp:1728)
     GDScript backtrace (most recent call first):
         [0] _build_reference_skeleton_rig (res://scripts/enemy.gd:235)
         [1] _build_body (res://scripts/enemy.gd:121)
         [2] build_object (res://scripts/dark_fantasy_object_catalog.gd:40)
         [3] select_object (res://scripts/dark_fantasy_gallery.gd:158)
         [4] _run (res://tests/dark_fantasy_gallery_preview.gd:58)
WARNING: Adding 'FJ3395' as child to 'HeadPivot' will make owner 'AnatomicalSkeleton3D' inconsistent. Consider unsetting the owner beforehand.
     at: add_child (scene/main/node.cpp:1728)
     GDScript backtrace (most recent call first):
         [0] _build_reference_skeleton_rig (res://scripts/enemy.gd:235)
         [1] _build_body (res://scripts/enemy.gd:121)
         [2] build_object (res://scripts/dark_fantasy_object_catalog.gd:40)
         [3] select_object (res://scripts/dark_fantasy_gallery.gd:158)
         [4] _run (res://tests/dark_fantasy_gallery_preview.gd:58)
OBJECT CAPTURE: ossuary_keeper (93/126)
OBJECT CAPTURE: sanctuary_warden (94/126)
OBJECT CAPTURE: ice_shard (95/126)
OBJECT CAPTURE: water_bolt (96/126)
OBJECT CAPTURE: fire_bolt (97/126)
OBJECT CAPTURE: cooking_steam (98/126)
OBJECT CAPTURE: trail_stew_pot (99/126)
OBJECT CAPTURE: mushroom_soup_pot (100/126)
OBJECT CAPTURE: roasting_spit (101/126)
OBJECT CAPTURE: camp_bedroll (102/126)
OBJECT CAPTURE: campfire (103/126)
OBJECT CAPTURE: broken_altar (104/126)
OBJECT CAPTURE: crypt_ceiling (105/126)
OBJECT CAPTURE: wet_flagstone_floor (106/126)
OBJECT CAPTURE: ossuary_wall (107/126)
OBJECT CAPTURE: wet_floor_patch (108/126)
OBJECT CAPTURE: dungeon_rubble (109/126)
OBJECT CAPTURE: hanging_chain (110/126)
OBJECT CAPTURE: gothic_voussoir_arch (111/126)
OBJECT CAPTURE: rusty_vice (112/126)
OBJECT CAPTURE: whetstone (113/126)
OBJECT CAPTURE: broken_workbench (114/126)
OBJECT CAPTURE: empty_sack (115/126)
OBJECT CAPTURE: hidden_hatch (116/126)
OBJECT CAPTURE: mud_mat (117/126)
OBJECT CAPTURE: straw_bed (118/126)
OBJECT CAPTURE: water_drips (119/126)
OBJECT CAPTURE: flame_and_sparks (120/126)
OBJECT CAPTURE: wall_torch (121/126)
OBJECT CAPTURE: moss_patch (122/126)
OBJECT CAPTURE: shallow_water (123/126)
OBJECT CAPTURE: hideout_rubble (124/126)
OBJECT CAPTURE: cold_seal_rune (125/126)
OBJECT CAPTURE: weathered_skull (126/126)
DARK FANTASY GALLERY PREVIEW PASS: 126 production objects, six real-renderer directions, expedition and cursor preserved; /Users/duq711gmail.com/Documents/ChatGPT/무시무시한 rpg/asset-staging/dark_fantasy_all_objects/baseline_project/artifacts/visual_qa/dark_fantasy_objects/baseline_all_01
