[HEADLESS] test_room_test.gd
WARNING: 'res://assets/3d/player/gravebound_player.glb': In external resource #0, invalid UID: 'uid://dm6jl477iau43' - using text path instead: 'res://assets/3d/player/gravebound_player_gravebound_atlas.png'.
     at: open (core/io/resource_format_binary.cpp:1025)
     GDScript backtrace (most recent call first):
         [0] create_body (res://scripts/player_appearance.gd:16)
         [1] _ready (res://scripts/player_portrait.gd:30)
         [2] _build_equipment_panel (res://scripts/inventory_overlay.gd:334)
         [3] _build_interface (res://scripts/inventory_overlay.gd:296)
         [4] _ensure_built (res://scripts/inventory_overlay.gd:206)
         [5] _ready (res://scripts/inventory_overlay.gd:124)
         [6] _spawn_inventory_overlay (res://scripts/game.gd:511)
         [7] _ready (res://scripts/game.gd:77)
         [8] _ready (res://scripts/test_room.gd:51)
         [9] _run (res://tests/test_room_test.gd:35)
WARNING: 'res://assets/3d/player/gravebound_player.glb': In external resource #1, invalid UID: 'uid://db7derc61j4ws' - using text path instead: 'res://assets/3d/player/gravebound_player_supplied_hand_basecolor.png'.
     at: open (core/io/resource_format_binary.cpp:1025)
     GDScript backtrace (most recent call first):
         [0] create_body (res://scripts/player_appearance.gd:16)
         [1] _ready (res://scripts/player_portrait.gd:30)
         [2] _build_equipment_panel (res://scripts/inventory_overlay.gd:334)
         [3] _build_interface (res://scripts/inventory_overlay.gd:296)
         [4] _ensure_built (res://scripts/inventory_overlay.gd:206)
         [5] _ready (res://scripts/inventory_overlay.gd:124)
         [6] _spawn_inventory_overlay (res://scripts/game.gd:511)
         [7] _ready (res://scripts/game.gd:77)
         [8] _ready (res://scripts/test_room.gd:51)
         [9] _run (res://tests/test_room_test.gd:35)
WARNING: 'res://assets/3d/player/gravebound_player.glb': In external resource #2, invalid UID: 'uid://3gixep4uts2t' - using text path instead: 'res://assets/3d/player/gravebound_player_supplied_hand_roughness.png'.
     at: open (core/io/resource_format_binary.cpp:1025)
     GDScript backtrace (most recent call first):
         [0] create_body (res://scripts/player_appearance.gd:16)
         [1] _ready (res://scripts/player_portrait.gd:30)
         [2] _build_equipment_panel (res://scripts/inventory_overlay.gd:334)
         [3] _build_interface (res://scripts/inventory_overlay.gd:296)
         [4] _ensure_built (res://scripts/inventory_overlay.gd:206)
         [5] _ready (res://scripts/inventory_overlay.gd:124)
         [6] _spawn_inventory_overlay (res://scripts/game.gd:511)
         [7] _ready (res://scripts/game.gd:77)
         [8] _ready (res://scripts/test_room.gd:51)
         [9] _run (res://tests/test_room_test.gd:35)
WARNING: 'res://assets/3d/player/gravebound_player.glb': In external resource #3, invalid UID: 'uid://pw5q8ytfy0uh' - using text path instead: 'res://assets/3d/player/gravebound_player_supplied_hand_normal.png'.
     at: open (core/io/resource_format_binary.cpp:1025)
     GDScript backtrace (most recent call first):
         [0] create_body (res://scripts/player_appearance.gd:16)
         [1] _ready (res://scripts/player_portrait.gd:30)
         [2] _build_equipment_panel (res://scripts/inventory_overlay.gd:334)
         [3] _build_interface (res://scripts/inventory_overlay.gd:296)
         [4] _ensure_built (res://scripts/inventory_overlay.gd:206)
         [5] _ready (res://scripts/inventory_overlay.gd:124)
         [6] _spawn_inventory_overlay (res://scripts/game.gd:511)
         [7] _ready (res://scripts/game.gd:77)
         [8] _ready (res://scripts/test_room.gd:51)
         [9] _run (res://tests/test_room_test.gd:35)
WARNING: 'res://assets/3d/player/gravebound_player.glb': In external resource #0, invalid UID: 'uid://dm6jl477iau43' - using text path instead: 'res://assets/3d/player/gravebound_player_gravebound_atlas.png'.
     at: open (core/io/resource_format_binary.cpp:1025)
     GDScript backtrace (most recent call first):
         [0] create_body (res://scripts/player_appearance.gd:16)
         [1] _build_body (res://scripts/player.gd:324)
         [2] _ready (res://scripts/player.gd:305)
         [3] _spawn_player (res://scripts/game.gd:519)
         [4] _ready (res://scripts/game.gd:78)
         [5] _ready (res://scripts/test_room.gd:51)
         [6] _run (res://tests/test_room_test.gd:35)
WARNING: 'res://assets/3d/player/gravebound_player.glb': In external resource #1, invalid UID: 'uid://db7derc61j4ws' - using text path instead: 'res://assets/3d/player/gravebound_player_supplied_hand_basecolor.png'.
     at: open (core/io/resource_format_binary.cpp:1025)
     GDScript backtrace (most recent call first):
         [0] create_body (res://scripts/player_appearance.gd:16)
         [1] _build_body (res://scripts/player.gd:324)
         [2] _ready (res://scripts/player.gd:305)
         [3] _spawn_player (res://scripts/game.gd:519)
         [4] _ready (res://scripts/game.gd:78)
         [5] _ready (res://scripts/test_room.gd:51)
         [6] _run (res://tests/test_room_test.gd:35)
WARNING: 'res://assets/3d/player/gravebound_player.glb': In external resource #2, invalid UID: 'uid://3gixep4uts2t' - using text path instead: 'res://assets/3d/player/gravebound_player_supplied_hand_roughness.png'.
     at: open (core/io/resource_format_binary.cpp:1025)
     GDScript backtrace (most recent call first):
         [0] create_body (res://scripts/player_appearance.gd:16)
         [1] _build_body (res://scripts/player.gd:324)
         [2] _ready (res://scripts/player.gd:305)
         [3] _spawn_player (res://scripts/game.gd:519)
         [4] _ready (res://scripts/game.gd:78)
         [5] _ready (res://scripts/test_room.gd:51)
         [6] _run (res://tests/test_room_test.gd:35)
WARNING: 'res://assets/3d/player/gravebound_player.glb': In external resource #3, invalid UID: 'uid://pw5q8ytfy0uh' - using text path instead: 'res://assets/3d/player/gravebound_player_supplied_hand_normal.png'.
     at: open (core/io/resource_format_binary.cpp:1025)
     GDScript backtrace (most recent call first):
         [0] create_body (res://scripts/player_appearance.gd:16)
         [1] _build_body (res://scripts/player.gd:324)
         [2] _ready (res://scripts/player.gd:305)
         [3] _spawn_player (res://scripts/game.gd:519)
         [4] _ready (res://scripts/game.gd:78)
         [5] _ready (res://scripts/test_room.gd:51)
         [6] _run (res://tests/test_room_test.gd:35)
WARNING: 'res://assets/3d/player/hands_detailed/right_hand_detailed.glb': In external resource #3, invalid UID: 'uid://cu1eumo53ivs' - using text path instead: 'res://assets/3d/player/hands_detailed/right_hand_detailed_supplied_hand_basecolor.png'.
     at: open (core/io/resource_format_binary.cpp:1025)
     GDScript backtrace (most recent call first):
         [0] setup (res://scripts/greybox_arm_visual.gd:57)
         [1] set_visual_profile (res://scripts/player_arm_visual.gd:132)
         [2] setup (res://scripts/player_arm_visual.gd:36)
         [3] _add_character_arm (res://scripts/player.gd:2503)
         [4] _build_viewmodel (res://scripts/player.gd:363)
         [5] _ready (res://scripts/player.gd:306)
         [6] _spawn_player (res://scripts/game.gd:519)
         [7] _ready (res://scripts/game.gd:78)
         [8] _ready (res://scripts/test_room.gd:51)
         [9] _run (res://tests/test_room_test.gd:35)
WARNING: 'res://assets/3d/player/hands_detailed/right_hand_detailed.glb': In external resource #4, invalid UID: 'uid://cpiw2d3wy8jwl' - using text path instead: 'res://assets/3d/player/hands_detailed/right_hand_detailed_supplied_hand_roughness.png'.
     at: open (core/io/resource_format_binary.cpp:1025)
     GDScript backtrace (most recent call first):
         [0] setup (res://scripts/greybox_arm_visual.gd:57)
         [1] set_visual_profile (res://scripts/player_arm_visual.gd:132)
         [2] setup (res://scripts/player_arm_visual.gd:36)
         [3] _add_character_arm (res://scripts/player.gd:2503)
         [4] _build_viewmodel (res://scripts/player.gd:363)
         [5] _ready (res://scripts/player.gd:306)
         [6] _spawn_player (res://scripts/game.gd:519)
         [7] _ready (res://scripts/game.gd:78)
         [8] _ready (res://scripts/test_room.gd:51)
         [9] _run (res://tests/test_room_test.gd:35)
WARNING: 'res://assets/3d/player/hands_detailed/right_hand_detailed.glb': In external resource #5, invalid UID: 'uid://cvh246lgxjk3t' - using text path instead: 'res://assets/3d/player/hands_detailed/right_hand_detailed_supplied_hand_normal.png'.
     at: open (core/io/resource_format_binary.cpp:1025)
     GDScript backtrace (most recent call first):
         [0] setup (res://scripts/greybox_arm_visual.gd:57)
         [1] set_visual_profile (res://scripts/player_arm_visual.gd:132)
         [2] setup (res://scripts/player_arm_visual.gd:36)
         [3] _add_character_arm (res://scripts/player.gd:2503)
         [4] _build_viewmodel (res://scripts/player.gd:363)
         [5] _ready (res://scripts/player.gd:306)
         [6] _spawn_player (res://scripts/game.gd:519)
         [7] _ready (res://scripts/game.gd:78)
         [8] _ready (res://scripts/test_room.gd:51)
         [9] _run (res://tests/test_room_test.gd:35)
WARNING: 'res://assets/3d/player/hands_detailed/left_hand_detailed.glb': In external resource #3, invalid UID: 'uid://cnhahwnl7bb4j' - using text path instead: 'res://assets/3d/player/hands_detailed/left_hand_detailed_supplied_hand_basecolor.png'.
     at: open (core/io/resource_format_binary.cpp:1025)
     GDScript backtrace (most recent call first):
         [0] setup (res://scripts/greybox_arm_visual.gd:57)
         [1] set_visual_profile (res://scripts/player_arm_visual.gd:132)
         [2] setup (res://scripts/player_arm_visual.gd:36)
         [3] _add_character_arm (res://scripts/player.gd:2503)
         [4] _build_equipped_torch (res://scripts/player.gd:516)
         [5] _build_viewmodel (res://scripts/player.gd:371)
         [6] _ready (res://scripts/player.gd:306)
         [7] _spawn_player (res://scripts/game.gd:519)
         [8] _ready (res://scripts/game.gd:78)
         [9] _ready (res://scripts/test_room.gd:51)
         [10] _run (res://tests/test_room_test.gd:35)
WARNING: 'res://assets/3d/player/hands_detailed/left_hand_detailed.glb': In external resource #4, invalid UID: 'uid://ca83fge411pjy' - using text path instead: 'res://assets/3d/player/hands_detailed/left_hand_detailed_supplied_hand_roughness.png'.
     at: open (core/io/resource_format_binary.cpp:1025)
     GDScript backtrace (most recent call first):
         [0] setup (res://scripts/greybox_arm_visual.gd:57)
         [1] set_visual_profile (res://scripts/player_arm_visual.gd:132)
         [2] setup (res://scripts/player_arm_visual.gd:36)
         [3] _add_character_arm (res://scripts/player.gd:2503)
         [4] _build_equipped_torch (res://scripts/player.gd:516)
         [5] _build_viewmodel (res://scripts/player.gd:371)
         [6] _ready (res://scripts/player.gd:306)
         [7] _spawn_player (res://scripts/game.gd:519)
         [8] _ready (res://scripts/game.gd:78)
         [9] _ready (res://scripts/test_room.gd:51)
         [10] _run (res://tests/test_room_test.gd:35)
WARNING: 'res://assets/3d/player/hands_detailed/left_hand_detailed.glb': In external resource #5, invalid UID: 'uid://cl2lpb26x10rr' - using text path instead: 'res://assets/3d/player/hands_detailed/left_hand_detailed_supplied_hand_normal.png'.
     at: open (core/io/resource_format_binary.cpp:1025)
     GDScript backtrace (most recent call first):
         [0] setup (res://scripts/greybox_arm_visual.gd:57)
         [1] set_visual_profile (res://scripts/player_arm_visual.gd:132)
         [2] setup (res://scripts/player_arm_visual.gd:36)
         [3] _add_character_arm (res://scripts/player.gd:2503)
         [4] _build_equipped_torch (res://scripts/player.gd:516)
         [5] _build_viewmodel (res://scripts/player.gd:371)
         [6] _ready (res://scripts/player.gd:306)
         [7] _spawn_player (res://scripts/game.gd:519)
         [8] _ready (res://scripts/game.gd:78)
         [9] _ready (res://scripts/test_room.gd:51)
         [10] _run (res://tests/test_room_test.gd:35)
WARNING: 'res://assets/3d/player/hands_detailed/left_hand_detailed.glb': In external resource #3, invalid UID: 'uid://cnhahwnl7bb4j' - using text path instead: 'res://assets/3d/player/hands_detailed/left_hand_detailed_supplied_hand_basecolor.png'.
     at: open (core/io/resource_format_binary.cpp:1025)
     GDScript backtrace (most recent call first):
         [0] setup (res://scripts/greybox_arm_visual.gd:57)
         [1] set_visual_profile (res://scripts/player_arm_visual.gd:132)
         [2] setup (res://scripts/player_arm_visual.gd:36)
         [3] _add_character_arm (res://scripts/player.gd:2503)
         [4] _build_viewmodel (res://scripts/player.gd:375)
         [5] _ready (res://scripts/player.gd:306)
         [6] _spawn_player (res://scripts/game.gd:519)
         [7] _ready (res://scripts/game.gd:78)
         [8] _ready (res://scripts/test_room.gd:51)
         [9] _run (res://tests/test_room_test.gd:35)
WARNING: 'res://assets/3d/player/hands_detailed/left_hand_detailed.glb': In external resource #4, invalid UID: 'uid://ca83fge411pjy' - using text path instead: 'res://assets/3d/player/hands_detailed/left_hand_detailed_supplied_hand_roughness.png'.
     at: open (core/io/resource_format_binary.cpp:1025)
     GDScript backtrace (most recent call first):
         [0] setup (res://scripts/greybox_arm_visual.gd:57)
         [1] set_visual_profile (res://scripts/player_arm_visual.gd:132)
         [2] setup (res://scripts/player_arm_visual.gd:36)
         [3] _add_character_arm (res://scripts/player.gd:2503)
         [4] _build_viewmodel (res://scripts/player.gd:375)
         [5] _ready (res://scripts/player.gd:306)
         [6] _spawn_player (res://scripts/game.gd:519)
         [7] _ready (res://scripts/game.gd:78)
         [8] _ready (res://scripts/test_room.gd:51)
         [9] _run (res://tests/test_room_test.gd:35)
WARNING: 'res://assets/3d/player/hands_detailed/left_hand_detailed.glb': In external resource #5, invalid UID: 'uid://cl2lpb26x10rr' - using text path instead: 'res://assets/3d/player/hands_detailed/left_hand_detailed_supplied_hand_normal.png'.
     at: open (core/io/resource_format_binary.cpp:1025)
     GDScript backtrace (most recent call first):
         [0] setup (res://scripts/greybox_arm_visual.gd:57)
         [1] set_visual_profile (res://scripts/player_arm_visual.gd:132)
         [2] setup (res://scripts/player_arm_visual.gd:36)
         [3] _add_character_arm (res://scripts/player.gd:2503)
         [4] _build_viewmodel (res://scripts/player.gd:375)
         [5] _ready (res://scripts/player.gd:306)
         [6] _spawn_player (res://scripts/game.gd:519)
         [7] _ready (res://scripts/game.gd:78)
         [8] _ready (res://scripts/test_room.gd:51)
         [9] _run (res://tests/test_room_test.gd:35)
WARNING: 'res://assets/3d/player/hands_detailed/right_hand_detailed.glb': In external resource #3, invalid UID: 'uid://cu1eumo53ivs' - using text path instead: 'res://assets/3d/player/hands_detailed/right_hand_detailed_supplied_hand_basecolor.png'.
     at: open (core/io/resource_format_binary.cpp:1025)
     GDScript backtrace (most recent call first):
         [0] setup (res://scripts/greybox_arm_visual.gd:57)
         [1] set_visual_profile (res://scripts/player_arm_visual.gd:132)
         [2] setup (res://scripts/player_arm_visual.gd:36)
         [3] _add_character_arm (res://scripts/player.gd:2503)
         [4] _build_viewmodel (res://scripts/player.gd:377)
         [5] _ready (res://scripts/player.gd:306)
         [6] _spawn_player (res://scripts/game.gd:519)
         [7] _ready (res://scripts/game.gd:78)
         [8] _ready (res://scripts/test_room.gd:51)
         [9] _run (res://tests/test_room_test.gd:35)
WARNING: 'res://assets/3d/player/hands_detailed/right_hand_detailed.glb': In external resource #4, invalid UID: 'uid://cpiw2d3wy8jwl' - using text path instead: 'res://assets/3d/player/hands_detailed/right_hand_detailed_supplied_hand_roughness.png'.
     at: open (core/io/resource_format_binary.cpp:1025)
     GDScript backtrace (most recent call first):
         [0] setup (res://scripts/greybox_arm_visual.gd:57)
         [1] set_visual_profile (res://scripts/player_arm_visual.gd:132)
         [2] setup (res://scripts/player_arm_visual.gd:36)
         [3] _add_character_arm (res://scripts/player.gd:2503)
         [4] _build_viewmodel (res://scripts/player.gd:377)
         [5] _ready (res://scripts/player.gd:306)
         [6] _spawn_player (res://scripts/game.gd:519)
         [7] _ready (res://scripts/game.gd:78)
         [8] _ready (res://scripts/test_room.gd:51)
         [9] _run (res://tests/test_room_test.gd:35)
WARNING: 'res://assets/3d/player/hands_detailed/right_hand_detailed.glb': In external resource #5, invalid UID: 'uid://cvh246lgxjk3t' - using text path instead: 'res://assets/3d/player/hands_detailed/right_hand_detailed_supplied_hand_normal.png'.
     at: open (core/io/resource_format_binary.cpp:1025)
     GDScript backtrace (most recent call first):
         [0] setup (res://scripts/greybox_arm_visual.gd:57)
         [1] set_visual_profile (res://scripts/player_arm_visual.gd:132)
         [2] setup (res://scripts/player_arm_visual.gd:36)
         [3] _add_character_arm (res://scripts/player.gd:2503)
         [4] _build_viewmodel (res://scripts/player.gd:377)
         [5] _ready (res://scripts/player.gd:306)
         [6] _spawn_player (res://scripts/game.gd:519)
         [7] _ready (res://scripts/game.gd:78)
         [8] _ready (res://scripts/test_room.gd:51)
         [9] _run (res://tests/test_room_test.gd:35)
WARNING: 'res://assets/3d/player/hands_detailed/left_hand_detailed.glb': In external resource #3, invalid UID: 'uid://cnhahwnl7bb4j' - using text path instead: 'res://assets/3d/player/hands_detailed/left_hand_detailed_supplied_hand_basecolor.png'.
     at: open (core/io/resource_format_binary.cpp:1025)
     GDScript backtrace (most recent call first):
         [0] setup (res://scripts/greybox_arm_visual.gd:57)
         [1] set_visual_profile (res://scripts/player_arm_visual.gd:132)
         [2] setup (res://scripts/player_arm_visual.gd:36)
         [3] _build_hand (res://scripts/chest_hand_visuals.gd:128)
         [4] _ensure_built (res://scripts/chest_hand_visuals.gd:116)
         [5] setup (res://scripts/chest_hand_visuals.gd:26)
         [6] _build_viewmodel (res://scripts/player.gd:382)
         [7] _ready (res://scripts/player.gd:306)
         [8] _spawn_player (res://scripts/game.gd:519)
         [9] _ready (res://scripts/game.gd:78)
         [10] _ready (res://scripts/test_room.gd:51)
         [11] _run (res://tests/test_room_test.gd:35)
WARNING: 'res://assets/3d/player/hands_detailed/left_hand_detailed.glb': In external resource #4, invalid UID: 'uid://ca83fge411pjy' - using text path instead: 'res://assets/3d/player/hands_detailed/left_hand_detailed_supplied_hand_roughness.png'.
     at: open (core/io/resource_format_binary.cpp:1025)
     GDScript backtrace (most recent call first):
         [0] setup (res://scripts/greybox_arm_visual.gd:57)
         [1] set_visual_profile (res://scripts/player_arm_visual.gd:132)
         [2] setup (res://scripts/player_arm_visual.gd:36)
         [3] _build_hand (res://scripts/chest_hand_visuals.gd:128)
         [4] _ensure_built (res://scripts/chest_hand_visuals.gd:116)
         [5] setup (res://scripts/chest_hand_visuals.gd:26)
         [6] _build_viewmodel (res://scripts/player.gd:382)
         [7] _ready (res://scripts/player.gd:306)
         [8] _spawn_player (res://scripts/game.gd:519)
         [9] _ready (res://scripts/game.gd:78)
         [10] _ready (res://scripts/test_room.gd:51)
         [11] _run (res://tests/test_room_test.gd:35)
WARNING: 'res://assets/3d/player/hands_detailed/left_hand_detailed.glb': In external resource #5, invalid UID: 'uid://cl2lpb26x10rr' - using text path instead: 'res://assets/3d/player/hands_detailed/left_hand_detailed_supplied_hand_normal.png'.
     at: open (core/io/resource_format_binary.cpp:1025)
     GDScript backtrace (most recent call first):
         [0] setup (res://scripts/greybox_arm_visual.gd:57)
         [1] set_visual_profile (res://scripts/player_arm_visual.gd:132)
         [2] setup (res://scripts/player_arm_visual.gd:36)
         [3] _build_hand (res://scripts/chest_hand_visuals.gd:128)
         [4] _ensure_built (res://scripts/chest_hand_visuals.gd:116)
         [5] setup (res://scripts/chest_hand_visuals.gd:26)
         [6] _build_viewmodel (res://scripts/player.gd:382)
         [7] _ready (res://scripts/player.gd:306)
         [8] _spawn_player (res://scripts/game.gd:519)
         [9] _ready (res://scripts/game.gd:78)
         [10] _ready (res://scripts/test_room.gd:51)
         [11] _run (res://tests/test_room_test.gd:35)
WARNING: 'res://assets/3d/player/hands_detailed/right_hand_detailed.glb': In external resource #3, invalid UID: 'uid://cu1eumo53ivs' - using text path instead: 'res://assets/3d/player/hands_detailed/right_hand_detailed_supplied_hand_basecolor.png'.
     at: open (core/io/resource_format_binary.cpp:1025)
     GDScript backtrace (most recent call first):
         [0] setup (res://scripts/greybox_arm_visual.gd:57)
         [1] set_visual_profile (res://scripts/player_arm_visual.gd:132)
         [2] setup (res://scripts/player_arm_visual.gd:36)
         [3] _build_hand (res://scripts/chest_hand_visuals.gd:128)
         [4] _ensure_built (res://scripts/chest_hand_visuals.gd:117)
         [5] setup (res://scripts/chest_hand_visuals.gd:26)
         [6] _build_viewmodel (res://scripts/player.gd:382)
         [7] _ready (res://scripts/player.gd:306)
         [8] _spawn_player (res://scripts/game.gd:519)
         [9] _ready (res://scripts/game.gd:78)
         [10] _ready (res://scripts/test_room.gd:51)
         [11] _run (res://tests/test_room_test.gd:35)
WARNING: 'res://assets/3d/player/hands_detailed/right_hand_detailed.glb': In external resource #4, invalid UID: 'uid://cpiw2d3wy8jwl' - using text path instead: 'res://assets/3d/player/hands_detailed/right_hand_detailed_supplied_hand_roughness.png'.
     at: open (core/io/resource_format_binary.cpp:1025)
     GDScript backtrace (most recent call first):
         [0] setup (res://scripts/greybox_arm_visual.gd:57)
         [1] set_visual_profile (res://scripts/player_arm_visual.gd:132)
         [2] setup (res://scripts/player_arm_visual.gd:36)
         [3] _build_hand (res://scripts/chest_hand_visuals.gd:128)
         [4] _ensure_built (res://scripts/chest_hand_visuals.gd:117)
         [5] setup (res://scripts/chest_hand_visuals.gd:26)
         [6] _build_viewmodel (res://scripts/player.gd:382)
         [7] _ready (res://scripts/player.gd:306)
         [8] _spawn_player (res://scripts/game.gd:519)
         [9] _ready (res://scripts/game.gd:78)
         [10] _ready (res://scripts/test_room.gd:51)
         [11] _run (res://tests/test_room_test.gd:35)
WARNING: 'res://assets/3d/player/hands_detailed/right_hand_detailed.glb': In external resource #5, invalid UID: 'uid://cvh246lgxjk3t' - using text path instead: 'res://assets/3d/player/hands_detailed/right_hand_detailed_supplied_hand_normal.png'.
     at: open (core/io/resource_format_binary.cpp:1025)
     GDScript backtrace (most recent call first):
         [0] setup (res://scripts/greybox_arm_visual.gd:57)
         [1] set_visual_profile (res://scripts/player_arm_visual.gd:132)
         [2] setup (res://scripts/player_arm_visual.gd:36)
         [3] _build_hand (res://scripts/chest_hand_visuals.gd:128)
         [4] _ensure_built (res://scripts/chest_hand_visuals.gd:117)
         [5] setup (res://scripts/chest_hand_visuals.gd:26)
         [6] _build_viewmodel (res://scripts/player.gd:382)
         [7] _ready (res://scripts/player.gd:306)
         [8] _spawn_player (res://scripts/game.gd:519)
         [9] _ready (res://scripts/game.gd:78)
         [10] _ready (res://scripts/test_room.gd:51)
         [11] _run (res://tests/test_room_test.gd:35)
WARNING: 'res://assets/3d/player/gravebound_player.glb': In external resource #0, invalid UID: 'uid://dm6jl477iau43' - using text path instead: 'res://assets/3d/player/gravebound_player_gravebound_atlas.png'.
     at: open (core/io/resource_format_binary.cpp:1025)
     GDScript backtrace (most recent call first):
         [0] create_body (res://scripts/player_appearance.gd:16)
         [1] _ready (res://scripts/player_portrait.gd:30)
         [2] _build_equipment_panel (res://scripts/inventory_overlay.gd:334)
         [3] _build_interface (res://scripts/inventory_overlay.gd:296)
         [4] _ensure_built (res://scripts/inventory_overlay.gd:206)
         [5] _ready (res://scripts/inventory_overlay.gd:124)
         [6] _spawn_inventory_overlay (res://scripts/game.gd:511)
         [7] _ready (res://scripts/game.gd:77)
         [8] _ready (res://scripts/test_room.gd:51)
WARNING: 'res://assets/3d/player/gravebound_player.glb': In external resource #1, invalid UID: 'uid://db7derc61j4ws' - using text path instead: 'res://assets/3d/player/gravebound_player_supplied_hand_basecolor.png'.
     at: open (core/io/resource_format_binary.cpp:1025)
     GDScript backtrace (most recent call first):
         [0] create_body (res://scripts/player_appearance.gd:16)
         [1] _ready (res://scripts/player_portrait.gd:30)
         [2] _build_equipment_panel (res://scripts/inventory_overlay.gd:334)
         [3] _build_interface (res://scripts/inventory_overlay.gd:296)
         [4] _ensure_built (res://scripts/inventory_overlay.gd:206)
         [5] _ready (res://scripts/inventory_overlay.gd:124)
         [6] _spawn_inventory_overlay (res://scripts/game.gd:511)
         [7] _ready (res://scripts/game.gd:77)
         [8] _ready (res://scripts/test_room.gd:51)
WARNING: 'res://assets/3d/player/gravebound_player.glb': In external resource #2, invalid UID: 'uid://3gixep4uts2t' - using text path instead: 'res://assets/3d/player/gravebound_player_supplied_hand_roughness.png'.
     at: open (core/io/resource_format_binary.cpp:1025)
     GDScript backtrace (most recent call first):
         [0] create_body (res://scripts/player_appearance.gd:16)
         [1] _ready (res://scripts/player_portrait.gd:30)
         [2] _build_equipment_panel (res://scripts/inventory_overlay.gd:334)
         [3] _build_interface (res://scripts/inventory_overlay.gd:296)
         [4] _ensure_built (res://scripts/inventory_overlay.gd:206)
         [5] _ready (res://scripts/inventory_overlay.gd:124)
         [6] _spawn_inventory_overlay (res://scripts/game.gd:511)
         [7] _ready (res://scripts/game.gd:77)
         [8] _ready (res://scripts/test_room.gd:51)
WARNING: 'res://assets/3d/player/gravebound_player.glb': In external resource #3, invalid UID: 'uid://pw5q8ytfy0uh' - using text path instead: 'res://assets/3d/player/gravebound_player_supplied_hand_normal.png'.
     at: open (core/io/resource_format_binary.cpp:1025)
     GDScript backtrace (most recent call first):
         [0] create_body (res://scripts/player_appearance.gd:16)
         [1] _ready (res://scripts/player_portrait.gd:30)
         [2] _build_equipment_panel (res://scripts/inventory_overlay.gd:334)
         [3] _build_interface (res://scripts/inventory_overlay.gd:296)
         [4] _ensure_built (res://scripts/inventory_overlay.gd:206)
         [5] _ready (res://scripts/inventory_overlay.gd:124)
         [6] _spawn_inventory_overlay (res://scripts/game.gd:511)
         [7] _ready (res://scripts/game.gd:77)
         [8] _ready (res://scripts/test_room.gd:51)
WARNING: 'res://assets/3d/player/gravebound_player.glb': In external resource #0, invalid UID: 'uid://dm6jl477iau43' - using text path instead: 'res://assets/3d/player/gravebound_player_gravebound_atlas.png'.
     at: open (core/io/resource_format_binary.cpp:1025)
     GDScript backtrace (most recent call first):
         [0] create_body (res://scripts/player_appearance.gd:16)
         [1] _build_body (res://scripts/player.gd:324)
         [2] _ready (res://scripts/player.gd:305)
         [3] _spawn_player (res://scripts/game.gd:519)
         [4] _ready (res://scripts/game.gd:78)
         [5] _ready (res://scripts/test_room.gd:51)
WARNING: 'res://assets/3d/player/gravebound_player.glb': In external resource #1, invalid UID: 'uid://db7derc61j4ws' - using text path instead: 'res://assets/3d/player/gravebound_player_supplied_hand_basecolor.png'.
     at: open (core/io/resource_format_binary.cpp:1025)
     GDScript backtrace (most recent call first):
         [0] create_body (res://scripts/player_appearance.gd:16)
         [1] _build_body (res://scripts/player.gd:324)
         [2] _ready (res://scripts/player.gd:305)
         [3] _spawn_player (res://scripts/game.gd:519)
         [4] _ready (res://scripts/game.gd:78)
         [5] _ready (res://scripts/test_room.gd:51)
WARNING: 'res://assets/3d/player/gravebound_player.glb': In external resource #2, invalid UID: 'uid://3gixep4uts2t' - using text path instead: 'res://assets/3d/player/gravebound_player_supplied_hand_roughness.png'.
     at: open (core/io/resource_format_binary.cpp:1025)
     GDScript backtrace (most recent call first):
         [0] create_body (res://scripts/player_appearance.gd:16)
         [1] _build_body (res://scripts/player.gd:324)
         [2] _ready (res://scripts/player.gd:305)
         [3] _spawn_player (res://scripts/game.gd:519)
         [4] _ready (res://scripts/game.gd:78)
         [5] _ready (res://scripts/test_room.gd:51)
WARNING: 'res://assets/3d/player/gravebound_player.glb': In external resource #3, invalid UID: 'uid://pw5q8ytfy0uh' - using text path instead: 'res://assets/3d/player/gravebound_player_supplied_hand_normal.png'.
     at: open (core/io/resource_format_binary.cpp:1025)
     GDScript backtrace (most recent call first):
         [0] create_body (res://scripts/player_appearance.gd:16)
         [1] _build_body (res://scripts/player.gd:324)
         [2] _ready (res://scripts/player.gd:305)
         [3] _spawn_player (res://scripts/game.gd:519)
         [4] _ready (res://scripts/game.gd:78)
         [5] _ready (res://scripts/test_room.gd:51)
WARNING: 'res://assets/3d/player/hands_detailed/right_hand_detailed.glb': In external resource #3, invalid UID: 'uid://cu1eumo53ivs' - using text path instead: 'res://assets/3d/player/hands_detailed/right_hand_detailed_supplied_hand_basecolor.png'.
     at: open (core/io/resource_format_binary.cpp:1025)
     GDScript backtrace (most recent call first):
         [0] setup (res://scripts/greybox_arm_visual.gd:57)
         [1] set_visual_profile (res://scripts/player_arm_visual.gd:132)
         [2] setup (res://scripts/player_arm_visual.gd:36)
         [3] _add_character_arm (res://scripts/player.gd:2503)
         [4] _build_viewmodel (res://scripts/player.gd:363)
         [5] _ready (res://scripts/player.gd:306)
         [6] _spawn_player (res://scripts/game.gd:519)
         [7] _ready (res://scripts/game.gd:78)
         [8] _ready (res://scripts/test_room.gd:51)
WARNING: 'res://assets/3d/player/hands_detailed/right_hand_detailed.glb': In external resource #4, invalid UID: 'uid://cpiw2d3wy8jwl' - using text path instead: 'res://assets/3d/player/hands_detailed/right_hand_detailed_supplied_hand_roughness.png'.
     at: open (core/io/resource_format_binary.cpp:1025)
     GDScript backtrace (most recent call first):
         [0] setup (res://scripts/greybox_arm_visual.gd:57)
         [1] set_visual_profile (res://scripts/player_arm_visual.gd:132)
         [2] setup (res://scripts/player_arm_visual.gd:36)
         [3] _add_character_arm (res://scripts/player.gd:2503)
         [4] _build_viewmodel (res://scripts/player.gd:363)
         [5] _ready (res://scripts/player.gd:306)
         [6] _spawn_player (res://scripts/game.gd:519)
         [7] _ready (res://scripts/game.gd:78)
         [8] _ready (res://scripts/test_room.gd:51)
WARNING: 'res://assets/3d/player/hands_detailed/right_hand_detailed.glb': In external resource #5, invalid UID: 'uid://cvh246lgxjk3t' - using text path instead: 'res://assets/3d/player/hands_detailed/right_hand_detailed_supplied_hand_normal.png'.
     at: open (core/io/resource_format_binary.cpp:1025)
     GDScript backtrace (most recent call first):
         [0] setup (res://scripts/greybox_arm_visual.gd:57)
         [1] set_visual_profile (res://scripts/player_arm_visual.gd:132)
         [2] setup (res://scripts/player_arm_visual.gd:36)
         [3] _add_character_arm (res://scripts/player.gd:2503)
         [4] _build_viewmodel (res://scripts/player.gd:363)
         [5] _ready (res://scripts/player.gd:306)
         [6] _spawn_player (res://scripts/game.gd:519)
         [7] _ready (res://scripts/game.gd:78)
         [8] _ready (res://scripts/test_room.gd:51)
WARNING: 'res://assets/3d/player/hands_detailed/left_hand_detailed.glb': In external resource #3, invalid UID: 'uid://cnhahwnl7bb4j' - using text path instead: 'res://assets/3d/player/hands_detailed/left_hand_detailed_supplied_hand_basecolor.png'.
     at: open (core/io/resource_format_binary.cpp:1025)
     GDScript backtrace (most recent call first):
         [0] setup (res://scripts/greybox_arm_visual.gd:57)
         [1] set_visual_profile (res://scripts/player_arm_visual.gd:132)
         [2] setup (res://scripts/player_arm_visual.gd:36)
         [3] _add_character_arm (res://scripts/player.gd:2503)
         [4] _build_equipped_torch (res://scripts/player.gd:516)
         [5] _build_viewmodel (res://scripts/player.gd:371)
         [6] _ready (res://scripts/player.gd:306)
         [7] _spawn_player (res://scripts/game.gd:519)
         [8] _ready (res://scripts/game.gd:78)
         [9] _ready (res://scripts/test_room.gd:51)
WARNING: 'res://assets/3d/player/hands_detailed/left_hand_detailed.glb': In external resource #4, invalid UID: 'uid://ca83fge411pjy' - using text path instead: 'res://assets/3d/player/hands_detailed/left_hand_detailed_supplied_hand_roughness.png'.
     at: open (core/io/resource_format_binary.cpp:1025)
     GDScript backtrace (most recent call first):
         [0] setup (res://scripts/greybox_arm_visual.gd:57)
         [1] set_visual_profile (res://scripts/player_arm_visual.gd:132)
         [2] setup (res://scripts/player_arm_visual.gd:36)
         [3] _add_character_arm (res://scripts/player.gd:2503)
         [4] _build_equipped_torch (res://scripts/player.gd:516)
         [5] _build_viewmodel (res://scripts/player.gd:371)
         [6] _ready (res://scripts/player.gd:306)
         [7] _spawn_player (res://scripts/game.gd:519)
         [8] _ready (res://scripts/game.gd:78)
         [9] _ready (res://scripts/test_room.gd:51)
WARNING: 'res://assets/3d/player/hands_detailed/left_hand_detailed.glb': In external resource #5, invalid UID: 'uid://cl2lpb26x10rr' - using text path instead: 'res://assets/3d/player/hands_detailed/left_hand_detailed_supplied_hand_normal.png'.
     at: open (core/io/resource_format_binary.cpp:1025)
     GDScript backtrace (most recent call first):
         [0] setup (res://scripts/greybox_arm_visual.gd:57)
         [1] set_visual_profile (res://scripts/player_arm_visual.gd:132)
         [2] setup (res://scripts/player_arm_visual.gd:36)
         [3] _add_character_arm (res://scripts/player.gd:2503)
         [4] _build_equipped_torch (res://scripts/player.gd:516)
         [5] _build_viewmodel (res://scripts/player.gd:371)
         [6] _ready (res://scripts/player.gd:306)
         [7] _spawn_player (res://scripts/game.gd:519)
         [8] _ready (res://scripts/game.gd:78)
         [9] _ready (res://scripts/test_room.gd:51)
WARNING: 'res://assets/3d/player/hands_detailed/left_hand_detailed.glb': In external resource #3, invalid UID: 'uid://cnhahwnl7bb4j' - using text path instead: 'res://assets/3d/player/hands_detailed/left_hand_detailed_supplied_hand_basecolor.png'.
     at: open (core/io/resource_format_binary.cpp:1025)
     GDScript backtrace (most recent call first):
         [0] setup (res://scripts/greybox_arm_visual.gd:57)
         [1] set_visual_profile (res://scripts/player_arm_visual.gd:132)
         [2] setup (res://scripts/player_arm_visual.gd:36)
         [3] _add_character_arm (res://scripts/player.gd:2503)
         [4] _build_viewmodel (res://scripts/player.gd:375)
         [5] _ready (res://scripts/player.gd:306)
         [6] _spawn_player (res://scripts/game.gd:519)
         [7] _ready (res://scripts/game.gd:78)
         [8] _ready (res://scripts/test_room.gd:51)
WARNING: 'res://assets/3d/player/hands_detailed/left_hand_detailed.glb': In external resource #4, invalid UID: 'uid://ca83fge411pjy' - using text path instead: 'res://assets/3d/player/hands_detailed/left_hand_detailed_supplied_hand_roughness.png'.
     at: open (core/io/resource_format_binary.cpp:1025)
     GDScript backtrace (most recent call first):
         [0] setup (res://scripts/greybox_arm_visual.gd:57)
         [1] set_visual_profile (res://scripts/player_arm_visual.gd:132)
         [2] setup (res://scripts/player_arm_visual.gd:36)
         [3] _add_character_arm (res://scripts/player.gd:2503)
         [4] _build_viewmodel (res://scripts/player.gd:375)
         [5] _ready (res://scripts/player.gd:306)
         [6] _spawn_player (res://scripts/game.gd:519)
         [7] _ready (res://scripts/game.gd:78)
         [8] _ready (res://scripts/test_room.gd:51)
WARNING: 'res://assets/3d/player/hands_detailed/left_hand_detailed.glb': In external resource #5, invalid UID: 'uid://cl2lpb26x10rr' - using text path instead: 'res://assets/3d/player/hands_detailed/left_hand_detailed_supplied_hand_normal.png'.
     at: open (core/io/resource_format_binary.cpp:1025)
     GDScript backtrace (most recent call first):
         [0] setup (res://scripts/greybox_arm_visual.gd:57)
         [1] set_visual_profile (res://scripts/player_arm_visual.gd:132)
         [2] setup (res://scripts/player_arm_visual.gd:36)
         [3] _add_character_arm (res://scripts/player.gd:2503)
         [4] _build_viewmodel (res://scripts/player.gd:375)
         [5] _ready (res://scripts/player.gd:306)
         [6] _spawn_player (res://scripts/game.gd:519)
         [7] _ready (res://scripts/game.gd:78)
         [8] _ready (res://scripts/test_room.gd:51)
WARNING: 'res://assets/3d/player/hands_detailed/right_hand_detailed.glb': In external resource #3, invalid UID: 'uid://cu1eumo53ivs' - using text path instead: 'res://assets/3d/player/hands_detailed/right_hand_detailed_supplied_hand_basecolor.png'.
     at: open (core/io/resource_format_binary.cpp:1025)
     GDScript backtrace (most recent call first):
         [0] setup (res://scripts/greybox_arm_visual.gd:57)
         [1] set_visual_profile (res://scripts/player_arm_visual.gd:132)
         [2] setup (res://scripts/player_arm_visual.gd:36)
         [3] _add_character_arm (res://scripts/player.gd:2503)
         [4] _build_viewmodel (res://scripts/player.gd:377)
         [5] _ready (res://scripts/player.gd:306)
         [6] _spawn_player (res://scripts/game.gd:519)
         [7] _ready (res://scripts/game.gd:78)
         [8] _ready (res://scripts/test_room.gd:51)
WARNING: 'res://assets/3d/player/hands_detailed/right_hand_detailed.glb': In external resource #4, invalid UID: 'uid://cpiw2d3wy8jwl' - using text path instead: 'res://assets/3d/player/hands_detailed/right_hand_detailed_supplied_hand_roughness.png'.
     at: open (core/io/resource_format_binary.cpp:1025)
     GDScript backtrace (most recent call first):
         [0] setup (res://scripts/greybox_arm_visual.gd:57)
         [1] set_visual_profile (res://scripts/player_arm_visual.gd:132)
         [2] setup (res://scripts/player_arm_visual.gd:36)
         [3] _add_character_arm (res://scripts/player.gd:2503)
         [4] _build_viewmodel (res://scripts/player.gd:377)
         [5] _ready (res://scripts/player.gd:306)
         [6] _spawn_player (res://scripts/game.gd:519)
         [7] _ready (res://scripts/game.gd:78)
         [8] _ready (res://scripts/test_room.gd:51)
WARNING: 'res://assets/3d/player/hands_detailed/right_hand_detailed.glb': In external resource #5, invalid UID: 'uid://cvh246lgxjk3t' - using text path instead: 'res://assets/3d/player/hands_detailed/right_hand_detailed_supplied_hand_normal.png'.
     at: open (core/io/resource_format_binary.cpp:1025)
     GDScript backtrace (most recent call first):
         [0] setup (res://scripts/greybox_arm_visual.gd:57)
         [1] set_visual_profile (res://scripts/player_arm_visual.gd:132)
         [2] setup (res://scripts/player_arm_visual.gd:36)
         [3] _add_character_arm (res://scripts/player.gd:2503)
         [4] _build_viewmodel (res://scripts/player.gd:377)
         [5] _ready (res://scripts/player.gd:306)
         [6] _spawn_player (res://scripts/game.gd:519)
         [7] _ready (res://scripts/game.gd:78)
         [8] _ready (res://scripts/test_room.gd:51)
WARNING: 'res://assets/3d/player/hands_detailed/left_hand_detailed.glb': In external resource #3, invalid UID: 'uid://cnhahwnl7bb4j' - using text path instead: 'res://assets/3d/player/hands_detailed/left_hand_detailed_supplied_hand_basecolor.png'.
     at: open (core/io/resource_format_binary.cpp:1025)
     GDScript backtrace (most recent call first):
         [0] setup (res://scripts/greybox_arm_visual.gd:57)
         [1] set_visual_profile (res://scripts/player_arm_visual.gd:132)
         [2] setup (res://scripts/player_arm_visual.gd:36)
         [3] _build_hand (res://scripts/chest_hand_visuals.gd:128)
         [4] _ensure_built (res://scripts/chest_hand_visuals.gd:116)
         [5] setup (res://scripts/chest_hand_visuals.gd:26)
         [6] _build_viewmodel (res://scripts/player.gd:382)
         [7] _ready (res://scripts/player.gd:306)
         [8] _spawn_player (res://scripts/game.gd:519)
         [9] _ready (res://scripts/game.gd:78)
         [10] _ready (res://scripts/test_room.gd:51)
WARNING: 'res://assets/3d/player/hands_detailed/left_hand_detailed.glb': In external resource #4, invalid UID: 'uid://ca83fge411pjy' - using text path instead: 'res://assets/3d/player/hands_detailed/left_hand_detailed_supplied_hand_roughness.png'.
     at: open (core/io/resource_format_binary.cpp:1025)
     GDScript backtrace (most recent call first):
         [0] setup (res://scripts/greybox_arm_visual.gd:57)
         [1] set_visual_profile (res://scripts/player_arm_visual.gd:132)
         [2] setup (res://scripts/player_arm_visual.gd:36)
         [3] _build_hand (res://scripts/chest_hand_visuals.gd:128)
         [4] _ensure_built (res://scripts/chest_hand_visuals.gd:116)
         [5] setup (res://scripts/chest_hand_visuals.gd:26)
         [6] _build_viewmodel (res://scripts/player.gd:382)
         [7] _ready (res://scripts/player.gd:306)
         [8] _spawn_player (res://scripts/game.gd:519)
         [9] _ready (res://scripts/game.gd:78)
         [10] _ready (res://scripts/test_room.gd:51)
WARNING: 'res://assets/3d/player/hands_detailed/left_hand_detailed.glb': In external resource #5, invalid UID: 'uid://cl2lpb26x10rr' - using text path instead: 'res://assets/3d/player/hands_detailed/left_hand_detailed_supplied_hand_normal.png'.
     at: open (core/io/resource_format_binary.cpp:1025)
     GDScript backtrace (most recent call first):
         [0] setup (res://scripts/greybox_arm_visual.gd:57)
         [1] set_visual_profile (res://scripts/player_arm_visual.gd:132)
         [2] setup (res://scripts/player_arm_visual.gd:36)
         [3] _build_hand (res://scripts/chest_hand_visuals.gd:128)
         [4] _ensure_built (res://scripts/chest_hand_visuals.gd:116)
         [5] setup (res://scripts/chest_hand_visuals.gd:26)
         [6] _build_viewmodel (res://scripts/player.gd:382)
         [7] _ready (res://scripts/player.gd:306)
         [8] _spawn_player (res://scripts/game.gd:519)
         [9] _ready (res://scripts/game.gd:78)
         [10] _ready (res://scripts/test_room.gd:51)
WARNING: 'res://assets/3d/player/hands_detailed/right_hand_detailed.glb': In external resource #3, invalid UID: 'uid://cu1eumo53ivs' - using text path instead: 'res://assets/3d/player/hands_detailed/right_hand_detailed_supplied_hand_basecolor.png'.
     at: open (core/io/resource_format_binary.cpp:1025)
     GDScript backtrace (most recent call first):
         [0] setup (res://scripts/greybox_arm_visual.gd:57)
         [1] set_visual_profile (res://scripts/player_arm_visual.gd:132)
         [2] setup (res://scripts/player_arm_visual.gd:36)
         [3] _build_hand (res://scripts/chest_hand_visuals.gd:128)
         [4] _ensure_built (res://scripts/chest_hand_visuals.gd:117)
         [5] setup (res://scripts/chest_hand_visuals.gd:26)
         [6] _build_viewmodel (res://scripts/player.gd:382)
         [7] _ready (res://scripts/player.gd:306)
         [8] _spawn_player (res://scripts/game.gd:519)
         [9] _ready (res://scripts/game.gd:78)
         [10] _ready (res://scripts/test_room.gd:51)
WARNING: 'res://assets/3d/player/hands_detailed/right_hand_detailed.glb': In external resource #4, invalid UID: 'uid://cpiw2d3wy8jwl' - using text path instead: 'res://assets/3d/player/hands_detailed/right_hand_detailed_supplied_hand_roughness.png'.
     at: open (core/io/resource_format_binary.cpp:1025)
     GDScript backtrace (most recent call first):
         [0] setup (res://scripts/greybox_arm_visual.gd:57)
         [1] set_visual_profile (res://scripts/player_arm_visual.gd:132)
         [2] setup (res://scripts/player_arm_visual.gd:36)
         [3] _build_hand (res://scripts/chest_hand_visuals.gd:128)
         [4] _ensure_built (res://scripts/chest_hand_visuals.gd:117)
         [5] setup (res://scripts/chest_hand_visuals.gd:26)
         [6] _build_viewmodel (res://scripts/player.gd:382)
         [7] _ready (res://scripts/player.gd:306)
         [8] _spawn_player (res://scripts/game.gd:519)
         [9] _ready (res://scripts/game.gd:78)
         [10] _ready (res://scripts/test_room.gd:51)
WARNING: 'res://assets/3d/player/hands_detailed/right_hand_detailed.glb': In external resource #5, invalid UID: 'uid://cvh246lgxjk3t' - using text path instead: 'res://assets/3d/player/hands_detailed/right_hand_detailed_supplied_hand_normal.png'.
     at: open (core/io/resource_format_binary.cpp:1025)
     GDScript backtrace (most recent call first):
         [0] setup (res://scripts/greybox_arm_visual.gd:57)
         [1] set_visual_profile (res://scripts/player_arm_visual.gd:132)
         [2] setup (res://scripts/player_arm_visual.gd:36)
         [3] _build_hand (res://scripts/chest_hand_visuals.gd:128)
         [4] _ensure_built (res://scripts/chest_hand_visuals.gd:117)
         [5] setup (res://scripts/chest_hand_visuals.gd:26)
         [6] _build_viewmodel (res://scripts/player.gd:382)
         [7] _ready (res://scripts/player.gd:306)
         [8] _spawn_player (res://scripts/game.gd:519)
         [9] _ready (res://scripts/game.gd:78)
         [10] _ready (res://scripts/test_room.gd:51)
WARNING: 'res://assets/3d/player/gravebound_player.glb': In external resource #0, invalid UID: 'uid://dm6jl477iau43' - using text path instead: 'res://assets/3d/player/gravebound_player_gravebound_atlas.png'.
     at: open (core/io/resource_format_binary.cpp:1025)
     GDScript backtrace (most recent call first):
         [0] create_body (res://scripts/player_appearance.gd:16)
         [1] _ready (res://scripts/player_portrait.gd:30)
         [2] _build_equipment_panel (res://scripts/inventory_overlay.gd:334)
         [3] _build_interface (res://scripts/inventory_overlay.gd:296)
         [4] _ensure_built (res://scripts/inventory_overlay.gd:206)
         [5] _ready (res://scripts/inventory_overlay.gd:124)
         [6] _spawn_inventory_overlay (res://scripts/game.gd:511)
         [7] _ready (res://scripts/game.gd:77)
WARNING: 'res://assets/3d/player/gravebound_player.glb': In external resource #1, invalid UID: 'uid://db7derc61j4ws' - using text path instead: 'res://assets/3d/player/gravebound_player_supplied_hand_basecolor.png'.
     at: open (core/io/resource_format_binary.cpp:1025)
     GDScript backtrace (most recent call first):
         [0] create_body (res://scripts/player_appearance.gd:16)
         [1] _ready (res://scripts/player_portrait.gd:30)
         [2] _build_equipment_panel (res://scripts/inventory_overlay.gd:334)
         [3] _build_interface (res://scripts/inventory_overlay.gd:296)
         [4] _ensure_built (res://scripts/inventory_overlay.gd:206)
         [5] _ready (res://scripts/inventory_overlay.gd:124)
         [6] _spawn_inventory_overlay (res://scripts/game.gd:511)
         [7] _ready (res://scripts/game.gd:77)
WARNING: 'res://assets/3d/player/gravebound_player.glb': In external resource #2, invalid UID: 'uid://3gixep4uts2t' - using text path instead: 'res://assets/3d/player/gravebound_player_supplied_hand_roughness.png'.
     at: open (core/io/resource_format_binary.cpp:1025)
     GDScript backtrace (most recent call first):
         [0] create_body (res://scripts/player_appearance.gd:16)
         [1] _ready (res://scripts/player_portrait.gd:30)
         [2] _build_equipment_panel (res://scripts/inventory_overlay.gd:334)
         [3] _build_interface (res://scripts/inventory_overlay.gd:296)
         [4] _ensure_built (res://scripts/inventory_overlay.gd:206)
         [5] _ready (res://scripts/inventory_overlay.gd:124)
         [6] _spawn_inventory_overlay (res://scripts/game.gd:511)
         [7] _ready (res://scripts/game.gd:77)
WARNING: 'res://assets/3d/player/gravebound_player.glb': In external resource #3, invalid UID: 'uid://pw5q8ytfy0uh' - using text path instead: 'res://assets/3d/player/gravebound_player_supplied_hand_normal.png'.
     at: open (core/io/resource_format_binary.cpp:1025)
     GDScript backtrace (most recent call first):
         [0] create_body (res://scripts/player_appearance.gd:16)
         [1] _ready (res://scripts/player_portrait.gd:30)
         [2] _build_equipment_panel (res://scripts/inventory_overlay.gd:334)
         [3] _build_interface (res://scripts/inventory_overlay.gd:296)
         [4] _ensure_built (res://scripts/inventory_overlay.gd:206)
         [5] _ready (res://scripts/inventory_overlay.gd:124)
         [6] _spawn_inventory_overlay (res://scripts/game.gd:511)
         [7] _ready (res://scripts/game.gd:77)
WARNING: 'res://assets/3d/player/gravebound_player.glb': In external resource #0, invalid UID: 'uid://dm6jl477iau43' - using text path instead: 'res://assets/3d/player/gravebound_player_gravebound_atlas.png'.
     at: open (core/io/resource_format_binary.cpp:1025)
     GDScript backtrace (most recent call first):
         [0] create_body (res://scripts/player_appearance.gd:16)
         [1] _build_body (res://scripts/player.gd:324)
         [2] _ready (res://scripts/player.gd:305)
         [3] _spawn_player (res://scripts/game.gd:519)
         [4] _ready (res://scripts/game.gd:78)
WARNING: 'res://assets/3d/player/gravebound_player.glb': In external resource #1, invalid UID: 'uid://db7derc61j4ws' - using text path instead: 'res://assets/3d/player/gravebound_player_supplied_hand_basecolor.png'.
     at: open (core/io/resource_format_binary.cpp:1025)
     GDScript backtrace (most recent call first):
         [0] create_body (res://scripts/player_appearance.gd:16)
         [1] _build_body (res://scripts/player.gd:324)
         [2] _ready (res://scripts/player.gd:305)
         [3] _spawn_player (res://scripts/game.gd:519)
         [4] _ready (res://scripts/game.gd:78)
WARNING: 'res://assets/3d/player/gravebound_player.glb': In external resource #2, invalid UID: 'uid://3gixep4uts2t' - using text path instead: 'res://assets/3d/player/gravebound_player_supplied_hand_roughness.png'.
     at: open (core/io/resource_format_binary.cpp:1025)
     GDScript backtrace (most recent call first):
         [0] create_body (res://scripts/player_appearance.gd:16)
         [1] _build_body (res://scripts/player.gd:324)
         [2] _ready (res://scripts/player.gd:305)
         [3] _spawn_player (res://scripts/game.gd:519)
         [4] _ready (res://scripts/game.gd:78)
WARNING: 'res://assets/3d/player/gravebound_player.glb': In external resource #3, invalid UID: 'uid://pw5q8ytfy0uh' - using text path instead: 'res://assets/3d/player/gravebound_player_supplied_hand_normal.png'.
     at: open (core/io/resource_format_binary.cpp:1025)
     GDScript backtrace (most recent call first):
         [0] create_body (res://scripts/player_appearance.gd:16)
         [1] _build_body (res://scripts/player.gd:324)
         [2] _ready (res://scripts/player.gd:305)
         [3] _spawn_player (res://scripts/game.gd:519)
         [4] _ready (res://scripts/game.gd:78)
WARNING: 'res://assets/3d/player/hands_detailed/right_hand_detailed.glb': In external resource #3, invalid UID: 'uid://cu1eumo53ivs' - using text path instead: 'res://assets/3d/player/hands_detailed/right_hand_detailed_supplied_hand_basecolor.png'.
     at: open (core/io/resource_format_binary.cpp:1025)
     GDScript backtrace (most recent call first):
         [0] setup (res://scripts/greybox_arm_visual.gd:57)
         [1] set_visual_profile (res://scripts/player_arm_visual.gd:132)
         [2] setup (res://scripts/player_arm_visual.gd:36)
         [3] _add_character_arm (res://scripts/player.gd:2503)
         [4] _build_viewmodel (res://scripts/player.gd:363)
         [5] _ready (res://scripts/player.gd:306)
         [6] _spawn_player (res://scripts/game.gd:519)
         [7] _ready (res://scripts/game.gd:78)
WARNING: 'res://assets/3d/player/hands_detailed/right_hand_detailed.glb': In external resource #4, invalid UID: 'uid://cpiw2d3wy8jwl' - using text path instead: 'res://assets/3d/player/hands_detailed/right_hand_detailed_supplied_hand_roughness.png'.
     at: open (core/io/resource_format_binary.cpp:1025)
     GDScript backtrace (most recent call first):
         [0] setup (res://scripts/greybox_arm_visual.gd:57)
         [1] set_visual_profile (res://scripts/player_arm_visual.gd:132)
         [2] setup (res://scripts/player_arm_visual.gd:36)
         [3] _add_character_arm (res://scripts/player.gd:2503)
         [4] _build_viewmodel (res://scripts/player.gd:363)
         [5] _ready (res://scripts/player.gd:306)
         [6] _spawn_player (res://scripts/game.gd:519)
         [7] _ready (res://scripts/game.gd:78)
WARNING: 'res://assets/3d/player/hands_detailed/right_hand_detailed.glb': In external resource #5, invalid UID: 'uid://cvh246lgxjk3t' - using text path instead: 'res://assets/3d/player/hands_detailed/right_hand_detailed_supplied_hand_normal.png'.
     at: open (core/io/resource_format_binary.cpp:1025)
     GDScript backtrace (most recent call first):
         [0] setup (res://scripts/greybox_arm_visual.gd:57)
         [1] set_visual_profile (res://scripts/player_arm_visual.gd:132)
         [2] setup (res://scripts/player_arm_visual.gd:36)
         [3] _add_character_arm (res://scripts/player.gd:2503)
         [4] _build_viewmodel (res://scripts/player.gd:363)
         [5] _ready (res://scripts/player.gd:306)
         [6] _spawn_player (res://scripts/game.gd:519)
         [7] _ready (res://scripts/game.gd:78)
WARNING: 'res://assets/3d/player/hands_detailed/left_hand_detailed.glb': In external resource #3, invalid UID: 'uid://cnhahwnl7bb4j' - using text path instead: 'res://assets/3d/player/hands_detailed/left_hand_detailed_supplied_hand_basecolor.png'.
     at: open (core/io/resource_format_binary.cpp:1025)
     GDScript backtrace (most recent call first):
         [0] setup (res://scripts/greybox_arm_visual.gd:57)
         [1] set_visual_profile (res://scripts/player_arm_visual.gd:132)
         [2] setup (res://scripts/player_arm_visual.gd:36)
         [3] _add_character_arm (res://scripts/player.gd:2503)
         [4] _build_equipped_torch (res://scripts/player.gd:516)
         [5] _build_viewmodel (res://scripts/player.gd:371)
         [6] _ready (res://scripts/player.gd:306)
         [7] _spawn_player (res://scripts/game.gd:519)
         [8] _ready (res://scripts/game.gd:78)
WARNING: 'res://assets/3d/player/hands_detailed/left_hand_detailed.glb': In external resource #4, invalid UID: 'uid://ca83fge411pjy' - using text path instead: 'res://assets/3d/player/hands_detailed/left_hand_detailed_supplied_hand_roughness.png'.
     at: open (core/io/resource_format_binary.cpp:1025)
     GDScript backtrace (most recent call first):
         [0] setup (res://scripts/greybox_arm_visual.gd:57)
         [1] set_visual_profile (res://scripts/player_arm_visual.gd:132)
         [2] setup (res://scripts/player_arm_visual.gd:36)
         [3] _add_character_arm (res://scripts/player.gd:2503)
         [4] _build_equipped_torch (res://scripts/player.gd:516)
         [5] _build_viewmodel (res://scripts/player.gd:371)
         [6] _ready (res://scripts/player.gd:306)
         [7] _spawn_player (res://scripts/game.gd:519)
         [8] _ready (res://scripts/game.gd:78)
WARNING: 'res://assets/3d/player/hands_detailed/left_hand_detailed.glb': In external resource #5, invalid UID: 'uid://cl2lpb26x10rr' - using text path instead: 'res://assets/3d/player/hands_detailed/left_hand_detailed_supplied_hand_normal.png'.
     at: open (core/io/resource_format_binary.cpp:1025)
     GDScript backtrace (most recent call first):
         [0] setup (res://scripts/greybox_arm_visual.gd:57)
         [1] set_visual_profile (res://scripts/player_arm_visual.gd:132)
         [2] setup (res://scripts/player_arm_visual.gd:36)
         [3] _add_character_arm (res://scripts/player.gd:2503)
         [4] _build_equipped_torch (res://scripts/player.gd:516)
         [5] _build_viewmodel (res://scripts/player.gd:371)
         [6] _ready (res://scripts/player.gd:306)
         [7] _spawn_player (res://scripts/game.gd:519)
         [8] _ready (res://scripts/game.gd:78)
WARNING: 'res://assets/3d/player/hands_detailed/left_hand_detailed.glb': In external resource #3, invalid UID: 'uid://cnhahwnl7bb4j' - using text path instead: 'res://assets/3d/player/hands_detailed/left_hand_detailed_supplied_hand_basecolor.png'.
     at: open (core/io/resource_format_binary.cpp:1025)
     GDScript backtrace (most recent call first):
         [0] setup (res://scripts/greybox_arm_visual.gd:57)
         [1] set_visual_profile (res://scripts/player_arm_visual.gd:132)
         [2] setup (res://scripts/player_arm_visual.gd:36)
         [3] _add_character_arm (res://scripts/player.gd:2503)
         [4] _build_viewmodel (res://scripts/player.gd:375)
         [5] _ready (res://scripts/player.gd:306)
         [6] _spawn_player (res://scripts/game.gd:519)
         [7] _ready (res://scripts/game.gd:78)
WARNING: 'res://assets/3d/player/hands_detailed/left_hand_detailed.glb': In external resource #4, invalid UID: 'uid://ca83fge411pjy' - using text path instead: 'res://assets/3d/player/hands_detailed/left_hand_detailed_supplied_hand_roughness.png'.
     at: open (core/io/resource_format_binary.cpp:1025)
     GDScript backtrace (most recent call first):
         [0] setup (res://scripts/greybox_arm_visual.gd:57)
         [1] set_visual_profile (res://scripts/player_arm_visual.gd:132)
         [2] setup (res://scripts/player_arm_visual.gd:36)
         [3] _add_character_arm (res://scripts/player.gd:2503)
         [4] _build_viewmodel (res://scripts/player.gd:375)
         [5] _ready (res://scripts/player.gd:306)
         [6] _spawn_player (res://scripts/game.gd:519)
         [7] _ready (res://scripts/game.gd:78)
WARNING: 'res://assets/3d/player/hands_detailed/left_hand_detailed.glb': In external resource #5, invalid UID: 'uid://cl2lpb26x10rr' - using text path instead: 'res://assets/3d/player/hands_detailed/left_hand_detailed_supplied_hand_normal.png'.
     at: open (core/io/resource_format_binary.cpp:1025)
     GDScript backtrace (most recent call first):
         [0] setup (res://scripts/greybox_arm_visual.gd:57)
         [1] set_visual_profile (res://scripts/player_arm_visual.gd:132)
         [2] setup (res://scripts/player_arm_visual.gd:36)
         [3] _add_character_arm (res://scripts/player.gd:2503)
         [4] _build_viewmodel (res://scripts/player.gd:375)
         [5] _ready (res://scripts/player.gd:306)
         [6] _spawn_player (res://scripts/game.gd:519)
         [7] _ready (res://scripts/game.gd:78)
WARNING: 'res://assets/3d/player/hands_detailed/right_hand_detailed.glb': In external resource #3, invalid UID: 'uid://cu1eumo53ivs' - using text path instead: 'res://assets/3d/player/hands_detailed/right_hand_detailed_supplied_hand_basecolor.png'.
     at: open (core/io/resource_format_binary.cpp:1025)
     GDScript backtrace (most recent call first):
         [0] setup (res://scripts/greybox_arm_visual.gd:57)
         [1] set_visual_profile (res://scripts/player_arm_visual.gd:132)
         [2] setup (res://scripts/player_arm_visual.gd:36)
         [3] _add_character_arm (res://scripts/player.gd:2503)
         [4] _build_viewmodel (res://scripts/player.gd:377)
         [5] _ready (res://scripts/player.gd:306)
         [6] _spawn_player (res://scripts/game.gd:519)
         [7] _ready (res://scripts/game.gd:78)
WARNING: 'res://assets/3d/player/hands_detailed/right_hand_detailed.glb': In external resource #4, invalid UID: 'uid://cpiw2d3wy8jwl' - using text path instead: 'res://assets/3d/player/hands_detailed/right_hand_detailed_supplied_hand_roughness.png'.
     at: open (core/io/resource_format_binary.cpp:1025)
     GDScript backtrace (most recent call first):
         [0] setup (res://scripts/greybox_arm_visual.gd:57)
         [1] set_visual_profile (res://scripts/player_arm_visual.gd:132)
         [2] setup (res://scripts/player_arm_visual.gd:36)
         [3] _add_character_arm (res://scripts/player.gd:2503)
         [4] _build_viewmodel (res://scripts/player.gd:377)
         [5] _ready (res://scripts/player.gd:306)
         [6] _spawn_player (res://scripts/game.gd:519)
         [7] _ready (res://scripts/game.gd:78)
WARNING: 'res://assets/3d/player/hands_detailed/right_hand_detailed.glb': In external resource #5, invalid UID: 'uid://cvh246lgxjk3t' - using text path instead: 'res://assets/3d/player/hands_detailed/right_hand_detailed_supplied_hand_normal.png'.
     at: open (core/io/resource_format_binary.cpp:1025)
     GDScript backtrace (most recent call first):
         [0] setup (res://scripts/greybox_arm_visual.gd:57)
         [1] set_visual_profile (res://scripts/player_arm_visual.gd:132)
         [2] setup (res://scripts/player_arm_visual.gd:36)
         [3] _add_character_arm (res://scripts/player.gd:2503)
         [4] _build_viewmodel (res://scripts/player.gd:377)
         [5] _ready (res://scripts/player.gd:306)
         [6] _spawn_player (res://scripts/game.gd:519)
         [7] _ready (res://scripts/game.gd:78)
WARNING: 'res://assets/3d/player/hands_detailed/left_hand_detailed.glb': In external resource #3, invalid UID: 'uid://cnhahwnl7bb4j' - using text path instead: 'res://assets/3d/player/hands_detailed/left_hand_detailed_supplied_hand_basecolor.png'.
     at: open (core/io/resource_format_binary.cpp:1025)
     GDScript backtrace (most recent call first):
         [0] setup (res://scripts/greybox_arm_visual.gd:57)
         [1] set_visual_profile (res://scripts/player_arm_visual.gd:132)
         [2] setup (res://scripts/player_arm_visual.gd:36)
         [3] _build_hand (res://scripts/chest_hand_visuals.gd:128)
         [4] _ensure_built (res://scripts/chest_hand_visuals.gd:116)
         [5] setup (res://scripts/chest_hand_visuals.gd:26)
         [6] _build_viewmodel (res://scripts/player.gd:382)
         [7] _ready (res://scripts/player.gd:306)
         [8] _spawn_player (res://scripts/game.gd:519)
         [9] _ready (res://scripts/game.gd:78)
WARNING: 'res://assets/3d/player/hands_detailed/left_hand_detailed.glb': In external resource #4, invalid UID: 'uid://ca83fge411pjy' - using text path instead: 'res://assets/3d/player/hands_detailed/left_hand_detailed_supplied_hand_roughness.png'.
     at: open (core/io/resource_format_binary.cpp:1025)
     GDScript backtrace (most recent call first):
         [0] setup (res://scripts/greybox_arm_visual.gd:57)
         [1] set_visual_profile (res://scripts/player_arm_visual.gd:132)
         [2] setup (res://scripts/player_arm_visual.gd:36)
         [3] _build_hand (res://scripts/chest_hand_visuals.gd:128)
         [4] _ensure_built (res://scripts/chest_hand_visuals.gd:116)
         [5] setup (res://scripts/chest_hand_visuals.gd:26)
         [6] _build_viewmodel (res://scripts/player.gd:382)
         [7] _ready (res://scripts/player.gd:306)
         [8] _spawn_player (res://scripts/game.gd:519)
         [9] _ready (res://scripts/game.gd:78)
WARNING: 'res://assets/3d/player/hands_detailed/left_hand_detailed.glb': In external resource #5, invalid UID: 'uid://cl2lpb26x10rr' - using text path instead: 'res://assets/3d/player/hands_detailed/left_hand_detailed_supplied_hand_normal.png'.
     at: open (core/io/resource_format_binary.cpp:1025)
     GDScript backtrace (most recent call first):
         [0] setup (res://scripts/greybox_arm_visual.gd:57)
         [1] set_visual_profile (res://scripts/player_arm_visual.gd:132)
         [2] setup (res://scripts/player_arm_visual.gd:36)
         [3] _build_hand (res://scripts/chest_hand_visuals.gd:128)
         [4] _ensure_built (res://scripts/chest_hand_visuals.gd:116)
         [5] setup (res://scripts/chest_hand_visuals.gd:26)
         [6] _build_viewmodel (res://scripts/player.gd:382)
         [7] _ready (res://scripts/player.gd:306)
         [8] _spawn_player (res://scripts/game.gd:519)
         [9] _ready (res://scripts/game.gd:78)
WARNING: 'res://assets/3d/player/hands_detailed/right_hand_detailed.glb': In external resource #3, invalid UID: 'uid://cu1eumo53ivs' - using text path instead: 'res://assets/3d/player/hands_detailed/right_hand_detailed_supplied_hand_basecolor.png'.
     at: open (core/io/resource_format_binary.cpp:1025)
     GDScript backtrace (most recent call first):
         [0] setup (res://scripts/greybox_arm_visual.gd:57)
         [1] set_visual_profile (res://scripts/player_arm_visual.gd:132)
         [2] setup (res://scripts/player_arm_visual.gd:36)
         [3] _build_hand (res://scripts/chest_hand_visuals.gd:128)
         [4] _ensure_built (res://scripts/chest_hand_visuals.gd:117)
         [5] setup (res://scripts/chest_hand_visuals.gd:26)
         [6] _build_viewmodel (res://scripts/player.gd:382)
         [7] _ready (res://scripts/player.gd:306)
         [8] _spawn_player (res://scripts/game.gd:519)
         [9] _ready (res://scripts/game.gd:78)
WARNING: 'res://assets/3d/player/hands_detailed/right_hand_detailed.glb': In external resource #4, invalid UID: 'uid://cpiw2d3wy8jwl' - using text path instead: 'res://assets/3d/player/hands_detailed/right_hand_detailed_supplied_hand_roughness.png'.
     at: open (core/io/resource_format_binary.cpp:1025)
     GDScript backtrace (most recent call first):
         [0] setup (res://scripts/greybox_arm_visual.gd:57)
         [1] set_visual_profile (res://scripts/player_arm_visual.gd:132)
         [2] setup (res://scripts/player_arm_visual.gd:36)
         [3] _build_hand (res://scripts/chest_hand_visuals.gd:128)
         [4] _ensure_built (res://scripts/chest_hand_visuals.gd:117)
         [5] setup (res://scripts/chest_hand_visuals.gd:26)
         [6] _build_viewmodel (res://scripts/player.gd:382)
         [7] _ready (res://scripts/player.gd:306)
         [8] _spawn_player (res://scripts/game.gd:519)
         [9] _ready (res://scripts/game.gd:78)
WARNING: 'res://assets/3d/player/hands_detailed/right_hand_detailed.glb': In external resource #5, invalid UID: 'uid://cvh246lgxjk3t' - using text path instead: 'res://assets/3d/player/hands_detailed/right_hand_detailed_supplied_hand_normal.png'.
     at: open (core/io/resource_format_binary.cpp:1025)
     GDScript backtrace (most recent call first):
         [0] setup (res://scripts/greybox_arm_visual.gd:57)
         [1] set_visual_profile (res://scripts/player_arm_visual.gd:132)
         [2] setup (res://scripts/player_arm_visual.gd:36)
         [3] _build_hand (res://scripts/chest_hand_visuals.gd:128)
         [4] _ensure_built (res://scripts/chest_hand_visuals.gd:117)
         [5] setup (res://scripts/chest_hand_visuals.gd:26)
         [6] _build_viewmodel (res://scripts/player.gd:382)
         [7] _ready (res://scripts/player.gd:306)
         [8] _spawn_player (res://scripts/game.gd:519)
         [9] _ready (res://scripts/game.gd:78)
WARNING: 'res://assets/3d/player/gravebound_player.glb': In external resource #0, invalid UID: 'uid://dm6jl477iau43' - using text path instead: 'res://assets/3d/player/gravebound_player_gravebound_atlas.png'.
     at: open (core/io/resource_format_binary.cpp:1025)
     GDScript backtrace (most recent call first):
         [0] create_body (res://scripts/player_appearance.gd:16)
         [1] _ready (res://scripts/player_portrait.gd:30)
         [2] _build_equipment_panel (res://scripts/inventory_overlay.gd:334)
         [3] _build_interface (res://scripts/inventory_overlay.gd:296)
         [4] _ensure_built (res://scripts/inventory_overlay.gd:206)
         [5] _ready (res://scripts/inventory_overlay.gd:124)
         [6] _spawn_inventory_overlay (res://scripts/game.gd:511)
         [7] _ready (res://scripts/game.gd:77)
         [8] _ready (res://scripts/test_room.gd:51)
WARNING: 'res://assets/3d/player/gravebound_player.glb': In external resource #1, invalid UID: 'uid://db7derc61j4ws' - using text path instead: 'res://assets/3d/player/gravebound_player_supplied_hand_basecolor.png'.
     at: open (core/io/resource_format_binary.cpp:1025)
     GDScript backtrace (most recent call first):
         [0] create_body (res://scripts/player_appearance.gd:16)
         [1] _ready (res://scripts/player_portrait.gd:30)
         [2] _build_equipment_panel (res://scripts/inventory_overlay.gd:334)
         [3] _build_interface (res://scripts/inventory_overlay.gd:296)
         [4] _ensure_built (res://scripts/inventory_overlay.gd:206)
         [5] _ready (res://scripts/inventory_overlay.gd:124)
         [6] _spawn_inventory_overlay (res://scripts/game.gd:511)
         [7] _ready (res://scripts/game.gd:77)
         [8] _ready (res://scripts/test_room.gd:51)
WARNING: 'res://assets/3d/player/gravebound_player.glb': In external resource #2, invalid UID: 'uid://3gixep4uts2t' - using text path instead: 'res://assets/3d/player/gravebound_player_supplied_hand_roughness.png'.
     at: open (core/io/resource_format_binary.cpp:1025)
     GDScript backtrace (most recent call first):
         [0] create_body (res://scripts/player_appearance.gd:16)
         [1] _ready (res://scripts/player_portrait.gd:30)
         [2] _build_equipment_panel (res://scripts/inventory_overlay.gd:334)
         [3] _build_interface (res://scripts/inventory_overlay.gd:296)
         [4] _ensure_built (res://scripts/inventory_overlay.gd:206)
         [5] _ready (res://scripts/inventory_overlay.gd:124)
         [6] _spawn_inventory_overlay (res://scripts/game.gd:511)
         [7] _ready (res://scripts/game.gd:77)
         [8] _ready (res://scripts/test_room.gd:51)
WARNING: 'res://assets/3d/player/gravebound_player.glb': In external resource #3, invalid UID: 'uid://pw5q8ytfy0uh' - using text path instead: 'res://assets/3d/player/gravebound_player_supplied_hand_normal.png'.
     at: open (core/io/resource_format_binary.cpp:1025)
     GDScript backtrace (most recent call first):
         [0] create_body (res://scripts/player_appearance.gd:16)
         [1] _ready (res://scripts/player_portrait.gd:30)
         [2] _build_equipment_panel (res://scripts/inventory_overlay.gd:334)
         [3] _build_interface (res://scripts/inventory_overlay.gd:296)
         [4] _ensure_built (res://scripts/inventory_overlay.gd:206)
         [5] _ready (res://scripts/inventory_overlay.gd:124)
         [6] _spawn_inventory_overlay (res://scripts/game.gd:511)
         [7] _ready (res://scripts/game.gd:77)
         [8] _ready (res://scripts/test_room.gd:51)
WARNING: 'res://assets/3d/player/gravebound_player.glb': In external resource #0, invalid UID: 'uid://dm6jl477iau43' - using text path instead: 'res://assets/3d/player/gravebound_player_gravebound_atlas.png'.
     at: open (core/io/resource_format_binary.cpp:1025)
     GDScript backtrace (most recent call first):
         [0] create_body (res://scripts/player_appearance.gd:16)
         [1] _build_body (res://scripts/player.gd:324)
         [2] _ready (res://scripts/player.gd:305)
         [3] _spawn_player (res://scripts/game.gd:519)
         [4] _ready (res://scripts/game.gd:78)
         [5] _ready (res://scripts/test_room.gd:51)
WARNING: 'res://assets/3d/player/gravebound_player.glb': In external resource #1, invalid UID: 'uid://db7derc61j4ws' - using text path instead: 'res://assets/3d/player/gravebound_player_supplied_hand_basecolor.png'.
     at: open (core/io/resource_format_binary.cpp:1025)
     GDScript backtrace (most recent call first):
         [0] create_body (res://scripts/player_appearance.gd:16)
         [1] _build_body (res://scripts/player.gd:324)
         [2] _ready (res://scripts/player.gd:305)
         [3] _spawn_player (res://scripts/game.gd:519)
         [4] _ready (res://scripts/game.gd:78)
         [5] _ready (res://scripts/test_room.gd:51)
WARNING: 'res://assets/3d/player/gravebound_player.glb': In external resource #2, invalid UID: 'uid://3gixep4uts2t' - using text path instead: 'res://assets/3d/player/gravebound_player_supplied_hand_roughness.png'.
     at: open (core/io/resource_format_binary.cpp:1025)
     GDScript backtrace (most recent call first):
         [0] create_body (res://scripts/player_appearance.gd:16)
         [1] _build_body (res://scripts/player.gd:324)
         [2] _ready (res://scripts/player.gd:305)
         [3] _spawn_player (res://scripts/game.gd:519)
         [4] _ready (res://scripts/game.gd:78)
         [5] _ready (res://scripts/test_room.gd:51)
WARNING: 'res://assets/3d/player/gravebound_player.glb': In external resource #3, invalid UID: 'uid://pw5q8ytfy0uh' - using text path instead: 'res://assets/3d/player/gravebound_player_supplied_hand_normal.png'.
     at: open (core/io/resource_format_binary.cpp:1025)
     GDScript backtrace (most recent call first):
         [0] create_body (res://scripts/player_appearance.gd:16)
         [1] _build_body (res://scripts/player.gd:324)
         [2] _ready (res://scripts/player.gd:305)
         [3] _spawn_player (res://scripts/game.gd:519)
         [4] _ready (res://scripts/game.gd:78)
         [5] _ready (res://scripts/test_room.gd:51)
WARNING: 'res://assets/3d/player/hands_detailed/right_hand_detailed.glb': In external resource #3, invalid UID: 'uid://cu1eumo53ivs' - using text path instead: 'res://assets/3d/player/hands_detailed/right_hand_detailed_supplied_hand_basecolor.png'.
     at: open (core/io/resource_format_binary.cpp:1025)
     GDScript backtrace (most recent call first):
         [0] setup (res://scripts/greybox_arm_visual.gd:57)
         [1] set_visual_profile (res://scripts/player_arm_visual.gd:132)
         [2] setup (res://scripts/player_arm_visual.gd:36)
         [3] _add_character_arm (res://scripts/player.gd:2503)
         [4] _build_viewmodel (res://scripts/player.gd:363)
         [5] _ready (res://scripts/player.gd:306)
         [6] _spawn_player (res://scripts/game.gd:519)
         [7] _ready (res://scripts/game.gd:78)
         [8] _ready (res://scripts/test_room.gd:51)
WARNING: 'res://assets/3d/player/hands_detailed/right_hand_detailed.glb': In external resource #4, invalid UID: 'uid://cpiw2d3wy8jwl' - using text path instead: 'res://assets/3d/player/hands_detailed/right_hand_detailed_supplied_hand_roughness.png'.
     at: open (core/io/resource_format_binary.cpp:1025)
     GDScript backtrace (most recent call first):
         [0] setup (res://scripts/greybox_arm_visual.gd:57)
         [1] set_visual_profile (res://scripts/player_arm_visual.gd:132)
         [2] setup (res://scripts/player_arm_visual.gd:36)
         [3] _add_character_arm (res://scripts/player.gd:2503)
         [4] _build_viewmodel (res://scripts/player.gd:363)
         [5] _ready (res://scripts/player.gd:306)
         [6] _spawn_player (res://scripts/game.gd:519)
         [7] _ready (res://scripts/game.gd:78)
         [8] _ready (res://scripts/test_room.gd:51)
WARNING: 'res://assets/3d/player/hands_detailed/right_hand_detailed.glb': In external resource #5, invalid UID: 'uid://cvh246lgxjk3t' - using text path instead: 'res://assets/3d/player/hands_detailed/right_hand_detailed_supplied_hand_normal.png'.
     at: open (core/io/resource_format_binary.cpp:1025)
     GDScript backtrace (most recent call first):
         [0] setup (res://scripts/greybox_arm_visual.gd:57)
         [1] set_visual_profile (res://scripts/player_arm_visual.gd:132)
         [2] setup (res://scripts/player_arm_visual.gd:36)
         [3] _add_character_arm (res://scripts/player.gd:2503)
         [4] _build_viewmodel (res://scripts/player.gd:363)
         [5] _ready (res://scripts/player.gd:306)
         [6] _spawn_player (res://scripts/game.gd:519)
         [7] _ready (res://scripts/game.gd:78)
         [8] _ready (res://scripts/test_room.gd:51)
WARNING: 'res://assets/3d/player/hands_detailed/left_hand_detailed.glb': In external resource #3, invalid UID: 'uid://cnhahwnl7bb4j' - using text path instead: 'res://assets/3d/player/hands_detailed/left_hand_detailed_supplied_hand_basecolor.png'.
     at: open (core/io/resource_format_binary.cpp:1025)
     GDScript backtrace (most recent call first):
         [0] setup (res://scripts/greybox_arm_visual.gd:57)
         [1] set_visual_profile (res://scripts/player_arm_visual.gd:132)
         [2] setup (res://scripts/player_arm_visual.gd:36)
         [3] _add_character_arm (res://scripts/player.gd:2503)
         [4] _build_equipped_torch (res://scripts/player.gd:516)
         [5] _build_viewmodel (res://scripts/player.gd:371)
         [6] _ready (res://scripts/player.gd:306)
         [7] _spawn_player (res://scripts/game.gd:519)
         [8] _ready (res://scripts/game.gd:78)
         [9] _ready (res://scripts/test_room.gd:51)
WARNING: 'res://assets/3d/player/hands_detailed/left_hand_detailed.glb': In external resource #4, invalid UID: 'uid://ca83fge411pjy' - using text path instead: 'res://assets/3d/player/hands_detailed/left_hand_detailed_supplied_hand_roughness.png'.
     at: open (core/io/resource_format_binary.cpp:1025)
     GDScript backtrace (most recent call first):
         [0] setup (res://scripts/greybox_arm_visual.gd:57)
         [1] set_visual_profile (res://scripts/player_arm_visual.gd:132)
         [2] setup (res://scripts/player_arm_visual.gd:36)
         [3] _add_character_arm (res://scripts/player.gd:2503)
         [4] _build_equipped_torch (res://scripts/player.gd:516)
         [5] _build_viewmodel (res://scripts/player.gd:371)
         [6] _ready (res://scripts/player.gd:306)
         [7] _spawn_player (res://scripts/game.gd:519)
         [8] _ready (res://scripts/game.gd:78)
         [9] _ready (res://scripts/test_room.gd:51)
WARNING: 'res://assets/3d/player/hands_detailed/left_hand_detailed.glb': In external resource #5, invalid UID: 'uid://cl2lpb26x10rr' - using text path instead: 'res://assets/3d/player/hands_detailed/left_hand_detailed_supplied_hand_normal.png'.
     at: open (core/io/resource_format_binary.cpp:1025)
     GDScript backtrace (most recent call first):
         [0] setup (res://scripts/greybox_arm_visual.gd:57)
         [1] set_visual_profile (res://scripts/player_arm_visual.gd:132)
         [2] setup (res://scripts/player_arm_visual.gd:36)
         [3] _add_character_arm (res://scripts/player.gd:2503)
         [4] _build_equipped_torch (res://scripts/player.gd:516)
         [5] _build_viewmodel (res://scripts/player.gd:371)
         [6] _ready (res://scripts/player.gd:306)
         [7] _spawn_player (res://scripts/game.gd:519)
         [8] _ready (res://scripts/game.gd:78)
         [9] _ready (res://scripts/test_room.gd:51)
WARNING: 'res://assets/3d/player/hands_detailed/left_hand_detailed.glb': In external resource #3, invalid UID: 'uid://cnhahwnl7bb4j' - using text path instead: 'res://assets/3d/player/hands_detailed/left_hand_detailed_supplied_hand_basecolor.png'.
     at: open (core/io/resource_format_binary.cpp:1025)
     GDScript backtrace (most recent call first):
         [0] setup (res://scripts/greybox_arm_visual.gd:57)
         [1] set_visual_profile (res://scripts/player_arm_visual.gd:132)
         [2] setup (res://scripts/player_arm_visual.gd:36)
         [3] _add_character_arm (res://scripts/player.gd:2503)
         [4] _build_viewmodel (res://scripts/player.gd:375)
         [5] _ready (res://scripts/player.gd:306)
         [6] _spawn_player (res://scripts/game.gd:519)
         [7] _ready (res://scripts/game.gd:78)
         [8] _ready (res://scripts/test_room.gd:51)
WARNING: 'res://assets/3d/player/hands_detailed/left_hand_detailed.glb': In external resource #4, invalid UID: 'uid://ca83fge411pjy' - using text path instead: 'res://assets/3d/player/hands_detailed/left_hand_detailed_supplied_hand_roughness.png'.
     at: open (core/io/resource_format_binary.cpp:1025)
     GDScript backtrace (most recent call first):
         [0] setup (res://scripts/greybox_arm_visual.gd:57)
         [1] set_visual_profile (res://scripts/player_arm_visual.gd:132)
         [2] setup (res://scripts/player_arm_visual.gd:36)
         [3] _add_character_arm (res://scripts/player.gd:2503)
         [4] _build_viewmodel (res://scripts/player.gd:375)
         [5] _ready (res://scripts/player.gd:306)
         [6] _spawn_player (res://scripts/game.gd:519)
         [7] _ready (res://scripts/game.gd:78)
         [8] _ready (res://scripts/test_room.gd:51)
WARNING: 'res://assets/3d/player/hands_detailed/left_hand_detailed.glb': In external resource #5, invalid UID: 'uid://cl2lpb26x10rr' - using text path instead: 'res://assets/3d/player/hands_detailed/left_hand_detailed_supplied_hand_normal.png'.
     at: open (core/io/resource_format_binary.cpp:1025)
     GDScript backtrace (most recent call first):
         [0] setup (res://scripts/greybox_arm_visual.gd:57)
         [1] set_visual_profile (res://scripts/player_arm_visual.gd:132)
         [2] setup (res://scripts/player_arm_visual.gd:36)
         [3] _add_character_arm (res://scripts/player.gd:2503)
         [4] _build_viewmodel (res://scripts/player.gd:375)
         [5] _ready (res://scripts/player.gd:306)
         [6] _spawn_player (res://scripts/game.gd:519)
         [7] _ready (res://scripts/game.gd:78)
         [8] _ready (res://scripts/test_room.gd:51)
WARNING: 'res://assets/3d/player/hands_detailed/right_hand_detailed.glb': In external resource #3, invalid UID: 'uid://cu1eumo53ivs' - using text path instead: 'res://assets/3d/player/hands_detailed/right_hand_detailed_supplied_hand_basecolor.png'.
     at: open (core/io/resource_format_binary.cpp:1025)
     GDScript backtrace (most recent call first):
         [0] setup (res://scripts/greybox_arm_visual.gd:57)
         [1] set_visual_profile (res://scripts/player_arm_visual.gd:132)
         [2] setup (res://scripts/player_arm_visual.gd:36)
         [3] _add_character_arm (res://scripts/player.gd:2503)
         [4] _build_viewmodel (res://scripts/player.gd:377)
         [5] _ready (res://scripts/player.gd:306)
         [6] _spawn_player (res://scripts/game.gd:519)
         [7] _ready (res://scripts/game.gd:78)
         [8] _ready (res://scripts/test_room.gd:51)
WARNING: 'res://assets/3d/player/hands_detailed/right_hand_detailed.glb': In external resource #4, invalid UID: 'uid://cpiw2d3wy8jwl' - using text path instead: 'res://assets/3d/player/hands_detailed/right_hand_detailed_supplied_hand_roughness.png'.
     at: open (core/io/resource_format_binary.cpp:1025)
     GDScript backtrace (most recent call first):
         [0] setup (res://scripts/greybox_arm_visual.gd:57)
         [1] set_visual_profile (res://scripts/player_arm_visual.gd:132)
         [2] setup (res://scripts/player_arm_visual.gd:36)
         [3] _add_character_arm (res://scripts/player.gd:2503)
         [4] _build_viewmodel (res://scripts/player.gd:377)
         [5] _ready (res://scripts/player.gd:306)
         [6] _spawn_player (res://scripts/game.gd:519)
         [7] _ready (res://scripts/game.gd:78)
         [8] _ready (res://scripts/test_room.gd:51)
WARNING: 'res://assets/3d/player/hands_detailed/right_hand_detailed.glb': In external resource #5, invalid UID: 'uid://cvh246lgxjk3t' - using text path instead: 'res://assets/3d/player/hands_detailed/right_hand_detailed_supplied_hand_normal.png'.
     at: open (core/io/resource_format_binary.cpp:1025)
     GDScript backtrace (most recent call first):
         [0] setup (res://scripts/greybox_arm_visual.gd:57)
         [1] set_visual_profile (res://scripts/player_arm_visual.gd:132)
         [2] setup (res://scripts/player_arm_visual.gd:36)
         [3] _add_character_arm (res://scripts/player.gd:2503)
         [4] _build_viewmodel (res://scripts/player.gd:377)
         [5] _ready (res://scripts/player.gd:306)
         [6] _spawn_player (res://scripts/game.gd:519)
         [7] _ready (res://scripts/game.gd:78)
         [8] _ready (res://scripts/test_room.gd:51)
WARNING: 'res://assets/3d/player/hands_detailed/left_hand_detailed.glb': In external resource #3, invalid UID: 'uid://cnhahwnl7bb4j' - using text path instead: 'res://assets/3d/player/hands_detailed/left_hand_detailed_supplied_hand_basecolor.png'.
     at: open (core/io/resource_format_binary.cpp:1025)
     GDScript backtrace (most recent call first):
         [0] setup (res://scripts/greybox_arm_visual.gd:57)
         [1] set_visual_profile (res://scripts/player_arm_visual.gd:132)
         [2] setup (res://scripts/player_arm_visual.gd:36)
         [3] _build_hand (res://scripts/chest_hand_visuals.gd:128)
         [4] _ensure_built (res://scripts/chest_hand_visuals.gd:116)
         [5] setup (res://scripts/chest_hand_visuals.gd:26)
         [6] _build_viewmodel (res://scripts/player.gd:382)
         [7] _ready (res://scripts/player.gd:306)
         [8] _spawn_player (res://scripts/game.gd:519)
         [9] _ready (res://scripts/game.gd:78)
         [10] _ready (res://scripts/test_room.gd:51)
WARNING: 'res://assets/3d/player/hands_detailed/left_hand_detailed.glb': In external resource #4, invalid UID: 'uid://ca83fge411pjy' - using text path instead: 'res://assets/3d/player/hands_detailed/left_hand_detailed_supplied_hand_roughness.png'.
     at: open (core/io/resource_format_binary.cpp:1025)
     GDScript backtrace (most recent call first):
         [0] setup (res://scripts/greybox_arm_visual.gd:57)
         [1] set_visual_profile (res://scripts/player_arm_visual.gd:132)
         [2] setup (res://scripts/player_arm_visual.gd:36)
         [3] _build_hand (res://scripts/chest_hand_visuals.gd:128)
         [4] _ensure_built (res://scripts/chest_hand_visuals.gd:116)
         [5] setup (res://scripts/chest_hand_visuals.gd:26)
         [6] _build_viewmodel (res://scripts/player.gd:382)
         [7] _ready (res://scripts/player.gd:306)
         [8] _spawn_player (res://scripts/game.gd:519)
         [9] _ready (res://scripts/game.gd:78)
         [10] _ready (res://scripts/test_room.gd:51)
WARNING: 'res://assets/3d/player/hands_detailed/left_hand_detailed.glb': In external resource #5, invalid UID: 'uid://cl2lpb26x10rr' - using text path instead: 'res://assets/3d/player/hands_detailed/left_hand_detailed_supplied_hand_normal.png'.
     at: open (core/io/resource_format_binary.cpp:1025)
     GDScript backtrace (most recent call first):
         [0] setup (res://scripts/greybox_arm_visual.gd:57)
         [1] set_visual_profile (res://scripts/player_arm_visual.gd:132)
         [2] setup (res://scripts/player_arm_visual.gd:36)
         [3] _build_hand (res://scripts/chest_hand_visuals.gd:128)
         [4] _ensure_built (res://scripts/chest_hand_visuals.gd:116)
         [5] setup (res://scripts/chest_hand_visuals.gd:26)
         [6] _build_viewmodel (res://scripts/player.gd:382)
         [7] _ready (res://scripts/player.gd:306)
         [8] _spawn_player (res://scripts/game.gd:519)
         [9] _ready (res://scripts/game.gd:78)
         [10] _ready (res://scripts/test_room.gd:51)
WARNING: 'res://assets/3d/player/hands_detailed/right_hand_detailed.glb': In external resource #3, invalid UID: 'uid://cu1eumo53ivs' - using text path instead: 'res://assets/3d/player/hands_detailed/right_hand_detailed_supplied_hand_basecolor.png'.
     at: open (core/io/resource_format_binary.cpp:1025)
     GDScript backtrace (most recent call first):
         [0] setup (res://scripts/greybox_arm_visual.gd:57)
         [1] set_visual_profile (res://scripts/player_arm_visual.gd:132)
         [2] setup (res://scripts/player_arm_visual.gd:36)
         [3] _build_hand (res://scripts/chest_hand_visuals.gd:128)
         [4] _ensure_built (res://scripts/chest_hand_visuals.gd:117)
         [5] setup (res://scripts/chest_hand_visuals.gd:26)
         [6] _build_viewmodel (res://scripts/player.gd:382)
         [7] _ready (res://scripts/player.gd:306)
         [8] _spawn_player (res://scripts/game.gd:519)
         [9] _ready (res://scripts/game.gd:78)
         [10] _ready (res://scripts/test_room.gd:51)
WARNING: 'res://assets/3d/player/hands_detailed/right_hand_detailed.glb': In external resource #4, invalid UID: 'uid://cpiw2d3wy8jwl' - using text path instead: 'res://assets/3d/player/hands_detailed/right_hand_detailed_supplied_hand_roughness.png'.
     at: open (core/io/resource_format_binary.cpp:1025)
     GDScript backtrace (most recent call first):
         [0] setup (res://scripts/greybox_arm_visual.gd:57)
         [1] set_visual_profile (res://scripts/player_arm_visual.gd:132)
         [2] setup (res://scripts/player_arm_visual.gd:36)
         [3] _build_hand (res://scripts/chest_hand_visuals.gd:128)
         [4] _ensure_built (res://scripts/chest_hand_visuals.gd:117)
         [5] setup (res://scripts/chest_hand_visuals.gd:26)
         [6] _build_viewmodel (res://scripts/player.gd:382)
         [7] _ready (res://scripts/player.gd:306)
         [8] _spawn_player (res://scripts/game.gd:519)
         [9] _ready (res://scripts/game.gd:78)
         [10] _ready (res://scripts/test_room.gd:51)
WARNING: 'res://assets/3d/player/hands_detailed/right_hand_detailed.glb': In external resource #5, invalid UID: 'uid://cvh246lgxjk3t' - using text path instead: 'res://assets/3d/player/hands_detailed/right_hand_detailed_supplied_hand_normal.png'.
     at: open (core/io/resource_format_binary.cpp:1025)
     GDScript backtrace (most recent call first):
         [0] setup (res://scripts/greybox_arm_visual.gd:57)
         [1] set_visual_profile (res://scripts/player_arm_visual.gd:132)
         [2] setup (res://scripts/player_arm_visual.gd:36)
         [3] _build_hand (res://scripts/chest_hand_visuals.gd:128)
         [4] _ensure_built (res://scripts/chest_hand_visuals.gd:117)
         [5] setup (res://scripts/chest_hand_visuals.gd:26)
         [6] _build_viewmodel (res://scripts/player.gd:382)
         [7] _ready (res://scripts/player.gd:306)
         [8] _spawn_player (res://scripts/game.gd:519)
         [9] _ready (res://scripts/game.gd:78)
         [10] _ready (res://scripts/test_room.gd:51)
WARNING: 'res://assets/3d/player/gravebound_player.glb': In external resource #0, invalid UID: 'uid://dm6jl477iau43' - using text path instead: 'res://assets/3d/player/gravebound_player_gravebound_atlas.png'.
     at: open (core/io/resource_format_binary.cpp:1025)
     GDScript backtrace (most recent call first):
         [0] create_body (res://scripts/player_appearance.gd:16)
         [1] _ready (res://scripts/player_portrait.gd:30)
         [2] _build_equipment_panel (res://scripts/inventory_overlay.gd:334)
         [3] _build_interface (res://scripts/inventory_overlay.gd:296)
         [4] _ensure_built (res://scripts/inventory_overlay.gd:206)
         [5] _ready (res://scripts/inventory_overlay.gd:124)
         [6] _spawn_inventory_overlay (res://scripts/game.gd:511)
         [7] _ready (res://scripts/game.gd:77)
WARNING: 'res://assets/3d/player/gravebound_player.glb': In external resource #1, invalid UID: 'uid://db7derc61j4ws' - using text path instead: 'res://assets/3d/player/gravebound_player_supplied_hand_basecolor.png'.
     at: open (core/io/resource_format_binary.cpp:1025)
     GDScript backtrace (most recent call first):
         [0] create_body (res://scripts/player_appearance.gd:16)
         [1] _ready (res://scripts/player_portrait.gd:30)
         [2] _build_equipment_panel (res://scripts/inventory_overlay.gd:334)
         [3] _build_interface (res://scripts/inventory_overlay.gd:296)
         [4] _ensure_built (res://scripts/inventory_overlay.gd:206)
         [5] _ready (res://scripts/inventory_overlay.gd:124)
         [6] _spawn_inventory_overlay (res://scripts/game.gd:511)
         [7] _ready (res://scripts/game.gd:77)
WARNING: 'res://assets/3d/player/gravebound_player.glb': In external resource #2, invalid UID: 'uid://3gixep4uts2t' - using text path instead: 'res://assets/3d/player/gravebound_player_supplied_hand_roughness.png'.
     at: open (core/io/resource_format_binary.cpp:1025)
     GDScript backtrace (most recent call first):
         [0] create_body (res://scripts/player_appearance.gd:16)
         [1] _ready (res://scripts/player_portrait.gd:30)
         [2] _build_equipment_panel (res://scripts/inventory_overlay.gd:334)
         [3] _build_interface (res://scripts/inventory_overlay.gd:296)
         [4] _ensure_built (res://scripts/inventory_overlay.gd:206)
         [5] _ready (res://scripts/inventory_overlay.gd:124)
         [6] _spawn_inventory_overlay (res://scripts/game.gd:511)
         [7] _ready (res://scripts/game.gd:77)
WARNING: 'res://assets/3d/player/gravebound_player.glb': In external resource #3, invalid UID: 'uid://pw5q8ytfy0uh' - using text path instead: 'res://assets/3d/player/gravebound_player_supplied_hand_normal.png'.
     at: open (core/io/resource_format_binary.cpp:1025)
     GDScript backtrace (most recent call first):
         [0] create_body (res://scripts/player_appearance.gd:16)
         [1] _ready (res://scripts/player_portrait.gd:30)
         [2] _build_equipment_panel (res://scripts/inventory_overlay.gd:334)
         [3] _build_interface (res://scripts/inventory_overlay.gd:296)
         [4] _ensure_built (res://scripts/inventory_overlay.gd:206)
         [5] _ready (res://scripts/inventory_overlay.gd:124)
         [6] _spawn_inventory_overlay (res://scripts/game.gd:511)
         [7] _ready (res://scripts/game.gd:77)
WARNING: 'res://assets/3d/player/gravebound_player.glb': In external resource #0, invalid UID: 'uid://dm6jl477iau43' - using text path instead: 'res://assets/3d/player/gravebound_player_gravebound_atlas.png'.
     at: open (core/io/resource_format_binary.cpp:1025)
     GDScript backtrace (most recent call first):
         [0] create_body (res://scripts/player_appearance.gd:16)
         [1] _build_body (res://scripts/player.gd:324)
         [2] _ready (res://scripts/player.gd:305)
         [3] _spawn_player (res://scripts/game.gd:519)
         [4] _ready (res://scripts/game.gd:78)
WARNING: 'res://assets/3d/player/gravebound_player.glb': In external resource #1, invalid UID: 'uid://db7derc61j4ws' - using text path instead: 'res://assets/3d/player/gravebound_player_supplied_hand_basecolor.png'.
     at: open (core/io/resource_format_binary.cpp:1025)
     GDScript backtrace (most recent call first):
         [0] create_body (res://scripts/player_appearance.gd:16)
         [1] _build_body (res://scripts/player.gd:324)
         [2] _ready (res://scripts/player.gd:305)
         [3] _spawn_player (res://scripts/game.gd:519)
         [4] _ready (res://scripts/game.gd:78)
WARNING: 'res://assets/3d/player/gravebound_player.glb': In external resource #2, invalid UID: 'uid://3gixep4uts2t' - using text path instead: 'res://assets/3d/player/gravebound_player_supplied_hand_roughness.png'.
     at: open (core/io/resource_format_binary.cpp:1025)
     GDScript backtrace (most recent call first):
         [0] create_body (res://scripts/player_appearance.gd:16)
         [1] _build_body (res://scripts/player.gd:324)
         [2] _ready (res://scripts/player.gd:305)
         [3] _spawn_player (res://scripts/game.gd:519)
         [4] _ready (res://scripts/game.gd:78)
WARNING: 'res://assets/3d/player/gravebound_player.glb': In external resource #3, invalid UID: 'uid://pw5q8ytfy0uh' - using text path instead: 'res://assets/3d/player/gravebound_player_supplied_hand_normal.png'.
     at: open (core/io/resource_format_binary.cpp:1025)
     GDScript backtrace (most recent call first):
         [0] create_body (res://scripts/player_appearance.gd:16)
         [1] _build_body (res://scripts/player.gd:324)
         [2] _ready (res://scripts/player.gd:305)
         [3] _spawn_player (res://scripts/game.gd:519)
         [4] _ready (res://scripts/game.gd:78)
WARNING: 'res://assets/3d/player/hands_detailed/right_hand_detailed.glb': In external resource #3, invalid UID: 'uid://cu1eumo53ivs' - using text path instead: 'res://assets/3d/player/hands_detailed/right_hand_detailed_supplied_hand_basecolor.png'.
     at: open (core/io/resource_format_binary.cpp:1025)
     GDScript backtrace (most recent call first):
         [0] setup (res://scripts/greybox_arm_visual.gd:57)
         [1] set_visual_profile (res://scripts/player_arm_visual.gd:132)
         [2] setup (res://scripts/player_arm_visual.gd:36)
         [3] _add_character_arm (res://scripts/player.gd:2503)
         [4] _build_viewmodel (res://scripts/player.gd:363)
         [5] _ready (res://scripts/player.gd:306)
         [6] _spawn_player (res://scripts/game.gd:519)
         [7] _ready (res://scripts/game.gd:78)
WARNING: 'res://assets/3d/player/hands_detailed/right_hand_detailed.glb': In external resource #4, invalid UID: 'uid://cpiw2d3wy8jwl' - using text path instead: 'res://assets/3d/player/hands_detailed/right_hand_detailed_supplied_hand_roughness.png'.
     at: open (core/io/resource_format_binary.cpp:1025)
     GDScript backtrace (most recent call first):
         [0] setup (res://scripts/greybox_arm_visual.gd:57)
         [1] set_visual_profile (res://scripts/player_arm_visual.gd:132)
         [2] setup (res://scripts/player_arm_visual.gd:36)
         [3] _add_character_arm (res://scripts/player.gd:2503)
         [4] _build_viewmodel (res://scripts/player.gd:363)
         [5] _ready (res://scripts/player.gd:306)
         [6] _spawn_player (res://scripts/game.gd:519)
         [7] _ready (res://scripts/game.gd:78)
WARNING: 'res://assets/3d/player/hands_detailed/right_hand_detailed.glb': In external resource #5, invalid UID: 'uid://cvh246lgxjk3t' - using text path instead: 'res://assets/3d/player/hands_detailed/right_hand_detailed_supplied_hand_normal.png'.
     at: open (core/io/resource_format_binary.cpp:1025)
     GDScript backtrace (most recent call first):
         [0] setup (res://scripts/greybox_arm_visual.gd:57)
         [1] set_visual_profile (res://scripts/player_arm_visual.gd:132)
         [2] setup (res://scripts/player_arm_visual.gd:36)
         [3] _add_character_arm (res://scripts/player.gd:2503)
         [4] _build_viewmodel (res://scripts/player.gd:363)
         [5] _ready (res://scripts/player.gd:306)
         [6] _spawn_player (res://scripts/game.gd:519)
         [7] _ready (res://scripts/game.gd:78)
WARNING: 'res://assets/3d/player/hands_detailed/left_hand_detailed.glb': In external resource #3, invalid UID: 'uid://cnhahwnl7bb4j' - using text path instead: 'res://assets/3d/player/hands_detailed/left_hand_detailed_supplied_hand_basecolor.png'.
     at: open (core/io/resource_format_binary.cpp:1025)
     GDScript backtrace (most recent call first):
         [0] setup (res://scripts/greybox_arm_visual.gd:57)
         [1] set_visual_profile (res://scripts/player_arm_visual.gd:132)
         [2] setup (res://scripts/player_arm_visual.gd:36)
         [3] _add_character_arm (res://scripts/player.gd:2503)
         [4] _build_equipped_torch (res://scripts/player.gd:516)
         [5] _build_viewmodel (res://scripts/player.gd:371)
         [6] _ready (res://scripts/player.gd:306)
         [7] _spawn_player (res://scripts/game.gd:519)
         [8] _ready (res://scripts/game.gd:78)
WARNING: 'res://assets/3d/player/hands_detailed/left_hand_detailed.glb': In external resource #4, invalid UID: 'uid://ca83fge411pjy' - using text path instead: 'res://assets/3d/player/hands_detailed/left_hand_detailed_supplied_hand_roughness.png'.
     at: open (core/io/resource_format_binary.cpp:1025)
     GDScript backtrace (most recent call first):
         [0] setup (res://scripts/greybox_arm_visual.gd:57)
         [1] set_visual_profile (res://scripts/player_arm_visual.gd:132)
         [2] setup (res://scripts/player_arm_visual.gd:36)
         [3] _add_character_arm (res://scripts/player.gd:2503)
         [4] _build_equipped_torch (res://scripts/player.gd:516)
         [5] _build_viewmodel (res://scripts/player.gd:371)
         [6] _ready (res://scripts/player.gd:306)
         [7] _spawn_player (res://scripts/game.gd:519)
         [8] _ready (res://scripts/game.gd:78)
WARNING: 'res://assets/3d/player/hands_detailed/left_hand_detailed.glb': In external resource #5, invalid UID: 'uid://cl2lpb26x10rr' - using text path instead: 'res://assets/3d/player/hands_detailed/left_hand_detailed_supplied_hand_normal.png'.
     at: open (core/io/resource_format_binary.cpp:1025)
     GDScript backtrace (most recent call first):
         [0] setup (res://scripts/greybox_arm_visual.gd:57)
         [1] set_visual_profile (res://scripts/player_arm_visual.gd:132)
         [2] setup (res://scripts/player_arm_visual.gd:36)
         [3] _add_character_arm (res://scripts/player.gd:2503)
         [4] _build_equipped_torch (res://scripts/player.gd:516)
         [5] _build_viewmodel (res://scripts/player.gd:371)
         [6] _ready (res://scripts/player.gd:306)
         [7] _spawn_player (res://scripts/game.gd:519)
         [8] _ready (res://scripts/game.gd:78)
WARNING: 'res://assets/3d/player/hands_detailed/left_hand_detailed.glb': In external resource #3, invalid UID: 'uid://cnhahwnl7bb4j' - using text path instead: 'res://assets/3d/player/hands_detailed/left_hand_detailed_supplied_hand_basecolor.png'.
     at: open (core/io/resource_format_binary.cpp:1025)
     GDScript backtrace (most recent call first):
         [0] setup (res://scripts/greybox_arm_visual.gd:57)
         [1] set_visual_profile (res://scripts/player_arm_visual.gd:132)
         [2] setup (res://scripts/player_arm_visual.gd:36)
         [3] _add_character_arm (res://scripts/player.gd:2503)
         [4] _build_viewmodel (res://scripts/player.gd:375)
         [5] _ready (res://scripts/player.gd:306)
         [6] _spawn_player (res://scripts/game.gd:519)
         [7] _ready (res://scripts/game.gd:78)
WARNING: 'res://assets/3d/player/hands_detailed/left_hand_detailed.glb': In external resource #4, invalid UID: 'uid://ca83fge411pjy' - using text path instead: 'res://assets/3d/player/hands_detailed/left_hand_detailed_supplied_hand_roughness.png'.
     at: open (core/io/resource_format_binary.cpp:1025)
     GDScript backtrace (most recent call first):
         [0] setup (res://scripts/greybox_arm_visual.gd:57)
         [1] set_visual_profile (res://scripts/player_arm_visual.gd:132)
         [2] setup (res://scripts/player_arm_visual.gd:36)
         [3] _add_character_arm (res://scripts/player.gd:2503)
         [4] _build_viewmodel (res://scripts/player.gd:375)
         [5] _ready (res://scripts/player.gd:306)
         [6] _spawn_player (res://scripts/game.gd:519)
         [7] _ready (res://scripts/game.gd:78)
WARNING: 'res://assets/3d/player/hands_detailed/left_hand_detailed.glb': In external resource #5, invalid UID: 'uid://cl2lpb26x10rr' - using text path instead: 'res://assets/3d/player/hands_detailed/left_hand_detailed_supplied_hand_normal.png'.
     at: open (core/io/resource_format_binary.cpp:1025)
     GDScript backtrace (most recent call first):
         [0] setup (res://scripts/greybox_arm_visual.gd:57)
         [1] set_visual_profile (res://scripts/player_arm_visual.gd:132)
         [2] setup (res://scripts/player_arm_visual.gd:36)
         [3] _add_character_arm (res://scripts/player.gd:2503)
         [4] _build_viewmodel (res://scripts/player.gd:375)
         [5] _ready (res://scripts/player.gd:306)
         [6] _spawn_player (res://scripts/game.gd:519)
         [7] _ready (res://scripts/game.gd:78)
WARNING: 'res://assets/3d/player/hands_detailed/right_hand_detailed.glb': In external resource #3, invalid UID: 'uid://cu1eumo53ivs' - using text path instead: 'res://assets/3d/player/hands_detailed/right_hand_detailed_supplied_hand_basecolor.png'.
     at: open (core/io/resource_format_binary.cpp:1025)
     GDScript backtrace (most recent call first):
         [0] setup (res://scripts/greybox_arm_visual.gd:57)
         [1] set_visual_profile (res://scripts/player_arm_visual.gd:132)
         [2] setup (res://scripts/player_arm_visual.gd:36)
         [3] _add_character_arm (res://scripts/player.gd:2503)
         [4] _build_viewmodel (res://scripts/player.gd:377)
         [5] _ready (res://scripts/player.gd:306)
         [6] _spawn_player (res://scripts/game.gd:519)
         [7] _ready (res://scripts/game.gd:78)
WARNING: 'res://assets/3d/player/hands_detailed/right_hand_detailed.glb': In external resource #4, invalid UID: 'uid://cpiw2d3wy8jwl' - using text path instead: 'res://assets/3d/player/hands_detailed/right_hand_detailed_supplied_hand_roughness.png'.
     at: open (core/io/resource_format_binary.cpp:1025)
     GDScript backtrace (most recent call first):
         [0] setup (res://scripts/greybox_arm_visual.gd:57)
         [1] set_visual_profile (res://scripts/player_arm_visual.gd:132)
         [2] setup (res://scripts/player_arm_visual.gd:36)
         [3] _add_character_arm (res://scripts/player.gd:2503)
         [4] _build_viewmodel (res://scripts/player.gd:377)
         [5] _ready (res://scripts/player.gd:306)
         [6] _spawn_player (res://scripts/game.gd:519)
         [7] _ready (res://scripts/game.gd:78)
WARNING: 'res://assets/3d/player/hands_detailed/right_hand_detailed.glb': In external resource #5, invalid UID: 'uid://cvh246lgxjk3t' - using text path instead: 'res://assets/3d/player/hands_detailed/right_hand_detailed_supplied_hand_normal.png'.
     at: open (core/io/resource_format_binary.cpp:1025)
     GDScript backtrace (most recent call first):
         [0] setup (res://scripts/greybox_arm_visual.gd:57)
         [1] set_visual_profile (res://scripts/player_arm_visual.gd:132)
         [2] setup (res://scripts/player_arm_visual.gd:36)
         [3] _add_character_arm (res://scripts/player.gd:2503)
         [4] _build_viewmodel (res://scripts/player.gd:377)
         [5] _ready (res://scripts/player.gd:306)
         [6] _spawn_player (res://scripts/game.gd:519)
         [7] _ready (res://scripts/game.gd:78)
WARNING: 'res://assets/3d/player/hands_detailed/left_hand_detailed.glb': In external resource #3, invalid UID: 'uid://cnhahwnl7bb4j' - using text path instead: 'res://assets/3d/player/hands_detailed/left_hand_detailed_supplied_hand_basecolor.png'.
     at: open (core/io/resource_format_binary.cpp:1025)
     GDScript backtrace (most recent call first):
         [0] setup (res://scripts/greybox_arm_visual.gd:57)
         [1] set_visual_profile (res://scripts/player_arm_visual.gd:132)
         [2] setup (res://scripts/player_arm_visual.gd:36)
         [3] _build_hand (res://scripts/chest_hand_visuals.gd:128)
         [4] _ensure_built (res://scripts/chest_hand_visuals.gd:116)
         [5] setup (res://scripts/chest_hand_visuals.gd:26)
         [6] _build_viewmodel (res://scripts/player.gd:382)
         [7] _ready (res://scripts/player.gd:306)
         [8] _spawn_player (res://scripts/game.gd:519)
         [9] _ready (res://scripts/game.gd:78)
WARNING: 'res://assets/3d/player/hands_detailed/left_hand_detailed.glb': In external resource #4, invalid UID: 'uid://ca83fge411pjy' - using text path instead: 'res://assets/3d/player/hands_detailed/left_hand_detailed_supplied_hand_roughness.png'.
     at: open (core/io/resource_format_binary.cpp:1025)
     GDScript backtrace (most recent call first):
         [0] setup (res://scripts/greybox_arm_visual.gd:57)
         [1] set_visual_profile (res://scripts/player_arm_visual.gd:132)
         [2] setup (res://scripts/player_arm_visual.gd:36)
         [3] _build_hand (res://scripts/chest_hand_visuals.gd:128)
         [4] _ensure_built (res://scripts/chest_hand_visuals.gd:116)
         [5] setup (res://scripts/chest_hand_visuals.gd:26)
         [6] _build_viewmodel (res://scripts/player.gd:382)
         [7] _ready (res://scripts/player.gd:306)
         [8] _spawn_player (res://scripts/game.gd:519)
         [9] _ready (res://scripts/game.gd:78)
WARNING: 'res://assets/3d/player/hands_detailed/left_hand_detailed.glb': In external resource #5, invalid UID: 'uid://cl2lpb26x10rr' - using text path instead: 'res://assets/3d/player/hands_detailed/left_hand_detailed_supplied_hand_normal.png'.
     at: open (core/io/resource_format_binary.cpp:1025)
     GDScript backtrace (most recent call first):
         [0] setup (res://scripts/greybox_arm_visual.gd:57)
         [1] set_visual_profile (res://scripts/player_arm_visual.gd:132)
         [2] setup (res://scripts/player_arm_visual.gd:36)
         [3] _build_hand (res://scripts/chest_hand_visuals.gd:128)
         [4] _ensure_built (res://scripts/chest_hand_visuals.gd:116)
         [5] setup (res://scripts/chest_hand_visuals.gd:26)
         [6] _build_viewmodel (res://scripts/player.gd:382)
         [7] _ready (res://scripts/player.gd:306)
         [8] _spawn_player (res://scripts/game.gd:519)
         [9] _ready (res://scripts/game.gd:78)
WARNING: 'res://assets/3d/player/hands_detailed/right_hand_detailed.glb': In external resource #3, invalid UID: 'uid://cu1eumo53ivs' - using text path instead: 'res://assets/3d/player/hands_detailed/right_hand_detailed_supplied_hand_basecolor.png'.
     at: open (core/io/resource_format_binary.cpp:1025)
     GDScript backtrace (most recent call first):
         [0] setup (res://scripts/greybox_arm_visual.gd:57)
         [1] set_visual_profile (res://scripts/player_arm_visual.gd:132)
         [2] setup (res://scripts/player_arm_visual.gd:36)
         [3] _build_hand (res://scripts/chest_hand_visuals.gd:128)
         [4] _ensure_built (res://scripts/chest_hand_visuals.gd:117)
         [5] setup (res://scripts/chest_hand_visuals.gd:26)
         [6] _build_viewmodel (res://scripts/player.gd:382)
         [7] _ready (res://scripts/player.gd:306)
         [8] _spawn_player (res://scripts/game.gd:519)
         [9] _ready (res://scripts/game.gd:78)
WARNING: 'res://assets/3d/player/hands_detailed/right_hand_detailed.glb': In external resource #4, invalid UID: 'uid://cpiw2d3wy8jwl' - using text path instead: 'res://assets/3d/player/hands_detailed/right_hand_detailed_supplied_hand_roughness.png'.
     at: open (core/io/resource_format_binary.cpp:1025)
     GDScript backtrace (most recent call first):
         [0] setup (res://scripts/greybox_arm_visual.gd:57)
         [1] set_visual_profile (res://scripts/player_arm_visual.gd:132)
         [2] setup (res://scripts/player_arm_visual.gd:36)
         [3] _build_hand (res://scripts/chest_hand_visuals.gd:128)
         [4] _ensure_built (res://scripts/chest_hand_visuals.gd:117)
         [5] setup (res://scripts/chest_hand_visuals.gd:26)
         [6] _build_viewmodel (res://scripts/player.gd:382)
         [7] _ready (res://scripts/player.gd:306)
         [8] _spawn_player (res://scripts/game.gd:519)
         [9] _ready (res://scripts/game.gd:78)
WARNING: 'res://assets/3d/player/hands_detailed/right_hand_detailed.glb': In external resource #5, invalid UID: 'uid://cvh246lgxjk3t' - using text path instead: 'res://assets/3d/player/hands_detailed/right_hand_detailed_supplied_hand_normal.png'.
     at: open (core/io/resource_format_binary.cpp:1025)
     GDScript backtrace (most recent call first):
         [0] setup (res://scripts/greybox_arm_visual.gd:57)
         [1] set_visual_profile (res://scripts/player_arm_visual.gd:132)
         [2] setup (res://scripts/player_arm_visual.gd:36)
         [3] _build_hand (res://scripts/chest_hand_visuals.gd:128)
         [4] _ensure_built (res://scripts/chest_hand_visuals.gd:117)
         [5] setup (res://scripts/chest_hand_visuals.gd:26)
         [6] _build_viewmodel (res://scripts/player.gd:382)
         [7] _ready (res://scripts/player.gd:306)
         [8] _spawn_player (res://scripts/game.gd:519)
         [9] _ready (res://scripts/game.gd:78)
WARNING: 'res://assets/3d/player/gravebound_player.glb': In external resource #0, invalid UID: 'uid://dm6jl477iau43' - using text path instead: 'res://assets/3d/player/gravebound_player_gravebound_atlas.png'.
     at: open (core/io/resource_format_binary.cpp:1025)
     GDScript backtrace (most recent call first):
         [0] create_body (res://scripts/player_appearance.gd:16)
         [1] _ready (res://scripts/player_portrait.gd:30)
         [2] _build_equipment_panel (res://scripts/inventory_overlay.gd:334)
         [3] _build_interface (res://scripts/inventory_overlay.gd:296)
         [4] _ensure_built (res://scripts/inventory_overlay.gd:206)
         [5] _ready (res://scripts/inventory_overlay.gd:124)
         [6] _spawn_inventory_overlay (res://scripts/game.gd:511)
         [7] _ready (res://scripts/game.gd:77)
         [8] _ready (res://scripts/test_room.gd:51)
WARNING: 'res://assets/3d/player/gravebound_player.glb': In external resource #1, invalid UID: 'uid://db7derc61j4ws' - using text path instead: 'res://assets/3d/player/gravebound_player_supplied_hand_basecolor.png'.
     at: open (core/io/resource_format_binary.cpp:1025)
     GDScript backtrace (most recent call first):
         [0] create_body (res://scripts/player_appearance.gd:16)
         [1] _ready (res://scripts/player_portrait.gd:30)
         [2] _build_equipment_panel (res://scripts/inventory_overlay.gd:334)
         [3] _build_interface (res://scripts/inventory_overlay.gd:296)
         [4] _ensure_built (res://scripts/inventory_overlay.gd:206)
         [5] _ready (res://scripts/inventory_overlay.gd:124)
         [6] _spawn_inventory_overlay (res://scripts/game.gd:511)
         [7] _ready (res://scripts/game.gd:77)
         [8] _ready (res://scripts/test_room.gd:51)
WARNING: 'res://assets/3d/player/gravebound_player.glb': In external resource #2, invalid UID: 'uid://3gixep4uts2t' - using text path instead: 'res://assets/3d/player/gravebound_player_supplied_hand_roughness.png'.
     at: open (core/io/resource_format_binary.cpp:1025)
     GDScript backtrace (most recent call first):
         [0] create_body (res://scripts/player_appearance.gd:16)
         [1] _ready (res://scripts/player_portrait.gd:30)
         [2] _build_equipment_panel (res://scripts/inventory_overlay.gd:334)
         [3] _build_interface (res://scripts/inventory_overlay.gd:296)
         [4] _ensure_built (res://scripts/inventory_overlay.gd:206)
         [5] _ready (res://scripts/inventory_overlay.gd:124)
         [6] _spawn_inventory_overlay (res://scripts/game.gd:511)
         [7] _ready (res://scripts/game.gd:77)
         [8] _ready (res://scripts/test_room.gd:51)
WARNING: 'res://assets/3d/player/gravebound_player.glb': In external resource #3, invalid UID: 'uid://pw5q8ytfy0uh' - using text path instead: 'res://assets/3d/player/gravebound_player_supplied_hand_normal.png'.
     at: open (core/io/resource_format_binary.cpp:1025)
     GDScript backtrace (most recent call first):
         [0] create_body (res://scripts/player_appearance.gd:16)
         [1] _ready (res://scripts/player_portrait.gd:30)
         [2] _build_equipment_panel (res://scripts/inventory_overlay.gd:334)
         [3] _build_interface (res://scripts/inventory_overlay.gd:296)
         [4] _ensure_built (res://scripts/inventory_overlay.gd:206)
         [5] _ready (res://scripts/inventory_overlay.gd:124)
         [6] _spawn_inventory_overlay (res://scripts/game.gd:511)
         [7] _ready (res://scripts/game.gd:77)
         [8] _ready (res://scripts/test_room.gd:51)
WARNING: 'res://assets/3d/player/gravebound_player.glb': In external resource #0, invalid UID: 'uid://dm6jl477iau43' - using text path instead: 'res://assets/3d/player/gravebound_player_gravebound_atlas.png'.
     at: open (core/io/resource_format_binary.cpp:1025)
     GDScript backtrace (most recent call first):
         [0] create_body (res://scripts/player_appearance.gd:16)
         [1] _build_body (res://scripts/player.gd:324)
         [2] _ready (res://scripts/player.gd:305)
         [3] _spawn_player (res://scripts/game.gd:519)
         [4] _ready (res://scripts/game.gd:78)
         [5] _ready (res://scripts/test_room.gd:51)
WARNING: 'res://assets/3d/player/gravebound_player.glb': In external resource #1, invalid UID: 'uid://db7derc61j4ws' - using text path instead: 'res://assets/3d/player/gravebound_player_supplied_hand_basecolor.png'.
     at: open (core/io/resource_format_binary.cpp:1025)
     GDScript backtrace (most recent call first):
         [0] create_body (res://scripts/player_appearance.gd:16)
         [1] _build_body (res://scripts/player.gd:324)
         [2] _ready (res://scripts/player.gd:305)
         [3] _spawn_player (res://scripts/game.gd:519)
         [4] _ready (res://scripts/game.gd:78)
         [5] _ready (res://scripts/test_room.gd:51)
WARNING: 'res://assets/3d/player/gravebound_player.glb': In external resource #2, invalid UID: 'uid://3gixep4uts2t' - using text path instead: 'res://assets/3d/player/gravebound_player_supplied_hand_roughness.png'.
     at: open (core/io/resource_format_binary.cpp:1025)
     GDScript backtrace (most recent call first):
         [0] create_body (res://scripts/player_appearance.gd:16)
         [1] _build_body (res://scripts/player.gd:324)
         [2] _ready (res://scripts/player.gd:305)
         [3] _spawn_player (res://scripts/game.gd:519)
         [4] _ready (res://scripts/game.gd:78)
         [5] _ready (res://scripts/test_room.gd:51)
WARNING: 'res://assets/3d/player/gravebound_player.glb': In external resource #3, invalid UID: 'uid://pw5q8ytfy0uh' - using text path instead: 'res://assets/3d/player/gravebound_player_supplied_hand_normal.png'.
     at: open (core/io/resource_format_binary.cpp:1025)
     GDScript backtrace (most recent call first):
         [0] create_body (res://scripts/player_appearance.gd:16)
         [1] _build_body (res://scripts/player.gd:324)
         [2] _ready (res://scripts/player.gd:305)
         [3] _spawn_player (res://scripts/game.gd:519)
         [4] _ready (res://scripts/game.gd:78)
         [5] _ready (res://scripts/test_room.gd:51)
WARNING: 'res://assets/3d/player/hands_detailed/right_hand_detailed.glb': In external resource #3, invalid UID: 'uid://cu1eumo53ivs' - using text path instead: 'res://assets/3d/player/hands_detailed/right_hand_detailed_supplied_hand_basecolor.png'.
     at: open (core/io/resource_format_binary.cpp:1025)
     GDScript backtrace (most recent call first):
         [0] setup (res://scripts/greybox_arm_visual.gd:57)
         [1] set_visual_profile (res://scripts/player_arm_visual.gd:132)
         [2] setup (res://scripts/player_arm_visual.gd:36)
         [3] _add_character_arm (res://scripts/player.gd:2503)
         [4] _build_viewmodel (res://scripts/player.gd:363)
         [5] _ready (res://scripts/player.gd:306)
         [6] _spawn_player (res://scripts/game.gd:519)
         [7] _ready (res://scripts/game.gd:78)
         [8] _ready (res://scripts/test_room.gd:51)
WARNING: 'res://assets/3d/player/hands_detailed/right_hand_detailed.glb': In external resource #4, invalid UID: 'uid://cpiw2d3wy8jwl' - using text path instead: 'res://assets/3d/player/hands_detailed/right_hand_detailed_supplied_hand_roughness.png'.
     at: open (core/io/resource_format_binary.cpp:1025)
     GDScript backtrace (most recent call first):
         [0] setup (res://scripts/greybox_arm_visual.gd:57)
         [1] set_visual_profile (res://scripts/player_arm_visual.gd:132)
         [2] setup (res://scripts/player_arm_visual.gd:36)
         [3] _add_character_arm (res://scripts/player.gd:2503)
         [4] _build_viewmodel (res://scripts/player.gd:363)
         [5] _ready (res://scripts/player.gd:306)
         [6] _spawn_player (res://scripts/game.gd:519)
         [7] _ready (res://scripts/game.gd:78)
         [8] _ready (res://scripts/test_room.gd:51)
WARNING: 'res://assets/3d/player/hands_detailed/right_hand_detailed.glb': In external resource #5, invalid UID: 'uid://cvh246lgxjk3t' - using text path instead: 'res://assets/3d/player/hands_detailed/right_hand_detailed_supplied_hand_normal.png'.
     at: open (core/io/resource_format_binary.cpp:1025)
     GDScript backtrace (most recent call first):
         [0] setup (res://scripts/greybox_arm_visual.gd:57)
         [1] set_visual_profile (res://scripts/player_arm_visual.gd:132)
         [2] setup (res://scripts/player_arm_visual.gd:36)
         [3] _add_character_arm (res://scripts/player.gd:2503)
         [4] _build_viewmodel (res://scripts/player.gd:363)
         [5] _ready (res://scripts/player.gd:306)
         [6] _spawn_player (res://scripts/game.gd:519)
         [7] _ready (res://scripts/game.gd:78)
         [8] _ready (res://scripts/test_room.gd:51)
WARNING: 'res://assets/3d/player/hands_detailed/left_hand_detailed.glb': In external resource #3, invalid UID: 'uid://cnhahwnl7bb4j' - using text path instead: 'res://assets/3d/player/hands_detailed/left_hand_detailed_supplied_hand_basecolor.png'.
     at: open (core/io/resource_format_binary.cpp:1025)
     GDScript backtrace (most recent call first):
         [0] setup (res://scripts/greybox_arm_visual.gd:57)
         [1] set_visual_profile (res://scripts/player_arm_visual.gd:132)
         [2] setup (res://scripts/player_arm_visual.gd:36)
         [3] _add_character_arm (res://scripts/player.gd:2503)
         [4] _build_equipped_torch (res://scripts/player.gd:516)
         [5] _build_viewmodel (res://scripts/player.gd:371)
         [6] _ready (res://scripts/player.gd:306)
         [7] _spawn_player (res://scripts/game.gd:519)
         [8] _ready (res://scripts/game.gd:78)
         [9] _ready (res://scripts/test_room.gd:51)
WARNING: 'res://assets/3d/player/hands_detailed/left_hand_detailed.glb': In external resource #4, invalid UID: 'uid://ca83fge411pjy' - using text path instead: 'res://assets/3d/player/hands_detailed/left_hand_detailed_supplied_hand_roughness.png'.
     at: open (core/io/resource_format_binary.cpp:1025)
     GDScript backtrace (most recent call first):
         [0] setup (res://scripts/greybox_arm_visual.gd:57)
         [1] set_visual_profile (res://scripts/player_arm_visual.gd:132)
         [2] setup (res://scripts/player_arm_visual.gd:36)
         [3] _add_character_arm (res://scripts/player.gd:2503)
         [4] _build_equipped_torch (res://scripts/player.gd:516)
         [5] _build_viewmodel (res://scripts/player.gd:371)
         [6] _ready (res://scripts/player.gd:306)
         [7] _spawn_player (res://scripts/game.gd:519)
         [8] _ready (res://scripts/game.gd:78)
         [9] _ready (res://scripts/test_room.gd:51)
WARNING: 'res://assets/3d/player/hands_detailed/left_hand_detailed.glb': In external resource #5, invalid UID: 'uid://cl2lpb26x10rr' - using text path instead: 'res://assets/3d/player/hands_detailed/left_hand_detailed_supplied_hand_normal.png'.
     at: open (core/io/resource_format_binary.cpp:1025)
     GDScript backtrace (most recent call first):
         [0] setup (res://scripts/greybox_arm_visual.gd:57)
         [1] set_visual_profile (res://scripts/player_arm_visual.gd:132)
         [2] setup (res://scripts/player_arm_visual.gd:36)
         [3] _add_character_arm (res://scripts/player.gd:2503)
         [4] _build_equipped_torch (res://scripts/player.gd:516)
         [5] _build_viewmodel (res://scripts/player.gd:371)
         [6] _ready (res://scripts/player.gd:306)
         [7] _spawn_player (res://scripts/game.gd:519)
         [8] _ready (res://scripts/game.gd:78)
         [9] _ready (res://scripts/test_room.gd:51)
WARNING: 'res://assets/3d/player/hands_detailed/left_hand_detailed.glb': In external resource #3, invalid UID: 'uid://cnhahwnl7bb4j' - using text path instead: 'res://assets/3d/player/hands_detailed/left_hand_detailed_supplied_hand_basecolor.png'.
     at: open (core/io/resource_format_binary.cpp:1025)
     GDScript backtrace (most recent call first):
         [0] setup (res://scripts/greybox_arm_visual.gd:57)
         [1] set_visual_profile (res://scripts/player_arm_visual.gd:132)
         [2] setup (res://scripts/player_arm_visual.gd:36)
         [3] _add_character_arm (res://scripts/player.gd:2503)
         [4] _build_viewmodel (res://scripts/player.gd:375)
         [5] _ready (res://scripts/player.gd:306)
         [6] _spawn_player (res://scripts/game.gd:519)
         [7] _ready (res://scripts/game.gd:78)
         [8] _ready (res://scripts/test_room.gd:51)
WARNING: 'res://assets/3d/player/hands_detailed/left_hand_detailed.glb': In external resource #4, invalid UID: 'uid://ca83fge411pjy' - using text path instead: 'res://assets/3d/player/hands_detailed/left_hand_detailed_supplied_hand_roughness.png'.
     at: open (core/io/resource_format_binary.cpp:1025)
     GDScript backtrace (most recent call first):
         [0] setup (res://scripts/greybox_arm_visual.gd:57)
         [1] set_visual_profile (res://scripts/player_arm_visual.gd:132)
         [2] setup (res://scripts/player_arm_visual.gd:36)
         [3] _add_character_arm (res://scripts/player.gd:2503)
         [4] _build_viewmodel (res://scripts/player.gd:375)
         [5] _ready (res://scripts/player.gd:306)
         [6] _spawn_player (res://scripts/game.gd:519)
         [7] _ready (res://scripts/game.gd:78)
         [8] _ready (res://scripts/test_room.gd:51)
WARNING: 'res://assets/3d/player/hands_detailed/left_hand_detailed.glb': In external resource #5, invalid UID: 'uid://cl2lpb26x10rr' - using text path instead: 'res://assets/3d/player/hands_detailed/left_hand_detailed_supplied_hand_normal.png'.
     at: open (core/io/resource_format_binary.cpp:1025)
     GDScript backtrace (most recent call first):
         [0] setup (res://scripts/greybox_arm_visual.gd:57)
         [1] set_visual_profile (res://scripts/player_arm_visual.gd:132)
         [2] setup (res://scripts/player_arm_visual.gd:36)
         [3] _add_character_arm (res://scripts/player.gd:2503)
         [4] _build_viewmodel (res://scripts/player.gd:375)
         [5] _ready (res://scripts/player.gd:306)
         [6] _spawn_player (res://scripts/game.gd:519)
         [7] _ready (res://scripts/game.gd:78)
         [8] _ready (res://scripts/test_room.gd:51)
WARNING: 'res://assets/3d/player/hands_detailed/right_hand_detailed.glb': In external resource #3, invalid UID: 'uid://cu1eumo53ivs' - using text path instead: 'res://assets/3d/player/hands_detailed/right_hand_detailed_supplied_hand_basecolor.png'.
     at: open (core/io/resource_format_binary.cpp:1025)
     GDScript backtrace (most recent call first):
         [0] setup (res://scripts/greybox_arm_visual.gd:57)
         [1] set_visual_profile (res://scripts/player_arm_visual.gd:132)
         [2] setup (res://scripts/player_arm_visual.gd:36)
         [3] _add_character_arm (res://scripts/player.gd:2503)
         [4] _build_viewmodel (res://scripts/player.gd:377)
         [5] _ready (res://scripts/player.gd:306)
         [6] _spawn_player (res://scripts/game.gd:519)
         [7] _ready (res://scripts/game.gd:78)
         [8] _ready (res://scripts/test_room.gd:51)
WARNING: 'res://assets/3d/player/hands_detailed/right_hand_detailed.glb': In external resource #4, invalid UID: 'uid://cpiw2d3wy8jwl' - using text path instead: 'res://assets/3d/player/hands_detailed/right_hand_detailed_supplied_hand_roughness.png'.
     at: open (core/io/resource_format_binary.cpp:1025)
     GDScript backtrace (most recent call first):
         [0] setup (res://scripts/greybox_arm_visual.gd:57)
         [1] set_visual_profile (res://scripts/player_arm_visual.gd:132)
         [2] setup (res://scripts/player_arm_visual.gd:36)
         [3] _add_character_arm (res://scripts/player.gd:2503)
         [4] _build_viewmodel (res://scripts/player.gd:377)
         [5] _ready (res://scripts/player.gd:306)
         [6] _spawn_player (res://scripts/game.gd:519)
         [7] _ready (res://scripts/game.gd:78)
         [8] _ready (res://scripts/test_room.gd:51)
WARNING: 'res://assets/3d/player/hands_detailed/right_hand_detailed.glb': In external resource #5, invalid UID: 'uid://cvh246lgxjk3t' - using text path instead: 'res://assets/3d/player/hands_detailed/right_hand_detailed_supplied_hand_normal.png'.
     at: open (core/io/resource_format_binary.cpp:1025)
     GDScript backtrace (most recent call first):
         [0] setup (res://scripts/greybox_arm_visual.gd:57)
         [1] set_visual_profile (res://scripts/player_arm_visual.gd:132)
         [2] setup (res://scripts/player_arm_visual.gd:36)
         [3] _add_character_arm (res://scripts/player.gd:2503)
         [4] _build_viewmodel (res://scripts/player.gd:377)
         [5] _ready (res://scripts/player.gd:306)
         [6] _spawn_player (res://scripts/game.gd:519)
         [7] _ready (res://scripts/game.gd:78)
         [8] _ready (res://scripts/test_room.gd:51)
WARNING: 'res://assets/3d/player/hands_detailed/left_hand_detailed.glb': In external resource #3, invalid UID: 'uid://cnhahwnl7bb4j' - using text path instead: 'res://assets/3d/player/hands_detailed/left_hand_detailed_supplied_hand_basecolor.png'.
     at: open (core/io/resource_format_binary.cpp:1025)
     GDScript backtrace (most recent call first):
         [0] setup (res://scripts/greybox_arm_visual.gd:57)
         [1] set_visual_profile (res://scripts/player_arm_visual.gd:132)
         [2] setup (res://scripts/player_arm_visual.gd:36)
         [3] _build_hand (res://scripts/chest_hand_visuals.gd:128)
         [4] _ensure_built (res://scripts/chest_hand_visuals.gd:116)
         [5] setup (res://scripts/chest_hand_visuals.gd:26)
         [6] _build_viewmodel (res://scripts/player.gd:382)
         [7] _ready (res://scripts/player.gd:306)
         [8] _spawn_player (res://scripts/game.gd:519)
         [9] _ready (res://scripts/game.gd:78)
         [10] _ready (res://scripts/test_room.gd:51)
WARNING: 'res://assets/3d/player/hands_detailed/left_hand_detailed.glb': In external resource #4, invalid UID: 'uid://ca83fge411pjy' - using text path instead: 'res://assets/3d/player/hands_detailed/left_hand_detailed_supplied_hand_roughness.png'.
     at: open (core/io/resource_format_binary.cpp:1025)
     GDScript backtrace (most recent call first):
         [0] setup (res://scripts/greybox_arm_visual.gd:57)
         [1] set_visual_profile (res://scripts/player_arm_visual.gd:132)
         [2] setup (res://scripts/player_arm_visual.gd:36)
         [3] _build_hand (res://scripts/chest_hand_visuals.gd:128)
         [4] _ensure_built (res://scripts/chest_hand_visuals.gd:116)
         [5] setup (res://scripts/chest_hand_visuals.gd:26)
         [6] _build_viewmodel (res://scripts/player.gd:382)
         [7] _ready (res://scripts/player.gd:306)
         [8] _spawn_player (res://scripts/game.gd:519)
         [9] _ready (res://scripts/game.gd:78)
         [10] _ready (res://scripts/test_room.gd:51)
WARNING: 'res://assets/3d/player/hands_detailed/left_hand_detailed.glb': In external resource #5, invalid UID: 'uid://cl2lpb26x10rr' - using text path instead: 'res://assets/3d/player/hands_detailed/left_hand_detailed_supplied_hand_normal.png'.
     at: open (core/io/resource_format_binary.cpp:1025)
     GDScript backtrace (most recent call first):
         [0] setup (res://scripts/greybox_arm_visual.gd:57)
         [1] set_visual_profile (res://scripts/player_arm_visual.gd:132)
         [2] setup (res://scripts/player_arm_visual.gd:36)
         [3] _build_hand (res://scripts/chest_hand_visuals.gd:128)
         [4] _ensure_built (res://scripts/chest_hand_visuals.gd:116)
         [5] setup (res://scripts/chest_hand_visuals.gd:26)
         [6] _build_viewmodel (res://scripts/player.gd:382)
         [7] _ready (res://scripts/player.gd:306)
         [8] _spawn_player (res://scripts/game.gd:519)
         [9] _ready (res://scripts/game.gd:78)
         [10] _ready (res://scripts/test_room.gd:51)
WARNING: 'res://assets/3d/player/hands_detailed/right_hand_detailed.glb': In external resource #3, invalid UID: 'uid://cu1eumo53ivs' - using text path instead: 'res://assets/3d/player/hands_detailed/right_hand_detailed_supplied_hand_basecolor.png'.
     at: open (core/io/resource_format_binary.cpp:1025)
     GDScript backtrace (most recent call first):
         [0] setup (res://scripts/greybox_arm_visual.gd:57)
         [1] set_visual_profile (res://scripts/player_arm_visual.gd:132)
         [2] setup (res://scripts/player_arm_visual.gd:36)
         [3] _build_hand (res://scripts/chest_hand_visuals.gd:128)
         [4] _ensure_built (res://scripts/chest_hand_visuals.gd:117)
         [5] setup (res://scripts/chest_hand_visuals.gd:26)
         [6] _build_viewmodel (res://scripts/player.gd:382)
         [7] _ready (res://scripts/player.gd:306)
         [8] _spawn_player (res://scripts/game.gd:519)
         [9] _ready (res://scripts/game.gd:78)
         [10] _ready (res://scripts/test_room.gd:51)
WARNING: 'res://assets/3d/player/hands_detailed/right_hand_detailed.glb': In external resource #4, invalid UID: 'uid://cpiw2d3wy8jwl' - using text path instead: 'res://assets/3d/player/hands_detailed/right_hand_detailed_supplied_hand_roughness.png'.
     at: open (core/io/resource_format_binary.cpp:1025)
     GDScript backtrace (most recent call first):
         [0] setup (res://scripts/greybox_arm_visual.gd:57)
         [1] set_visual_profile (res://scripts/player_arm_visual.gd:132)
         [2] setup (res://scripts/player_arm_visual.gd:36)
         [3] _build_hand (res://scripts/chest_hand_visuals.gd:128)
         [4] _ensure_built (res://scripts/chest_hand_visuals.gd:117)
         [5] setup (res://scripts/chest_hand_visuals.gd:26)
         [6] _build_viewmodel (res://scripts/player.gd:382)
         [7] _ready (res://scripts/player.gd:306)
         [8] _spawn_player (res://scripts/game.gd:519)
         [9] _ready (res://scripts/game.gd:78)
         [10] _ready (res://scripts/test_room.gd:51)
WARNING: 'res://assets/3d/player/hands_detailed/right_hand_detailed.glb': In external resource #5, invalid UID: 'uid://cvh246lgxjk3t' - using text path instead: 'res://assets/3d/player/hands_detailed/right_hand_detailed_supplied_hand_normal.png'.
     at: open (core/io/resource_format_binary.cpp:1025)
     GDScript backtrace (most recent call first):
         [0] setup (res://scripts/greybox_arm_visual.gd:57)
         [1] set_visual_profile (res://scripts/player_arm_visual.gd:132)
         [2] setup (res://scripts/player_arm_visual.gd:36)
         [3] _build_hand (res://scripts/chest_hand_visuals.gd:128)
         [4] _ensure_built (res://scripts/chest_hand_visuals.gd:117)
         [5] setup (res://scripts/chest_hand_visuals.gd:26)
         [6] _build_viewmodel (res://scripts/player.gd:382)
         [7] _ready (res://scripts/player.gd:306)
         [8] _spawn_player (res://scripts/game.gd:519)
         [9] _ready (res://scripts/game.gd:78)
         [10] _ready (res://scripts/test_room.gd:51)
TEST ROOM PASS: catalog, actors, chest hands/equipment/repeat/cancellation, stress accumulation/recovery/perception/isolation, pause, camping, flail, archery, fixtures, results, reset, scene roundtrip and original session restoration
WARNING: 2 ObjectDB instances were leaked at exit (run with `--verbose` for details).
   at: cleanup (core/object/object.cpp:2535)

Headless validation: 1 passed, 0 failed.
